-2.261067374156580989e+00 2.650070756500101155e+00
-3.195678483766930089e+00 -1.503686110584048219e+00
-7.754676214228721776e-01 3.151811580531457935e+00
-4.766279007756239139e+00 -3.556740178945364761e+00
-3.167792373192829913e+00 1.230294992202201065e+00
-4.318658138964506676e+00 -1.377353856558294343e+00
-3.745997461287578378e+00 -2.990306005991214544e+00
-3.900762187551321425e+00 2.559034834023799831e+00
-4.684898376878133597e+00 -4.897298818592230596e+00
-1.069248415028121180e+00 -4.441304899742977597e+00
1.062710597013303726e+00 -3.308413979571853680e+00
1.597432758552720378e+00 5.139622675688846343e-01
2.754895753754042609e+00 3.909933947724841374e+00
2.784154780237732663e+00 1.260103042788134786e+00
3.284051264667653403e-01 -1.502655824286305286e+00
3.849087470728163929e+00 -1.115110225364377428e+00
3.708251227644154824e-01 4.585343748043127832e+00
4.431604299602450503e+00 -9.751032389417666479e-01
1.183096238392419952e+00 -3.169160764331730107e+00
8.504717157543428829e-01 -2.320216727447462546e+00
-4.035661974838836485e+00 -2.749206936151696645e+00
-6.494003013594351614e-02 -4.290173581567199079e+00
-9.138079268235479447e-01 -4.924743136795687093e+00
-1.030088429789826954e+00 -8.403025001398543026e-01
-4.834030399077388296e+00 1.172599447875994016e+00
-2.261067374156580989e+00 2.650070756500101155e+00
-3.195678483766930089e+00 -1.503686110584048219e+00
-7.754676214228721776e-01 3.151811580531457935e+00
-4.766279007756239139e+00 -3.556740178945364761e+00
-3.167792373192829913e+00 1.230294992202201065e+00
-4.318658138964506676e+00 -1.377353856558294343e+00
-3.745997461287578378e+00 -2.990306005991214544e+00
-3.900762187551321425e+00 2.559034834023799831e+00
-4.684898376878133597e+00 -4.897298818592230596e+00
-1.069248415028121180e+00 -4.441304899742977597e+00
2.957645389157766758e+00 -2.615403695277774165e+00
8.265158359012858558e-01 -3.215168116637248552e+00
1.501991294875065774e+00 -3.041246990050611387e+00
2.123308634007383677e+00 -3.183231760455841997e+00
4.171860457231280961e+00 -4.197022442067497749e+00
9.633549472685720705e-01 -4.854774951464457367e+00
1.555253590329898739e+00 -2.365455461175654861e+00
1.062710597013303726e+00 -3.308413979571853680e+00
1.183096238392419952e+00 -3.169160764331730107e+00
8.504717157543428829e-01 -2.320216727447462546e+00
4.143717577841046662e+00 8.050073654271368007e-01
2.930731720342093283e+00 6.714563053485829158e-01
4.213594375959165639e+00 8.241043540612582596e-01
2.911594313023857516e-01 1.342075800790702989e+00
3.634989173029802956e+00 -9.520198603668461601e-02
7.786595578873162227e-01 1.255438375902443671e+00
1.310364970214586977e+00 1.629057982961945150e+00
1.597432758552720378e+00 5.139622675688846343e-01
2.784154780237732663e+00 1.260103042788134786e+00
3.284051264667653403e-01 -1.502655824286305286e+00
3.849087470728163929e+00 -1.115110225364377428e+00
4.431604299602450503e+00 -9.751032389417666479e-01
1.990823025232913324e+00 2.828341035820601590e+00
2.683692763253640479e+00 4.976540741844811322e+00
1.525425947644493130e+00 1.876371897327488547e+00
1.071018636833942939e+00 3.065126106803281125e+00
1.714547894032747433e+00 4.395860932624083617e+00
3.226463451987988229e+00 3.516962177983878668e+00
2.494990325441350798e+00 3.802535798190660898e+00
2.754895753754042609e+00 3.909933947724841374e+00
3.708251227644154824e-01 4.585343748043127832e+00
-5.755088147678506516e-01 -1.882484704927150254e+00
-3.466041066614859112e+00 -3.232336742611318314e+00
-4.338558124504969804e+00 -4.417366802213423149e+00
-4.538188427291574456e+00 -4.757919722332936807e+00
-2.725448655928691899e+00 -3.424891531839070247e+00
-1.485939181694979627e+00 -2.580316827418010828e+00
-2.466917466510966772e+00 -1.814393478348378608e+00
-4.035661974838836485e+00 -2.749206936151696645e+00
-6.494003013594351614e-02 -4.290173581567199079e+00
-9.138079268235479447e-01 -4.924743136795687093e+00
-4.766279007756239139e+00 -3.556740178945364761e+00
-3.745997461287578378e+00 -2.990306005991214544e+00
-4.684898376878133597e+00 -4.897298818592230596e+00
-1.069248415028121180e+00 -4.441304899742977597e+00
-4.640125143963236276e+00 1.704427560910279915e-01
-3.029093256624105113e+00 1.108145152407946199e+00
-3.053906885273258709e+00 4.632232689678326132e-01
-4.405195205145003179e+00 7.404060727859129720e-01
-2.242783451184306553e+00 -1.140713421851276221e+00
-1.586574139483187817e+00 7.553346516909229535e-01
-4.083793649916942492e+00 6.664923118316252726e-01
-1.030088429789826954e+00 -8.403025001398543026e-01
-4.834030399077388296e+00 1.172599447875994016e+00
-3.195678483766930089e+00 -1.503686110584048219e+00
-3.167792373192829913e+00 1.230294992202201065e+00
-4.318658138964506676e+00 -1.377353856558294343e+00
-1.923777740362303312e+00 2.139220870946685338e+00
-2.974730314204592663e+00 3.124497797362863594e+00
-4.303634950002982684e+00 3.752418086003787678e+00
-1.885755074861029890e+00 2.721593092082522425e+00
-2.656663506982670953e+00 4.871783557560753763e+00
-2.781487606611650953e+00 2.677434227066678218e+00
-1.712987440162486052e+00 4.524758500408767148e+00
-2.261067374156580989e+00 2.650070756500101155e+00
-7.754676214228721776e-01 3.151811580531457935e+00
-3.900762187551321425e+00 2.559034834023799831e+00
3.046857239919836813e-01 -2.084152443293739942e+00
3.992584142012124637e+00 -3.906467276449173021e+00
4.887966602716915077e+00 -3.595872154241424923e+00
2.975796235440744120e+00 -4.193941024490229097e+00
4.763174286686687964e+00 -4.028465712518520370e+00
2.957645389157766758e+00 -2.615403695277774165e+00
8.265158359012858558e-01 -3.215168116637248552e+00
1.501991294875065774e+00 -3.041246990050611387e+00
2.123308634007383677e+00 -3.183231760455841997e+00
4.171860457231280961e+00 -4.197022442067497749e+00
9.633549472685720705e-01 -4.854774951464457367e+00
1.555253590329898739e+00 -2.365455461175654861e+00
1.062710597013303726e+00 -3.308413979571853680e+00
1.183096238392419952e+00 -3.169160764331730107e+00
8.504717157543428829e-01 -2.320216727447462546e+00
1.509325573249324481e+00 1.634143990424072879e+00
1.292640213760613221e+00 7.393377115093828778e-01
6.020378277264006872e-01 7.178832020481178411e-01
1.733026948284624336e+00 6.404190271543237500e-01
4.344752569635251804e-01 -4.543113321456173637e-01
2.911594313023857516e-01 1.342075800790702989e+00
7.786595578873162227e-01 1.255438375902443671e+00
1.310364970214586977e+00 1.629057982961945150e+00
1.597432758552720378e+00 5.139622675688846343e-01
3.284051264667653403e-01 -1.502655824286305286e+00
4.180090255544644862e+00 7.047129684404240813e-01
4.778640018303407899e+00 -4.390875088632375522e-01
3.584718030188205340e+00 -1.396705270078366201e+00
3.757418172446267413e+00 -6.596038580903254012e-01
2.670807223835142796e+00 2.039655328456593253e-01
4.143717577841046662e+00 8.050073654271368007e-01
2.930731720342093283e+00 6.714563053485829158e-01
4.213594375959165639e+00 8.241043540612582596e-01
3.634989173029802956e+00 -9.520198603668461601e-02
2.784154780237732663e+00 1.260103042788134786e+00
3.849087470728163929e+00 -1.115110225364377428e+00
4.431604299602450503e+00 -9.751032389417666479e-01
4.710802806517563890e-01 3.140594856166394777e+00
2.010065481329369685e+00 2.585235965500194411e+00
2.499528213316583702e+00 2.962662593414769230e+00
1.605398058865439070e+00 4.195966157809719377e+00
5.269327943230519562e-01 4.154771517392697788e+00
1.105925787354138379e+00 2.904625072391261220e+00
3.508269831139856909e-01 2.783094162437398822e+00
1.990823025232913324e+00 2.828341035820601590e+00
1.525425947644493130e+00 1.876371897327488547e+00
1.071018636833942939e+00 3.065126106803281125e+00
1.714547894032747433e+00 4.395860932624083617e+00
2.494990325441350798e+00 3.802535798190660898e+00
3.708251227644154824e-01 4.585343748043127832e+00
3.544730520287992626e+00 3.774015767071511984e+00
3.790956571581320489e+00 2.555371269725135175e+00
4.521408976722899098e+00 1.965225272040168392e+00
2.886532487134600089e+00 3.966578402055495722e+00
4.649993443964333117e+00 4.904715819350208506e+00
2.897290773133977648e+00 3.071259523727785989e+00
4.170423109591538946e+00 4.955946845986526128e+00
2.683692763253640479e+00 4.976540741844811322e+00
3.226463451987988229e+00 3.516962177983878668e+00
2.754895753754042609e+00 3.909933947724841374e+00
-4.987312599373209920e+00 -4.965519618059590634e+00
-4.453334857912323308e+00 -2.970749790757027498e+00
-4.080883704658011091e+00 -3.595875140582013074e+00
-3.787353608979585839e+00 -2.627646003803705721e+00
-2.919554816861342328e+00 -3.680232874323242420e+00
-3.062843439946047575e+00 -2.225917227645436647e+00
-3.148719017011337939e+00 -2.588784923059725962e+00
-3.466041066614859112e+00 -3.232336742611318314e+00
-4.338558124504969804e+00 -4.417366802213423149e+00
-4.538188427291574456e+00 -4.757919722332936807e+00
-2.725448655928691899e+00 -3.424891531839070247e+00
-4.035661974838836485e+00 -2.749206936151696645e+00
-4.766279007756239139e+00 -3.556740178945364761e+00
-3.745997461287578378e+00 -2.990306005991214544e+00
-4.684898376878133597e+00 -4.897298818592230596e+00
-2.413232698063328296e+00 -3.995217934046439989e+00
-3.882182030649712345e-01 -4.548148553958275997e+00
-7.680367180090097445e-01 -2.203729286269521470e+00
-9.439003197856230543e-01 -4.676394695040777982e+00
-1.256793876427044765e-01 -3.619274150379649502e+00
-1.801847387119456245e+00 -2.487311219980651522e+00
-2.259772190059702979e+00 -3.094947963494628418e+00
-5.755088147678506516e-01 -1.882484704927150254e+00
-1.485939181694979627e+00 -2.580316827418010828e+00
-2.466917466510966772e+00 -1.814393478348378608e+00
-6.494003013594351614e-02 -4.290173581567199079e+00
-9.138079268235479447e-01 -4.924743136795687093e+00
-1.069248415028121180e+00 -4.441304899742977597e+00
-3.546648818273847592e+00 1.039947429461363537e+00
-4.659154609684858173e+00 6.345999920568643482e-01
-3.825748314802055017e+00 -1.484689176405843636e+00
-3.681355356166614801e+00 2.587573786795325237e-01
-4.606360918365577817e+00 4.822136327634418684e-01
-4.806831281577670367e+00 2.687280265070588481e-01
-3.828371823933293783e+00 -6.305995175127523389e-01
-4.640125143963236276e+00 1.704427560910279915e-01
-4.405195205145003179e+00 7.404060727859129720e-01
-4.083793649916942492e+00 6.664923118316252726e-01
-4.834030399077388296e+00 1.172599447875994016e+00
-4.318658138964506676e+00 -1.377353856558294343e+00
-2.938938450793696422e+00 1.182738448559294664e+00
-2.125918872186203679e+00 1.620053010681146599e+00
-3.234938276983106764e+00 -1.013503778563471069e+00
-2.005793455828878358e+00 8.738051340790438104e-01
-2.182319869337673524e+00 1.008484621072443410e+00
-1.788564349637175033e+00 -1.404576363880240875e+00
-2.331926585907499572e+00 -1.186410686760692501e+00
-3.029093256624105113e+00 1.108145152407946199e+00
-3.053906885273258709e+00 4.632232689678326132e-01
-2.242783451184306553e+00 -1.140713421851276221e+00
-3.195678483766930089e+00 -1.503686110584048219e+00
-3.167792373192829913e+00 1.230294992202201065e+00
-7.721799747382549484e-01 -8.194866113109369188e-01
-1.183572998735221704e+00 8.027304585580052887e-02
-1.649927148833878032e+00 -3.061438570224050970e-02
-1.758094901432294410e-01 -5.901781851482783559e-01
-4.625590545903413009e-02 9.405719941379397930e-01
-1.137828775656912761e+00 -1.109453265478510309e+00
-5.563518919298493515e-02 -8.984488318829100262e-01
-1.586574139483187817e+00 7.553346516909229535e-01
-1.030088429789826954e+00 -8.403025001398543026e-01
-4.871589858136592177e+00 3.565283228666972448e+00
-3.851139233291481112e+00 2.655954076542158315e+00
-4.005777407604149687e+00 4.028627141336814432e+00
-4.724564259141784461e+00 3.623297933790865955e+00
-4.779027104557875383e+00 2.568547600338364489e+00
-4.750734938914390248e+00 2.686210626190971062e+00
-4.738238541394610870e+00 3.873335205431694295e+00
-4.303634950002982684e+00 3.752418086003787678e+00
-3.900762187551321425e+00 2.559034834023799831e+00
-3.244747629575821968e+00 4.988473570796793766e+00
-2.666173922967956411e+00 1.881468375151558403e+00
-1.668140954437507650e+00 1.714016691860611008e+00
-2.757316100593635078e+00 4.495799413064847982e+00
-3.134797584246075797e+00 2.551193467453902297e+00
-2.843329791400836637e+00 3.249182228523916027e+00
-2.330273679095214323e+00 2.112709745388074989e+00
-1.923777740362303312e+00 2.139220870946685338e+00
-2.974730314204592663e+00 3.124497797362863594e+00
-1.885755074861029890e+00 2.721593092082522425e+00
-2.656663506982670953e+00 4.871783557560753763e+00
-2.781487606611650953e+00 2.677434227066678218e+00
-1.712987440162486052e+00 4.524758500408767148e+00
-2.261067374156580989e+00 2.650070756500101155e+00
-1.210978972056397041e+00 2.459597314570398652e+00
-3.457011393373918828e-01 2.858182186123608304e+00
-5.115062119677906693e-01 2.360905236172564869e+00
-3.144403288926245210e-01 2.859477363450180221e+00
-9.329689751734102643e-01 3.048283892231853365e+00
-1.538861537691182058e+00 4.210755595133118590e+00
-1.644281463222362127e+00 4.139876631886442837e+00
-7.754676214228721776e-01 3.151811580531457935e+00
1.677695094754056093e+00 -4.948301152616266130e+00
3.577410288437371522e-01 -2.694159049130647965e+00
1.750141835530634182e+00 -2.225576200102723057e+00
1.216489298094198368e+00 -2.082082917727315241e+00
1.237704258527517753e+00 -2.604589533079237018e+00
1.978789450151935192e+00 -2.815930065386512027e+00
2.461835012918331067e+00 -4.452854670060458986e+00
3.046857239919836813e-01 -2.084152443293739942e+00
8.265158359012858558e-01 -3.215168116637248552e+00
1.501991294875065774e+00 -3.041246990050611387e+00
2.123308634007383677e+00 -3.183231760455841997e+00
9.633549472685720705e-01 -4.854774951464457367e+00
1.555253590329898739e+00 -2.365455461175654861e+00
1.062710597013303726e+00 -3.308413979571853680e+00
1.183096238392419952e+00 -3.169160764331730107e+00
8.504717157543428829e-01 -2.320216727447462546e+00
2.533252901688450187e+00 -3.797214063364048986e+00
3.750343204695965049e+00 -2.470018192475655461e+00
3.125765743773309069e+00 -4.458237530318218234e+00
3.375352639937115207e+00 -2.863224067739662981e+00
2.533177707441571336e+00 -3.019790225328587319e+00
3.347476848605926314e+00 -4.790457951326525077e+00
4.809217778139322164e+00 -2.828388371096945519e+00
3.992584142012124637e+00 -3.906467276449173021e+00
4.887966602716915077e+00 -3.595872154241424923e+00
2.975796235440744120e+00 -4.193941024490229097e+00
4.763174286686687964e+00 -4.028465712518520370e+00
2.957645389157766758e+00 -2.615403695277774165e+00
4.171860457231280961e+00 -4.197022442067497749e+00
1.547976405646753983e+00 -1.112358965627317176e+00
1.662335783592353344e+00 -3.828212973058358060e-01
9.510508353121099878e-01 -1.507522811908363458e+00
1.183444886248855354e+00 -8.076820725798631306e-01
1.330741105999284635e+00 -2.611143972030263161e-01
4.344752569635251804e-01 -4.543113321456173637e-01
3.284051264667653403e-01 -1.502655824286305286e+00
1.460158867534991245e+00 8.230479108024295609e-01
1.633931589549304508e+00 1.406535760277237923e+00
2.417181352849701703e+00 7.570567597543915728e-01
4.131857881652797881e-01 4.131467447827701367e-01
2.051854106914522191e+00 1.397097914644550354e+00
1.509325573249324481e+00 1.634143990424072879e+00
1.292640213760613221e+00 7.393377115093828778e-01
6.020378277264006872e-01 7.178832020481178411e-01
1.733026948284624336e+00 6.404190271543237500e-01
2.911594313023857516e-01 1.342075800790702989e+00
7.786595578873162227e-01 1.255438375902443671e+00
1.310364970214586977e+00 1.629057982961945150e+00
1.597432758552720378e+00 5.139622675688846343e-01
3.785154171853573501e+00 -1.276631753029814353e+00
4.214951649639764319e+00 -1.071494351951523871e+00
2.567325610551347559e+00 -1.638056305506655264e+00
3.083028983360736941e+00 -1.317081344743129101e+00
2.753207275710664703e+00 -6.247483401428146621e-01
2.920237532525294277e+00 -1.387451089090546485e+00
3.850682926281666418e+00 -1.614135417883101997e+00
4.778640018303407899e+00 -4.390875088632375522e-01
3.584718030188205340e+00 -1.396705270078366201e+00
3.757418172446267413e+00 -6.596038580903254012e-01
3.634989173029802956e+00 -9.520198603668461601e-02
3.849087470728163929e+00 -1.115110225364377428e+00
4.431604299602450503e+00 -9.751032389417666479e-01
3.126449906997739170e+00 1.308908702545368008e-01
2.522646427314413575e+00 1.431328764936424802e+00
4.650037733478837865e+00 1.628010268267650051e+00
3.485412802565202028e+00 3.258375244187428632e-01
2.577249565028086664e+00 3.671624818283542591e-01
4.779496195030871419e+00 9.264273789850892005e-01
4.467091051924309220e+00 2.405454734891079305e-01
4.180090255544644862e+00 7.047129684404240813e-01
2.670807223835142796e+00 2.039655328456593253e-01
4.143717577841046662e+00 8.050073654271368007e-01
2.930731720342093283e+00 6.714563053485829158e-01
4.213594375959165639e+00 8.241043540612582596e-01
2.784154780237732663e+00 1.260103042788134786e+00
4.044678342950938643e-01 2.220696025452558509e+00
1.351981884461864958e+00 2.275037046412890618e+00
3.913704850774635258e-01 1.735924550699422531e+00
1.198436042981601002e+00 2.711222155226221453e+00
1.233886815268156800e+00 2.252037709321597525e+00
2.109582421194428292e+00 2.531432125905161534e+00
1.314089937663472707e+00 2.685381442042404920e+00
7.604098177186660035e-01 2.332982710110282021e+00
1.191984518708002927e+00 2.201388872743541114e+00
8.090494744556081530e-01 2.085866208278473355e+00
2.010065481329369685e+00 2.585235965500194411e+00
1.525425947644493130e+00 1.876371897327488547e+00
1.482096269208584838e+00 2.973209090496351958e+00
1.223315041380687251e+00 3.149274786902417134e+00
2.152948160679496681e+00 3.102073088618898300e+00
1.683066403143723688e+00 3.745264662691636381e+00
2.037201977849361523e+00 3.768416711613683745e+00
5.754247751263097399e-01 3.510227494193522091e+00
9.390059614632504381e-01 3.136161695753056922e+00
1.724067999940288809e+00 3.516666117018310445e+00
1.981820318150278259e+00 3.228747604571863050e+00
5.514915055455549275e-01 2.933061326664918589e+00
4.710802806517563890e-01 3.140594856166394777e+00
2.499528213316583702e+00 2.962662593414769230e+00
1.105925787354138379e+00 2.904625072391261220e+00
3.508269831139856909e-01 2.783094162437398822e+00
1.990823025232913324e+00 2.828341035820601590e+00
1.071018636833942939e+00 3.065126106803281125e+00
2.494990325441350798e+00 3.802535798190660898e+00
1.374668346749926329e+00 4.520543871560088967e+00
7.853577534109104086e-01 4.628647051209626717e+00
1.775135888065715095e+00 4.600980112487242479e+00
1.581839317560160274e-01 4.280318506861231498e+00
8.070110368331260275e-01 3.989033152919151615e+00
1.185650504246640757e+00 4.375864660470034195e+00
1.340746283256762261e+00 4.664280078802152119e+00
2.108426721893740918e+00 4.507736125116816872e+00
1.960460704252372288e+00 4.916238075551425446e+00
9.882346880998085226e-01 4.031973118212603957e+00
1.605398058865439070e+00 4.195966157809719377e+00
5.269327943230519562e-01 4.154771517392697788e+00
1.714547894032747433e+00 4.395860932624083617e+00
3.708251227644154824e-01 4.585343748043127832e+00
4.589011719643178111e+00 1.851654291038835609e+00
4.405970307369488026e+00 2.164845458771315734e+00
4.342470767019822375e+00 2.588150201224544755e+00
2.943551736343901659e+00 3.262941268127562022e+00
3.897463950064400606e+00 1.887121680540003954e+00
3.544730520287992626e+00 3.774015767071511984e+00
3.790956571581320489e+00 2.555371269725135175e+00
4.521408976722899098e+00 1.965225272040168392e+00
2.886532487134600089e+00 3.966578402055495722e+00
4.649993443964333117e+00 4.904715819350208506e+00
2.897290773133977648e+00 3.071259523727785989e+00
4.170423109591538946e+00 4.955946845986526128e+00
2.683692763253640479e+00 4.976540741844811322e+00
3.226463451987988229e+00 3.516962177983878668e+00
2.754895753754042609e+00 3.909933947724841374e+00
-2.729170314692709987e+00 -4.793845449852934593e+00
-3.416249622172324862e+00 -3.940975617588335922e+00
-2.928921780665568964e+00 -3.541946913719387524e+00
-4.148960746251938225e+00 -3.475238858779879259e+00
-3.895229154248759151e+00 -4.716279423372387924e+00
-4.022774028383107492e+00 -4.302877647994019839e+00
-3.852959408761139848e+00 -4.549074762051051657e+00
-4.987312599373209920e+00 -4.965519618059590634e+00
-4.080883704658011091e+00 -3.595875140582013074e+00
-2.919554816861342328e+00 -3.680232874323242420e+00
-4.338558124504969804e+00 -4.417366802213423149e+00
-4.538188427291574456e+00 -4.757919722332936807e+00
-2.725448655928691899e+00 -3.424891531839070247e+00
-4.766279007756239139e+00 -3.556740178945364761e+00
-4.684898376878133597e+00 -4.897298818592230596e+00
-3.253259307974768255e+00 -2.377030675813715188e+00
-4.522728038792317662e+00 -2.066370799526581870e+00
-2.685876788517184366e+00 -2.556655264349354972e+00
-2.986621633524136676e+00 -2.650168929927578354e+00
-3.590580823386628317e+00 -3.024226111275219786e+00
-4.472403350505968156e+00 -1.836450576938713608e+00
-3.986182989030199408e+00 -1.953353626717688973e+00
-4.453334857912323308e+00 -2.970749790757027498e+00
-3.787353608979585839e+00 -2.627646003803705721e+00
-3.062843439946047575e+00 -2.225917227645436647e+00
-3.148719017011337939e+00 -2.588784923059725962e+00
-3.466041066614859112e+00 -3.232336742611318314e+00
-4.035661974838836485e+00 -2.749206936151696645e+00
-3.745997461287578378e+00 -2.990306005991214544e+00
-1.288244269846341661e+00 -4.710679302710927274e+00
-2.204665123937417093e-01 -4.842802352759750129e+00
-4.655698828488237240e-01 -4.200186270896940854e+00
-1.035130216602574205e+00 -4.405469898323919331e+00
-7.583518888208684583e-01 -4.332106085346262958e+00
-1.321225261219920233e+00 -4.357957658720593486e+00
-1.633180891568039028e+00 -3.911820513457162640e+00
-2.413232698063328296e+00 -3.995217934046439989e+00
-3.882182030649712345e-01 -4.548148553958275997e+00
-9.439003197856230543e-01 -4.676394695040777982e+00
-6.494003013594351614e-02 -4.290173581567199079e+00
-9.138079268235479447e-01 -4.924743136795687093e+00
-1.069248415028121180e+00 -4.441304899742977597e+00
-4.411464053246092476e-01 -2.927551484143078753e+00
-1.214650719161713965e-01 -3.630049474186235692e+00
-2.256050062513044629e+00 -3.564053230234156100e+00
-2.157822254089192260e+00 -3.249207220103063953e+00
-2.101432798766848631e+00 -3.821422022847754008e+00
-2.385567882874716883e+00 -3.315029322950502788e+00
-9.709916885849789736e-01 -2.819303328743109738e+00
-1.256793876427044765e-01 -3.619274150379649502e+00
-2.259772190059702979e+00 -3.094947963494628418e+00
-2.027041743248791050e+00 -2.443995046345220690e+00
-1.206402282335554688e-01 -2.719194921565853740e+00
-5.332957672599540899e-01 -2.241082386886235511e+00
-1.230648348699574957e+00 -2.443316794947874904e+00
-1.268019709543908302e+00 -2.623815092414577776e+00
-1.592728653291958896e+00 -2.132110235061642101e+00
-1.018643199832235169e+00 -2.346068691516238758e+00
-7.680367180090097445e-01 -2.203729286269521470e+00
-1.801847387119456245e+00 -2.487311219980651522e+00
-5.755088147678506516e-01 -1.882484704927150254e+00
-1.485939181694979627e+00 -2.580316827418010828e+00
-2.466917466510966772e+00 -1.814393478348378608e+00
-4.212733113990747569e+00 -1.176434371051754191e+00
-3.534657873530487660e+00 -1.254539326893483020e+00
-3.453320345997183516e+00 -5.888134151630683988e-01
-4.993251200778638044e+00 -1.415480762907549650e+00
-3.759770406394324027e+00 -1.168102841102777845e+00
-4.434467915714311204e+00 -6.649682059704487003e-01
-4.710918251288107150e+00 -9.478847036136790472e-01
-4.421617030028801132e+00 -6.630125954471304262e-01
-4.791448060767939943e+00 -1.068477010318796605e+00
-4.978898042479994679e+00 -1.590341743490806259e+00
-3.825748314802055017e+00 -1.484689176405843636e+00
-3.828371823933293783e+00 -6.305995175127523389e-01
-4.318658138964506676e+00 -1.377353856558294343e+00
-3.612965802721562092e+00 6.917317311929560564e-02
-4.865227268425698526e+00 -8.694497166485293249e-03
-4.040475614778476832e+00 -1.280012292508374006e-01
-3.561479626080256367e+00 3.484324286752259470e-01
-3.411460634700501870e+00 3.952847579862064364e-01
-3.858126701322150076e+00 4.965713716192270422e-01
-3.470238065817567996e+00 -2.193817953982110103e-01
-4.547787679670025618e+00 4.591218193591666275e-01
-4.518173052087306907e+00 -4.056078264650203602e-01
-4.491391616376986917e+00 4.797943366515815544e-01
-3.681355356166614801e+00 2.587573786795325237e-01
-4.606360918365577817e+00 4.822136327634418684e-01
-4.806831281577670367e+00 2.687280265070588481e-01
-4.640125143963236276e+00 1.704427560910279915e-01
-3.683047210964265794e+00 5.577858679509591910e-01
-4.251996477779234951e+00 1.621210066289803686e+00
-4.015780375533341662e+00 1.179658303766728311e+00
-3.473728135853614507e+00 6.726335026338611245e-01
-4.754807725202693014e+00 1.365734934311731763e+00
-3.977119010873186866e+00 1.585518982500443874e+00
-4.168907616165492769e+00 1.388690808864552206e+00
-4.514956265290450688e+00 1.294383797846447415e+00
-3.987478565238707695e+00 8.449206533086077719e-01
-3.864569941223772176e+00 1.406600255326627025e+00
-3.546648818273847592e+00 1.039947429461363537e+00
-4.659154609684858173e+00 6.345999920568643482e-01
-4.405195205145003179e+00 7.404060727859129720e-01
-4.083793649916942492e+00 6.664923118316252726e-01
-4.834030399077388296e+00 1.172599447875994016e+00
-1.370504201286989687e+00 -8.863856666481710889e-01
-2.471631078666225445e-01 -1.101268856444550970e+00
-4.938748382818232141e-01 -1.364507038724406263e+00
-1.644250763915716673e+00 -7.031729859384033832e-01
-1.507745037761282214e+00 -1.168825016035132780e+00
-1.358221786521148555e+00 -1.172335380907546742e+00
-6.988672129862578686e-01 -1.433231578001706641e+00
-7.721799747382549484e-01 -8.194866113109369188e-01
-1.758094901432294410e-01 -5.901781851482783559e-01
-1.137828775656912761e+00 -1.109453265478510309e+00
-5.563518919298493515e-02 -8.984488318829100262e-01
-1.030088429789826954e+00 -8.403025001398543026e-01
-3.810283546245356590e-01 3.973185221097885744e-01
-1.068838438861657192e+00 -5.182041771363538052e-01
-7.349613086861461753e-02 3.872555880223943481e-01
-1.971987063558855446e-02 4.448531496716381373e-01
-1.437770033749916410e+00 -4.883918664222174355e-01
-1.583524670192093309e+00 2.219115687900937717e-01
-2.816711380190421998e-01 5.513338467364610196e-01
-1.183572998735221704e+00 8.027304585580052887e-02
-1.649927148833878032e+00 -3.061438570224050970e-02
-1.885114948812220970e-01 1.573049480914636700e+00
-8.075221006462108830e-01 5.610591603827208562e-01
-5.176076854606916910e-01 1.336449810433183671e+00
-1.108094997403526794e+00 6.521803968522512651e-01
-7.696902377384552407e-01 1.591062136344001843e+00
-4.323077216612660756e-01 5.586021040137458815e-01
-4.078745946577684300e-01 1.333097254166007994e+00
-4.625590545903413009e-02 9.405719941379397930e-01
-1.586574139483187817e+00 7.553346516909229535e-01
-4.969874695254913100e+00 2.123908563134949912e+00
-4.232869776328432643e+00 2.591717476686125288e+00
-4.815827854962932086e+00 2.775460345655443639e+00
-4.093972580284185980e+00 2.616512421349106887e+00
-3.984303455233681568e+00 1.844772840521632151e+00
-4.108510724396313485e+00 2.524564441438352347e+00
-3.348797226962351381e+00 1.969922696153389108e+00
-3.851139233291481112e+00 2.655954076542158315e+00
-4.779027104557875383e+00 2.568547600338364489e+00
-4.750734938914390248e+00 2.686210626190971062e+00
-3.900762187551321425e+00 2.559034834023799831e+00
-4.166233484122240149e+00 3.527055977884443916e+00
-3.939241751248832912e+00 3.387802381987746081e+00
-4.604445413702823231e+00 2.786347207133016646e+00
-4.930006967213664382e+00 3.814664338808024358e+00
-4.807549247564198325e+00 3.549481135613124394e+00
-3.941587898387539646e+00 3.187185315832335331e+00
-4.020734070678138927e+00 3.402334771488397802e+00
-4.871589858136592177e+00 3.565283228666972448e+00
-4.724564259141784461e+00 3.623297933790865955e+00
-4.738238541394610870e+00 3.873335205431694295e+00
-4.303634950002982684e+00 3.752418086003787678e+00
-3.695934841180197328e+00 4.465015261473483044e+00
-4.313285018808153737e+00 4.391369790504605852e+00
-4.089660603938808592e+00 4.659231720593613346e+00
-4.254702123867790675e+00 4.755845688676786587e+00
-4.739782639760746541e+00 4.515682670759918693e+00
-4.746044618098355983e+00 4.000368947483364579e+00
-3.746533639078487354e+00 4.184371536311214612e+00
-4.005777407604149687e+00 4.028627141336814432e+00
-2.754544245711323391e+00 2.003659147750230130e+00
-1.892742976609662398e+00 2.352295183568995363e+00
-2.884489182557026687e+00 1.734924326459844401e+00
-2.577325952851810431e+00 2.609897097231141938e+00
-2.130538033593479597e+00 2.397282848384729714e+00
-1.766888770420826482e+00 2.100689307672828576e+00
-2.607722633291109204e+00 2.278615112224844363e+00
-2.666173922967956411e+00 1.881468375151558403e+00
-1.668140954437507650e+00 1.714016691860611008e+00
-3.134797584246075797e+00 2.551193467453902297e+00
-2.843329791400836637e+00 3.249182228523916027e+00
-2.330273679095214323e+00 2.112709745388074989e+00
-1.923777740362303312e+00 2.139220870946685338e+00
-2.974730314204592663e+00 3.124497797362863594e+00
-1.885755074861029890e+00 2.721593092082522425e+00
-2.781487606611650953e+00 2.677434227066678218e+00
-2.261067374156580989e+00 2.650070756500101155e+00
-1.866689660478685786e+00 4.569962657312362175e+00
-3.271691769042554210e+00 4.302516824774285986e+00
-2.778930563071013715e+00 4.925024968374644985e+00
-2.660424320298778511e+00 4.913720125997736332e+00
-2.396862197472755529e+00 3.738156776331591935e+00
-3.083790173358244679e+00 3.429512655293541101e+00
-2.423710747740363214e+00 4.931643866512968266e+00
-3.244747629575821968e+00 4.988473570796793766e+00
-2.757316100593635078e+00 4.495799413064847982e+00
-2.656663506982670953e+00 4.871783557560753763e+00
-1.712987440162486052e+00 4.524758500408767148e+00
-7.072064542175877655e-01 2.360319684786977845e+00
-1.314806803500541799e+00 1.810502363828829120e+00
-4.112645342612082366e-01 1.731386133212021949e+00
-6.160640491515974038e-01 1.792495829256960826e+00
-1.586904486516840462e+00 2.136209854962211718e+00
-1.461888100922990930e+00 1.969791310781998428e+00
-1.266288580843943912e+00 1.803707482860008815e+00
-1.210978972056397041e+00 2.459597314570398652e+00
-5.115062119677906693e-01 2.360905236172564869e+00
-1.473225033781815130e+00 3.680551416559692868e+00
-3.227449616285671397e-02 2.851250518148376933e+00
-2.292373341207984971e-01 3.372484997861850076e+00
-2.390773293293013690e-01 3.687517503568795707e+00
-9.252221328577293624e-01 3.697676393785823468e+00
-1.651277517762528291e-02 3.757403153275483909e+00
-1.081950929366097158e+00 3.622991039389496404e+00
-3.457011393373918828e-01 2.858182186123608304e+00
-3.144403288926245210e-01 2.859477363450180221e+00
-9.329689751734102643e-01 3.048283892231853365e+00
-7.754676214228721776e-01 3.151811580531457935e+00
-2.606493397905766951e-01 4.988246519605658236e+00
-1.145619701423053138e+00 4.680735148015074287e+00
-1.637195099224667327e+00 4.645517963948378792e+00
-9.473232326929980074e-01 4.552203775608669289e+00
-1.664542370640055058e+00 4.253723321473931840e+00
-1.202163643672742088e+00 3.909686665631199265e+00
-8.509243114913292994e-01 3.989547821992821763e+00
-1.538861537691182058e+00 4.210755595133118590e+00
-1.644281463222362127e+00 4.139876631886442837e+00
5.134022015782033765e-01 -3.569930819090579632e+00
1.284507176136281958e-01 -3.987791939340199043e+00
2.057257241195889375e+00 -4.503562940716332896e+00
9.289483127346337410e-01 -4.327550791333340641e+00
8.217721273266059834e-02 -4.514914975376783879e+00
1.726569842503093533e+00 -3.478604271590333141e+00
2.320401785396930538e+00 -4.702929093415521677e+00
1.218309975254161293e+00 -4.612493882261880174e+00
4.506989372969699703e-02 -3.630787336995645376e+00
7.097609489190279675e-01 -4.144347710506155025e+00
1.677695094754056093e+00 -4.948301152616266130e+00
2.461835012918331067e+00 -4.452854670060458986e+00
9.633549472685720705e-01 -4.854774951464457367e+00
4.704812107088190976e-01 -2.288766519189957549e+00
2.218308607078236960e+00 -3.106398228868803457e+00
6.219937666371275764e-01 -2.808864907661828614e+00
1.643245435092453244e+00 -2.990079280550533181e+00
2.450295655985479382e-03 -1.883764152134052683e+00
1.671733178757699001e+00 -2.372366262382215041e+00
1.231394133022800652e-01 -3.179414779771484678e+00
6.206049787691061415e-01 -2.459973588981237747e+00
8.707849491892662996e-01 -1.804196746114725913e+00
2.221041971516586777e+00 -3.148123883617543139e+00
3.577410288437371522e-01 -2.694159049130647965e+00
1.750141835530634182e+00 -2.225576200102723057e+00
1.216489298094198368e+00 -2.082082917727315241e+00
1.237704258527517753e+00 -2.604589533079237018e+00
1.978789450151935192e+00 -2.815930065386512027e+00
3.046857239919836813e-01 -2.084152443293739942e+00
8.265158359012858558e-01 -3.215168116637248552e+00
1.501991294875065774e+00 -3.041246990050611387e+00
2.123308634007383677e+00 -3.183231760455841997e+00
1.555253590329898739e+00 -2.365455461175654861e+00
1.062710597013303726e+00 -3.308413979571853680e+00
1.183096238392419952e+00 -3.169160764331730107e+00
8.504717157543428829e-01 -2.320216727447462546e+00
3.500110159404273169e+00 -3.651918117772567474e+00
3.625085689822305390e+00 -3.728040655362863554e+00
3.342616056795811197e+00 -3.865536753401634940e+00
4.984002411381008635e+00 -4.677597983380797686e+00
3.007470208394209088e+00 -4.168445477466684146e+00
3.994186456580045785e+00 -3.377825788520680383e+00
4.566806429335072082e+00 -4.236048942435795439e+00
2.533252901688450187e+00 -3.797214063364048986e+00
3.125765743773309069e+00 -4.458237530318218234e+00
3.347476848605926314e+00 -4.790457951326525077e+00
3.992584142012124637e+00 -3.906467276449173021e+00
4.887966602716915077e+00 -3.595872154241424923e+00
2.975796235440744120e+00 -4.193941024490229097e+00
4.763174286686687964e+00 -4.028465712518520370e+00
4.171860457231280961e+00 -4.197022442067497749e+00
4.551764114718340970e+00 -3.271328751824418291e+00
2.856419508155409126e+00 -2.256969971286316490e+00
4.159744940639149569e+00 -2.051877835714378762e+00
4.623193856768300414e+00 -2.396414930294217704e+00
3.200658332171322229e+00 -3.083392596203883063e+00
2.531957898026689691e+00 -2.387282426720021000e+00
3.100371320679891518e+00 -2.210265173707073316e+00
3.750343204695965049e+00 -2.470018192475655461e+00
3.375352639937115207e+00 -2.863224067739662981e+00
2.533177707441571336e+00 -3.019790225328587319e+00
4.809217778139322164e+00 -2.828388371096945519e+00
2.957645389157766758e+00 -2.615403695277774165e+00
9.717747342361231500e-01 -9.695854187302038740e-01
4.864166151088239465e-01 -1.145587580059513222e+00
6.863692774556827692e-01 -1.750812969637098870e-01
1.678341104524347371e-01 -4.079041719901823626e-01
1.077028448319787612e+00 -1.424926737023641810e+00
9.510508353121099878e-01 -1.507522811908363458e+00
1.183444886248855354e+00 -8.076820725798631306e-01
4.344752569635251804e-01 -4.543113321456173637e-01
3.284051264667653403e-01 -1.502655824286305286e+00
1.868486923222177021e+00 -4.827130445456593311e-01
1.572940952397375858e+00 -1.594950066648920028e+00
2.222293444891334957e+00 -5.398984373825828076e-01
1.451142795769862159e+00 -5.010288988335345195e-01
1.977071071914292544e+00 -1.260547544270727238e+00
1.547976405646753983e+00 -1.112358965627317176e+00
1.662335783592353344e+00 -3.828212973058358060e-01
1.330741105999284635e+00 -2.611143972030263161e-01
4.566268014775813899e-01 6.230857867226268221e-01
6.328307296813268090e-01 3.047282493879314644e-02
2.660241848876516713e-01 1.393350125842169884e+00
8.353721978506313262e-01 1.391454475522687639e-01
3.009347951663249310e-01 1.698676534456241560e-01
6.692276967040267088e-01 7.432979270273634143e-01
9.317756482059708079e-03 1.087568342347846828e+00
4.131857881652797881e-01 4.131467447827701367e-01
6.020378277264006872e-01 7.178832020481178411e-01
2.911594313023857516e-01 1.342075800790702989e+00
7.786595578873162227e-01 1.255438375902443671e+00
2.450479394963962498e+00 1.492966362590002039e+00
1.943455477497050943e+00 2.559290786412948826e-02
2.461118120827805456e+00 1.341224774254018981e-01
1.849014501086609474e+00 1.421972744996345961e+00
1.768501872502534322e+00 1.538155794512798380e+00
1.310432595500173436e+00 1.790949675590849388e-01
2.179486610621382159e+00 4.759550784740417262e-01
1.460158867534991245e+00 8.230479108024295609e-01
1.633931589549304508e+00 1.406535760277237923e+00
2.417181352849701703e+00 7.570567597543915728e-01
2.051854106914522191e+00 1.397097914644550354e+00
1.509325573249324481e+00 1.634143990424072879e+00
1.292640213760613221e+00 7.393377115093828778e-01
1.733026948284624336e+00 6.404190271543237500e-01
1.310364970214586977e+00 1.629057982961945150e+00
1.597432758552720378e+00 5.139622675688846343e-01
3.627030788069324885e+00 -8.552483582210052004e-01
3.331032769592751741e+00 -6.667396646170198338e-02
2.531798055568663663e+00 -1.459120768226589426e-01
3.076137237712680772e+00 -3.434002332469903163e-01
3.371400332712995329e+00 -7.841298026451524183e-01
3.005875797931904181e+00 -1.395480828720051525e+00
3.256211487556702089e+00 -5.467802436491520091e-02
2.567325610551347559e+00 -1.638056305506655264e+00
3.083028983360736941e+00 -1.317081344743129101e+00
2.753207275710664703e+00 -6.247483401428146621e-01
2.920237532525294277e+00 -1.387451089090546485e+00
3.584718030188205340e+00 -1.396705270078366201e+00
3.634989173029802956e+00 -9.520198603668461601e-02
4.177032593762149304e+00 -1.151517259616607003e+00
4.087698055244307405e+00 -8.864890883970703017e-01
4.381136771537696539e+00 -8.449638103022338864e-01
4.340568935533336337e+00 -1.082008664572523315e+00
4.349540476792697064e+00 -3.174085091308447293e-01
4.740990048145853564e+00 -1.558701908499287025e-01
4.218657790788840067e+00 -2.603013941732117420e-01
3.785154171853573501e+00 -1.276631753029814353e+00
4.214951649639764319e+00 -1.071494351951523871e+00
3.850682926281666418e+00 -1.614135417883101997e+00
4.778640018303407899e+00 -4.390875088632375522e-01
3.757418172446267413e+00 -6.596038580903254012e-01
3.849087470728163929e+00 -1.115110225364377428e+00
4.431604299602450503e+00 -9.751032389417666479e-01
3.744009117692501665e+00 1.642888120748806635e+00
2.896694664122825724e+00 1.443175593705051885e+00
3.342275916625735199e+00 3.752939203155881143e-01
2.797518152798222690e+00 4.274984579402162366e-01
2.846803961456783938e+00 1.127257032816718629e+00
2.538881492495970615e+00 4.730377163536687024e-01
3.332769973409979603e+00 8.232834009131330122e-01
3.126449906997739170e+00 1.308908702545368008e-01
2.522646427314413575e+00 1.431328764936424802e+00
3.485412802565202028e+00 3.258375244187428632e-01
2.577249565028086664e+00 3.671624818283542591e-01
2.670807223835142796e+00 2.039655328456593253e-01
2.930731720342093283e+00 6.714563053485829158e-01
2.784154780237732663e+00 1.260103042788134786e+00
4.523816274991993680e+00 8.917065607249379244e-01
3.992622975908767913e+00 1.589672691813077021e+00
4.893205428572474425e+00 1.613649336403503998e-01
4.815219396750282321e+00 1.242304684835769280e+00
4.191319740583509201e+00 1.592104124276120025e+00
4.707332895375700765e+00 1.666656508333648201e+00
4.946167792222238901e+00 1.616874109124600278e-01
4.650037733478837865e+00 1.628010268267650051e+00
4.779496195030871419e+00 9.264273789850892005e-01
4.467091051924309220e+00 2.405454734891079305e-01
4.180090255544644862e+00 7.047129684404240813e-01
4.143717577841046662e+00 8.050073654271368007e-01
4.213594375959165639e+00 8.241043540612582596e-01
1.937038854574499314e-01 1.709989493705978303e+00
7.049950606906718598e-01 1.766277793436410892e+00
7.460609236150380630e-01 2.691150291663082506e+00
4.168908594746982381e-03 1.777183303860736308e+00
3.718603213726033307e-01 2.105016660316263888e+00
1.174613644553955949e-01 2.129616629819186979e+00
1.765440789188972293e-01 2.114196897816712717e+00
6.831725374062791456e-02 2.747728703993532307e+00
5.462671192678966170e-01 2.658882592460177108e+00
4.699270367473606935e-01 2.089507930410661629e+00
4.044678342950938643e-01 2.220696025452558509e+00
3.913704850774635258e-01 1.735924550699422531e+00
7.604098177186660035e-01 2.332982710110282021e+00
8.090494744556081530e-01 2.085866208278473355e+00
9.490247303473370311e-01 2.096138432875368718e+00
1.337122956516102690e+00 2.163217202551821927e+00
9.803855543870019229e-01 1.699918877640339332e+00
1.316893402807815416e+00 2.035656540139988646e+00
8.998824616460486814e-01 2.712830379202119779e+00
1.283453059395664342e+00 2.410903347841976796e+00
1.319461828984155982e+00 2.766526413542017337e+00
9.349301610560378784e-01 2.232023105416371500e+00
1.473567789705772402e+00 2.151298117593770431e+00
9.088054633729177878e-01 1.808671280406148885e+00
1.351981884461864958e+00 2.275037046412890618e+00
1.198436042981601002e+00 2.711222155226221453e+00
1.233886815268156800e+00 2.252037709321597525e+00
1.314089937663472707e+00 2.685381442042404920e+00
1.191984518708002927e+00 2.201388872743541114e+00
1.525425947644493130e+00 1.876371897327488547e+00
1.995918266544440822e+00 1.983024421286446737e+00
2.469539555818715648e+00 2.434052136302478964e+00
1.998645087547849197e+00 2.067199674944138810e+00
2.268682369329619863e+00 2.540243160753892226e+00
1.717076397122454079e+00 2.347301371772153811e+00
2.120311319511820169e+00 2.107125129390768237e+00
1.984472074307171097e+00 1.798317295789574555e+00
1.766218432170243435e+00 2.129170735202992049e+00
2.352936889877352389e+00 1.854666680088008945e+00
2.060054063241405942e+00 2.399733345719097688e+00
2.109582421194428292e+00 2.531432125905161534e+00
2.010065481329369685e+00 2.585235965500194411e+00
6.598720783318394734e-01 3.502380147582284664e+00
8.836382054364865235e-01 3.486943885759142603e+00
5.643360565201099854e-01 3.558710569388839229e+00
4.260378492124669569e-01 3.369122877601798738e+00
5.701782126862193767e-01 2.863060011575186081e+00
4.915110032226180370e-02 3.610179518933661402e+00
3.990396625441690048e-01 3.313359209049838050e+00
4.229669103632178739e-01 3.705923496925228822e+00
9.578665183975020314e-01 3.610614682922928864e+00
7.287504463935889909e-03 2.805086392449969157e+00
1.223315041380687251e+00 3.149274786902417134e+00
5.754247751263097399e-01 3.510227494193522091e+00
9.390059614632504381e-01 3.136161695753056922e+00
5.514915055455549275e-01 2.933061326664918589e+00
4.710802806517563890e-01 3.140594856166394777e+00
1.105925787354138379e+00 2.904625072391261220e+00
3.508269831139856909e-01 2.783094162437398822e+00
1.071018636833942939e+00 3.065126106803281125e+00
2.228096386606609691e+00 3.727919788378542876e+00
1.331528399409918295e+00 2.851587508932431625e+00
1.465434266159512333e+00 2.868705423811400923e+00
2.066830117181273074e+00 3.627152830779119430e+00
2.412283296551684941e+00 3.254370315439252703e+00
1.514698897483501172e+00 3.220709092799261875e+00
1.669302318274116903e+00 2.804779266635110346e+00
1.379023078845757588e+00 3.428634711258886192e+00
2.191562898150962724e+00 3.808733890384135456e+00
1.910635742269180426e+00 2.987671970885927397e+00
1.482096269208584838e+00 2.973209090496351958e+00
2.152948160679496681e+00 3.102073088618898300e+00
1.683066403143723688e+00 3.745264662691636381e+00
2.037201977849361523e+00 3.768416711613683745e+00
1.724067999940288809e+00 3.516666117018310445e+00
1.981820318150278259e+00 3.228747604571863050e+00
2.499528213316583702e+00 2.962662593414769230e+00
1.990823025232913324e+00 2.828341035820601590e+00
2.494990325441350798e+00 3.802535798190660898e+00
1.472693947531457381e-01 4.357805738406010043e+00
6.259105017091883827e-01 4.120719865529802739e+00
8.613211146542838481e-01 4.739591004697429888e+00
1.450750451068988367e-03 4.309528693831691015e+00
7.878545228820100776e-01 4.736885423937921225e+00
1.988496259613921346e-01 4.267045074882508615e+00
3.047678132861346700e-01 4.367020036861948284e+00
7.853577534109104086e-01 4.628647051209626717e+00
1.581839317560160274e-01 4.280318506861231498e+00
8.070110368331260275e-01 3.989033152919151615e+00
1.185650504246640757e+00 4.375864660470034195e+00
9.882346880998085226e-01 4.031973118212603957e+00
5.269327943230519562e-01 4.154771517392697788e+00
3.708251227644154824e-01 4.585343748043127832e+00
1.315225430645114102e+00 4.835627921643773419e+00
2.234599869160431407e+00 3.906550928351777419e+00
1.622808695636127618e+00 4.594387273593265597e+00
1.523354338136258868e+00 4.805004193176914740e+00
1.902622337960790944e+00 4.560536631258423235e+00
1.702971576256607777e+00 3.949988236232815364e+00
2.347027291101142055e+00 4.796553705870829631e+00
1.374668346749926329e+00 4.520543871560088967e+00
1.775135888065715095e+00 4.600980112487242479e+00
1.340746283256762261e+00 4.664280078802152119e+00
2.108426721893740918e+00 4.507736125116816872e+00
1.960460704252372288e+00 4.916238075551425446e+00
1.605398058865439070e+00 4.195966157809719377e+00
1.714547894032747433e+00 4.395860932624083617e+00
4.133740757039046088e+00 2.655159795625671837e+00
3.447871942513163201e+00 4.638397996178355243e+00
3.253531013917422499e+00 4.150980367321764675e+00
3.103298889193097931e+00 3.883908194952378157e+00
2.541313101001402508e+00 2.797298189663684376e+00
4.589011719643178111e+00 1.851654291038835609e+00
4.405970307369488026e+00 2.164845458771315734e+00
4.342470767019822375e+00 2.588150201224544755e+00
2.943551736343901659e+00 3.262941268127562022e+00
3.897463950064400606e+00 1.887121680540003954e+00
3.544730520287992626e+00 3.774015767071511984e+00
3.790956571581320489e+00 2.555371269725135175e+00
4.521408976722899098e+00 1.965225272040168392e+00
2.886532487134600089e+00 3.966578402055495722e+00
4.649993443964333117e+00 4.904715819350208506e+00
2.897290773133977648e+00 3.071259523727785989e+00
4.170423109591538946e+00 4.955946845986526128e+00
2.683692763253640479e+00 4.976540741844811322e+00
3.226463451987988229e+00 3.516962177983878668e+00
2.754895753754042609e+00 3.909933947724841374e+00
-4.177972249044762165e+00 -2.028493151499263014e+00
-3.967077675457529651e+00 -2.189221514726386708e+00
-4.773247273082434461e+00 -1.947099967634776663e+00
-3.782202008238606084e+00 -3.182738453925182398e+00
-4.724765819219939544e+00 -2.861998161823250619e+00
-4.939664977995018802e+00 -1.754985811569550913e+00
-4.287545516869407436e+00 -2.947205185837064256e+00
-4.522728038792317662e+00 -2.066370799526581870e+00
-4.472403350505968156e+00 -1.836450576938713608e+00
-3.986182989030199408e+00 -1.953353626717688973e+00
-4.453334857912323308e+00 -2.970749790757027498e+00
-3.787353608979585839e+00 -2.627646003803705721e+00
-4.035661974838836485e+00 -2.749206936151696645e+00
-3.677455291231822798e+00 -2.946153759384295689e+00
-2.830534581175652153e+00 -2.690732053688264180e+00
-3.511607895836276416e+00 -3.045547747637804559e+00
-2.697617567936792415e+00 -1.725537345496271247e+00
-3.695187334964376902e+00 -3.212873648127972270e+00
-2.682948475173947855e+00 -1.869910052056426242e+00
-3.444427297126793963e+00 -2.044020470725737226e+00
-3.253259307974768255e+00 -2.377030675813715188e+00
-2.685876788517184366e+00 -2.556655264349354972e+00
-2.986621633524136676e+00 -2.650168929927578354e+00
-3.590580823386628317e+00 -3.024226111275219786e+00
-3.062843439946047575e+00 -2.225917227645436647e+00
-3.148719017011337939e+00 -2.588784923059725962e+00
-3.466041066614859112e+00 -3.232336742611318314e+00
-3.745997461287578378e+00 -2.990306005991214544e+00
-1.891794951657435497e+00 -4.557208635474805369e+00
-2.299136172639338671e+00 -4.728214621674643681e+00
-1.964344202703909747e+00 -4.169027010478986384e+00
-1.435904089319250954e+00 -4.874408465348825992e+00
-2.140907881870919738e+00 -4.107507267653683236e+00
-1.993356227950487725e+00 -4.363688386035226685e+00
-1.577893947251542750e+00 -4.009359152902588264e+00
-1.288244269846341661e+00 -4.710679302710927274e+00
-1.321225261219920233e+00 -4.357957658720593486e+00
-1.633180891568039028e+00 -3.911820513457162640e+00
-2.413232698063328296e+00 -3.995217934046439989e+00
-7.852258141852562767e-01 -3.927820488555115563e+00
-1.117637121992544946e+00 -4.358710900382878783e+00
-1.075437353091373005e+00 -4.521660417883027527e+00
-5.453746710996145719e-01 -4.782114396516970345e+00
-2.314947493528642930e-01 -4.667721182836716665e+00
-5.017698063306658129e-01 -4.704478973176967393e+00
-5.848354790686762783e-01 -3.934693921068736167e+00
-2.204665123937417093e-01 -4.842802352759750129e+00
-4.655698828488237240e-01 -4.200186270896940854e+00
-1.035130216602574205e+00 -4.405469898323919331e+00
-7.583518888208684583e-01 -4.332106085346262958e+00
-3.882182030649712345e-01 -4.548148553958275997e+00
-9.439003197856230543e-01 -4.676394695040777982e+00
-6.494003013594351614e-02 -4.290173581567199079e+00
-9.138079268235479447e-01 -4.924743136795687093e+00
-1.069248415028121180e+00 -4.441304899742977597e+00
-2.070257999807657345e+00 -3.000807087057770328e+00
-1.720661285784908401e+00 -3.156722663764711445e+00
-1.731038909338454168e+00 -3.484463410086903856e+00
-2.405170184489163088e+00 -3.224193250102152408e+00
-1.736893376250717935e+00 -3.504745364796435503e+00
-2.020452596946152646e+00 -3.679034639669369611e+00
-2.377500763195712352e+00 -3.225149265296339163e+00
-2.256050062513044629e+00 -3.564053230234156100e+00
-2.157822254089192260e+00 -3.249207220103063953e+00
-2.101432798766848631e+00 -3.821422022847754008e+00
-2.385567882874716883e+00 -3.315029322950502788e+00
-2.259772190059702979e+00 -3.094947963494628418e+00
-1.504189065406828840e+00 -3.236825953956202984e+00
-1.479016494867424925e+00 -3.640446550475849641e+00
-1.461716369497283230e+00 -3.676836112192160222e+00
-1.083971093538088626e+00 -3.708176404249737601e+00
-1.013351901439929925e+00 -3.180190412062282590e+00
-9.985856100610482899e-01 -3.223982654772350021e+00
-1.194325231950152943e+00 -3.283360276511180231e+00
-9.709916885849789736e-01 -2.819303328743109738e+00
-6.676052367236513518e-01 -3.714308254298587020e+00
-7.000085966013451788e-01 -3.659241469262713764e+00
-2.055956815046248165e-01 -3.169625062710143659e+00
-3.942313090544427023e-01 -3.371066169763008880e+00
-2.279154694502545375e-01 -3.572496195446730471e+00
-4.662354514141653361e-02 -3.397660124982868624e+00
-2.194655420599387341e-01 -2.956942277065567559e+00
-4.411464053246092476e-01 -2.927551484143078753e+00
-1.214650719161713965e-01 -3.630049474186235692e+00
-1.256793876427044765e-01 -3.619274150379649502e+00
-2.384983318819592135e+00 -1.897966818571810155e+00
-2.174706202766867325e+00 -2.568090282239606115e+00
-1.763199954066338559e+00 -1.785190213975615281e+00
-2.099088582531961400e+00 -2.651718360547465902e+00
-2.213881651554610475e+00 -2.662984300932056403e+00
-1.826520737797040939e+00 -1.847756416083177644e+00
-1.874420928929016128e+00 -2.620339068958350559e+00
-2.091446864453289756e+00 -1.796174069309289134e+00
-1.983671385448385394e+00 -2.272599210455410024e+00
-2.366853171592882443e+00 -1.767541127075208829e+00
-2.027041743248791050e+00 -2.443995046345220690e+00
-1.801847387119456245e+00 -2.487311219980651522e+00
-2.466917466510966772e+00 -1.814393478348378608e+00
-1.079636237972168900e+00 -2.010471507871324448e+00
-1.174025143961328066e+00 -2.432259216779594002e+00
-8.691571676297936699e-01 -2.267993447837626242e+00
-1.437338755407787216e+00 -2.669725722096994325e+00
-1.162090440047166773e+00 -2.583872704206721327e+00
-1.051309600054586957e+00 -2.303540563937693353e+00
-1.262230836034470283e+00 -2.359604214122491772e+00
-1.122834207053029054e+00 -2.045589382865087291e+00
-1.230921207599644518e+00 -2.034505201166230570e+00
-1.086675378878233067e+00 -2.618247272038154883e+00
-1.230648348699574957e+00 -2.443316794947874904e+00
-1.268019709543908302e+00 -2.623815092414577776e+00
-1.592728653291958896e+00 -2.132110235061642101e+00
-1.018643199832235169e+00 -2.346068691516238758e+00
-1.485939181694979627e+00 -2.580316827418010828e+00
-4.238857038079109629e-01 -2.409444870816827677e+00
-5.865733313886674072e-01 -2.070358427519640276e+00
-1.484254630083031712e-01 -2.272994429608810041e+00
-2.225732895712581039e-01 -2.079907880360471140e+00
-4.040466988277395810e-01 -1.876223305980757372e+00
-2.522148196800904074e-01 -2.650748855353974420e+00
-2.600600358410313229e-01 -1.964310467022145179e+00
-1.624391655473103047e-01 -2.334025472582887062e+00
-7.743686666210910508e-01 -1.738872664111623223e+00
-7.009682209404930475e-01 -1.778067039962579976e+00
-1.206402282335554688e-01 -2.719194921565853740e+00
-5.332957672599540899e-01 -2.241082386886235511e+00
-7.680367180090097445e-01 -2.203729286269521470e+00
-5.755088147678506516e-01 -1.882484704927150254e+00
-1.531177540098675571e+00 -9.526224658833299941e-01
-1.603825097641589981e+00 -5.959018221720495667e-01
-1.033051701470903971e+00 -1.186183726776697700e+00
-1.034844525238556079e+00 -1.036563793491486196e+00
-1.519378788899541144e+00 -1.143768175263777831e+00
-1.068362983779413522e+00 -1.482379362774915998e+00
-9.436445395843656714e-01 -1.633808937851527920e+00
-1.370504201286989687e+00 -8.863856666481710889e-01
-1.644250763915716673e+00 -7.031729859384033832e-01
-1.507745037761282214e+00 -1.168825016035132780e+00
-1.358221786521148555e+00 -1.172335380907546742e+00
-1.137828775656912761e+00 -1.109453265478510309e+00
-1.030088429789826954e+00 -8.403025001398543026e-01
-7.360910984306978655e-01 -8.049618611976857574e-01
-5.842370162083324603e-01 -1.452995916453283964e+00
-1.539008546248203935e-01 -1.512731038891017121e+00
-3.849432619576174108e-01 -8.487161580218941515e-01
-3.754507791364202762e-01 -7.582046680565112107e-01
-3.451056388425418620e-01 -6.127196929856015828e-01
-3.187500551340689547e-01 -1.526152657958423919e+00
-2.471631078666225445e-01 -1.101268856444550970e+00
-4.938748382818232141e-01 -1.364507038724406263e+00
-6.988672129862578686e-01 -1.433231578001706641e+00
-7.721799747382549484e-01 -8.194866113109369188e-01
-1.758094901432294410e-01 -5.901781851482783559e-01
-5.563518919298493515e-02 -8.984488318829100262e-01
-1.225041456719805133e+00 5.211450054596067361e-01
-1.379476324207448812e+00 -1.408492564505254840e-01
-1.209309718244582221e+00 -5.453641117591018217e-01
-1.458684470765901686e+00 -2.403940456537033699e-01
-1.228996732020761762e+00 -4.688308879149102326e-01
-1.440468479601643814e+00 8.504524639015298426e-03
-1.617816158104423474e+00 3.105583884571484488e-01
-1.437770033749916410e+00 -4.883918664222174355e-01
-1.583524670192093309e+00 2.219115687900937717e-01
-1.183572998735221704e+00 8.027304585580052887e-02
-1.649927148833878032e+00 -3.061438570224050970e-02
-1.008032670466580516e+00 -2.058998678612123379e-01
-6.320206088284945345e-01 -3.634524861254073702e-01
-8.348207480404090663e-01 4.443751309162382590e-01
-9.308707523161919850e-01 1.114435161214841763e-01
-6.782779549035945488e-01 -1.828159901928020914e-01
-5.922464220495274878e-01 2.501449422514442356e-01
-6.855954682322844551e-01 -2.080393759603347270e-01
-1.068838438861657192e+00 -5.182041771363538052e-01
-3.347823951633218109e-01 3.997865740036160576e-01
-4.337661772203887933e-01 -2.123950982962974909e-01
-2.839309359078545647e-02 2.379919334346813908e-02
-2.543557952475790085e-01 -3.348330800129864504e-01
-4.083691288022598398e-01 4.380418662091625226e-01
-6.156783886682454243e-02 -1.024751115690319403e-01
-2.887278224279890004e-01 -3.564707307068754050e-01
-3.810283546245356590e-01 3.973185221097885744e-01
-7.349613086861461753e-02 3.872555880223943481e-01
-1.971987063558855446e-02 4.448531496716381373e-01
-2.816711380190421998e-01 5.513338467364610196e-01
-1.320517077008112494e+00 1.104137103569455824e+00
-1.337572883920035816e+00 1.650006938184811034e+00
-1.255460416809493829e+00 8.094032146270236927e-01
-1.550951272047171869e+00 1.663335509160660974e+00
-1.420764819745512053e+00 1.087736041641846896e+00
-1.320264509008810094e+00 1.428788529690086406e+00
-1.464153006954027836e+00 1.450022608541299940e+00
-1.586574139483187817e+00 7.553346516909229535e-01
-1.099479593002594680e+00 1.040810003017492047e+00
-1.035935439454361395e+00 1.338870234529060621e+00
-7.287669046605675938e-01 1.436540670508474005e+00
-6.824719818237399149e-01 1.093002568549578779e+00
-7.395724836346089237e-01 5.639606474816929449e-01
-1.029342385947005889e+00 1.129497956699223371e+00
-7.326877860146310262e-01 9.011221086566718608e-01
-8.075221006462108830e-01 5.610591603827208562e-01
-1.108094997403526794e+00 6.521803968522512651e-01
-7.696902377384552407e-01 1.591062136344001843e+00
-3.384820256352270018e-01 7.903165826746570977e-01
-5.137836896215401961e-01 1.522944576939152306e+00
-3.125267586135298536e-01 9.081098848419528746e-01
-3.523059900114514642e-01 1.439486061843239684e+00
-4.243594847491606314e-01 1.401170993687240518e+00
-5.419797811353144201e-01 1.368800897944852712e+00
-1.865146863960401302e-01 1.104054925828898526e+00
-1.885114948812220970e-01 1.573049480914636700e+00
-5.176076854606916910e-01 1.336449810433183671e+00
-4.323077216612660756e-01 5.586021040137458815e-01
-4.078745946577684300e-01 1.333097254166007994e+00
-4.625590545903413009e-02 9.405719941379397930e-01
-2.900927506516741694e+00 4.916855892657141069e+00
-2.845216067506533886e+00 4.044866183622978895e+00
-3.212682860895189840e+00 3.598468143499835126e+00
-3.185863823065642197e+00 3.769900153134860599e+00
-2.955354906354244804e+00 4.160748344858239633e+00
-2.956444584467711412e+00 4.030525566541897753e+00
-3.174372984606063319e+00 4.638452721667842837e+00
-3.271691769042554210e+00 4.302516824774285986e+00
-2.778930563071013715e+00 4.925024968374644985e+00
-3.083790173358244679e+00 3.429512655293541101e+00
-3.244747629575821968e+00 4.988473570796793766e+00
-2.548568285512920362e+00 4.115843327108382965e+00
-2.748416230116752512e+00 4.335586183759688517e+00
-2.575075627571930426e+00 3.599375245904107512e+00
-2.515027473053065510e+00 4.421252722472732266e+00
-2.342564825548993923e+00 4.291273057501278743e+00
-2.329791021926966188e+00 4.651806002453474420e+00
-2.566874438828422367e+00 3.662781488233447291e+00
-2.660424320298778511e+00 4.913720125997736332e+00
-2.396862197472755529e+00 3.738156776331591935e+00
-2.423710747740363214e+00 4.931643866512968266e+00
-2.757316100593635078e+00 4.495799413064847982e+00
-2.656663506982670953e+00 4.871783557560753763e+00
-2.126692172299689432e+00 3.889177821329158569e+00
-2.163071451353464791e+00 3.729886676972488324e+00
-1.746190568064243553e+00 3.687136315010569376e+00
-1.695117452320573648e+00 4.311875979052183894e+00
-1.985410793386933159e+00 4.390143548138441432e+00
-2.183246037206024059e+00 4.138781738255273623e+00
-1.766365181570384912e+00 3.897178221269904874e+00
-1.866689660478685786e+00 4.569962657312362175e+00
-1.712987440162486052e+00 4.524758500408767148e+00
-1.253750091526520505e+00 2.653249198750272431e+00
-9.813828891162962309e-01 2.662510334688897196e+00
-1.303579574473956892e+00 2.287608658970990749e+00
-1.550030138334101082e+00 1.693900324802963375e+00
-1.166548285276202357e+00 2.054372732101220844e+00
-1.407570788324152167e+00 2.548520934369516766e+00
-1.238648332045285017e+00 1.719008131459807132e+00
-1.314806803500541799e+00 1.810502363828829120e+00
-1.586904486516840462e+00 2.136209854962211718e+00
-1.461888100922990930e+00 1.969791310781998428e+00
-1.266288580843943912e+00 1.803707482860008815e+00
-1.210978972056397041e+00 2.459597314570398652e+00
-3.194842156068057326e-01 1.901280111399854311e+00
-1.431275084606556947e-01 2.639496053978384271e+00
-4.581293990804151672e-01 2.483846092642552073e+00
-4.578776385373267144e-01 1.950254818540956281e+00
-6.914865338006925821e-01 1.811011258334552565e+00
-1.846094851329285191e-01 2.300445718302492004e+00
-5.001036117135359005e-01 2.542428724139291774e+00
-7.072064542175877655e-01 2.360319684786977845e+00
-4.112645342612082366e-01 1.731386133212021949e+00
-6.160640491515974038e-01 1.792495829256960826e+00
-5.115062119677906693e-01 2.360905236172564869e+00
-1.595968954099568737e+00 2.931104223450262225e+00
-1.296834952087404069e+00 3.151807418462959642e+00
-1.099905388078660673e+00 3.371004526993216288e+00
-1.587653711524424027e+00 3.398464965617029598e+00
-1.382737439619249553e+00 3.640283516081503912e+00
-1.586771581621318150e+00 3.385828524882413149e+00
-1.391382438663965493e+00 2.863322113516736600e+00
-1.349744441592164446e+00 3.086726698637253463e+00
-1.237991879450311306e+00 2.874594118944644894e+00
-9.198170822993142481e-01 3.657059405728282808e+00
-1.473225033781815130e+00 3.680551416559692868e+00
-9.252221328577293624e-01 3.697676393785823468e+00
-1.081950929366097158e+00 3.622991039389496404e+00
-9.329689751734102643e-01 3.048283892231853365e+00
-6.892862746167536248e-01 3.279962840057065510e+00
-6.803749756952015559e-01 3.263846206699139163e+00
-7.652054372260469473e-01 3.883790552198046697e+00
-7.241421493085500316e-01 3.483139881689216288e+00
-4.784409196637828821e-02 3.213629783595523204e+00
-6.856259522162847508e-01 3.887473284839900955e+00
-5.278653432235851373e-01 3.320674858309826227e+00
-6.783896137233378365e-01 2.860385598896636683e+00
-2.881128694428775061e-01 3.518287520397492596e+00
-6.751713644750483301e-01 3.038023178475797170e+00
-3.227449616285671397e-02 2.851250518148376933e+00
-2.292373341207984971e-01 3.372484997861850076e+00
-2.390773293293013690e-01 3.687517503568795707e+00
-1.651277517762528291e-02 3.757403153275483909e+00
-3.457011393373918828e-01 2.858182186123608304e+00
-3.144403288926245210e-01 2.859477363450180221e+00
-7.754676214228721776e-01 3.151811580531457935e+00
6.969235873959765681e-02 -4.294799640276615094e+00
1.428831245308102571e-01 -3.503776404506930398e+00
1.996665234937189393e-01 -3.730375198257259939e+00
3.844706826209204342e-01 -4.562218151836369806e+00
1.433202954880951341e-01 -4.542933779412715367e+00
1.735301934332431073e-01 -3.595510027171587630e+00
4.913243397362845877e-01 -4.477394802763560833e+00
5.134022015782033765e-01 -3.569930819090579632e+00
1.284507176136281958e-01 -3.987791939340199043e+00
8.217721273266059834e-02 -4.514914975376783879e+00
4.506989372969699703e-02 -3.630787336995645376e+00
7.097609489190279675e-01 -4.144347710506155025e+00
1.352523613954377701e+00 -4.427733357383991653e+00
1.586219159278077662e+00 -4.204904494130809134e+00
9.877617885886751381e-01 -3.987228989887470654e+00
1.461088039813585926e+00 -4.637876063336602961e+00
1.519613707325865537e+00 -3.975272309747856614e+00
9.412665387446218501e-01 -4.267754491236399161e+00
1.516425929179582077e+00 -4.225979510081468327e+00
9.289483127346337410e-01 -4.327550791333340641e+00
1.218309975254161293e+00 -4.612493882261880174e+00
9.633549472685720705e-01 -4.854774951464457367e+00
1.796263898205031850e+00 -4.332430996689497604e+00
2.290204964523490538e+00 -3.444459681217999059e+00
2.271127958136883951e+00 -4.797598254037885646e+00
2.172678513047954230e+00 -3.349960475499030643e+00
1.906254264311991520e+00 -4.300506741967467406e+00
2.371867055591800444e+00 -4.205094471581738880e+00
2.244741409481433081e+00 -3.981712925845978468e+00
2.057257241195889375e+00 -4.503562940716332896e+00
1.726569842503093533e+00 -3.478604271590333141e+00
2.320401785396930538e+00 -4.702929093415521677e+00
1.677695094754056093e+00 -4.948301152616266130e+00
2.461835012918331067e+00 -4.452854670060458986e+00
5.540709997518021845e-01 -2.030728304001057971e+00
7.885632630131341747e-01 -1.826300324923411988e+00
1.520024528092671010e-02 -3.263756456651472071e+00
3.286416505104786112e-01 -2.645280605536557417e+00
5.920769258486497932e-01 -2.533228549733555823e+00
1.518306984860970377e-01 -1.723608038439652823e+00
5.232241553021023117e-01 -2.284957671790896150e+00
7.968109271600801735e-01 -1.918185531029181323e+00
6.889340076319031558e-01 -2.903778376996521526e+00
2.619289462493857856e-01 -2.354936385542322430e+00
4.704812107088190976e-01 -2.288766519189957549e+00
6.219937666371275764e-01 -2.808864907661828614e+00
2.450295655985479382e-03 -1.883764152134052683e+00
1.231394133022800652e-01 -3.179414779771484678e+00
6.206049787691061415e-01 -2.459973588981237747e+00
3.577410288437371522e-01 -2.694159049130647965e+00
3.046857239919836813e-01 -2.084152443293739942e+00
8.265158359012858558e-01 -3.215168116637248552e+00
1.276425489695888427e+00 -2.207042873673124461e+00
1.095274448289702107e+00 -1.979526078220698482e+00
1.511895548038909354e+00 -2.509358443973453312e+00
1.401457443315872853e+00 -2.265127211022857967e+00
1.112346547006831443e+00 -1.757140636478083051e+00
1.533622756843688872e+00 -3.324349211691376205e+00
1.159001756902207303e+00 -2.019377082357137532e+00
1.201546641646022540e+00 -2.119503175517738036e+00
1.543616182595360042e+00 -2.899175633753524828e+00
1.105454329093646049e+00 -3.178605646553293251e+00
1.643245435092453244e+00 -2.990079280550533181e+00
8.707849491892662996e-01 -1.804196746114725913e+00
1.216489298094198368e+00 -2.082082917727315241e+00
1.237704258527517753e+00 -2.604589533079237018e+00
1.501991294875065774e+00 -3.041246990050611387e+00
1.555253590329898739e+00 -2.365455461175654861e+00
1.062710597013303726e+00 -3.308413979571853680e+00
1.183096238392419952e+00 -3.169160764331730107e+00
8.504717157543428829e-01 -2.320216727447462546e+00
1.683580685193168502e+00 -2.832449859763011890e+00
1.920974313991280269e+00 -1.708753131007586967e+00
2.406382015692487553e+00 -3.324224694539720470e+00
2.120525321354292281e+00 -2.372467344142588086e+00
2.061460592788999957e+00 -3.297166953981037096e+00
2.378846570478717837e+00 -3.126317258000105959e+00
2.318883735710181693e+00 -2.785012853328275639e+00
1.678415789155783822e+00 -1.891290777068381113e+00
2.258822862298465850e+00 -2.757728591288372222e+00
2.146313051923924409e+00 -3.221050323614316646e+00
2.218308607078236960e+00 -3.106398228868803457e+00
1.671733178757699001e+00 -2.372366262382215041e+00
2.221041971516586777e+00 -3.148123883617543139e+00
1.750141835530634182e+00 -2.225576200102723057e+00
1.978789450151935192e+00 -2.815930065386512027e+00
2.123308634007383677e+00 -3.183231760455841997e+00
3.136104000301923378e+00 -1.932876433432075824e+00
2.691198456451074250e+00 -2.764820753826392696e+00
3.288648248040867195e+00 -2.129379745749669262e+00
3.103932035596894679e+00 -2.871469651195051931e+00
2.650304962683425636e+00 -1.741133473515571684e+00
2.682934573990575000e+00 -3.177324680309432381e+00
3.035495997966597415e+00 -2.127732933627966005e+00
2.856419508155409126e+00 -2.256969971286316490e+00
3.200658332171322229e+00 -3.083392596203883063e+00
2.531957898026689691e+00 -2.387282426720021000e+00
3.100371320679891518e+00 -2.210265173707073316e+00
2.533177707441571336e+00 -3.019790225328587319e+00
2.957645389157766758e+00 -2.615403695277774165e+00
3.398336979002623881e+00 -3.127724397132829903e+00
4.083404048697567568e+00 -2.331228426772916862e+00
3.640929863731825922e+00 -2.213080143923536802e+00
3.818621644297534257e+00 -2.422112522285779335e+00
3.355018311068547199e+00 -2.288047583375296234e+00
4.033117517813558095e+00 -3.283347305875931710e+00
4.038035495651985940e+00 -2.591935347410871948e+00
4.159744940639149569e+00 -2.051877835714378762e+00
3.750343204695965049e+00 -2.470018192475655461e+00
3.375352639937115207e+00 -2.863224067739662981e+00
4.785502951359299928e+00 -2.268388614734721642e+00
4.565574140583096074e+00 -3.204294112201157674e+00
4.537755513331834578e+00 -2.510592644928890671e+00
4.832436376194827687e+00 -2.562251220189822654e+00
4.555375246874666217e+00 -1.800731148378906354e+00
4.979721296863337976e+00 -1.842378663407359785e+00
4.330545450358955328e+00 -2.990629071306611486e+00
4.551764114718340970e+00 -3.271328751824418291e+00
4.623193856768300414e+00 -2.396414930294217704e+00
4.809217778139322164e+00 -2.828388371096945519e+00
1.374504452749468530e+00 -1.480820843722072455e+00
1.859663640932375905e+00 -1.037748999615957235e+00
2.111553714336938281e+00 -1.042794917259795007e+00
2.178564116029505726e+00 -1.557692696298402790e+00
1.826587629555955994e+00 -1.202580690648908490e+00
2.425980103468505789e+00 -1.036592267614866003e+00
2.161528367998692524e+00 -1.444993009766088132e+00
1.572940952397375858e+00 -1.594950066648920028e+00
1.977071071914292544e+00 -1.260547544270727238e+00
1.547976405646753983e+00 -1.112358965627317176e+00
1.964651588614879874e+00 -3.761955087174528867e-01
2.044674613958878950e+00 -2.489284891592823401e-01
1.365786574888990579e+00 -5.403799006235605606e-01
1.800669179377641926e+00 -2.972273378496148588e-03
2.375103737564663309e+00 -2.821563971580871577e-01
1.367786765868607812e+00 -4.764708410555691942e-01
1.403815496232137860e+00 -7.985974280088059540e-02
1.868486923222177021e+00 -4.827130445456593311e-01
2.222293444891334957e+00 -5.398984373825828076e-01
1.451142795769862159e+00 -5.010288988335345195e-01
1.662335783592353344e+00 -3.828212973058358060e-01
1.330741105999284635e+00 -2.611143972030263161e-01
7.300886039147937989e-01 1.947216858824480368e-01
7.631156444103414094e-01 4.062601318638813241e-01
3.786710045375618616e-03 4.996697333420704323e-01
5.979484232073912775e-01 6.586601491848775858e-01
1.093614438813501621e+00 4.279653707706592147e-01
4.566268014775813899e-01 6.230857867226268221e-01
6.328307296813268090e-01 3.047282493879314644e-02
8.353721978506313262e-01 1.391454475522687639e-01
3.009347951663249310e-01 1.698676534456241560e-01
6.692276967040267088e-01 7.432979270273634143e-01
4.131857881652797881e-01 4.131467447827701367e-01
6.020378277264006872e-01 7.178832020481178411e-01
7.207526490345129710e-01 9.196113870186297667e-01
9.369411704694462495e-01 1.656799138169627650e+00
7.744496684819848209e-01 8.586353106634265764e-01
2.923769334628268934e-01 8.799631745756704149e-01
1.187707371212199270e+00 1.122058057877295401e+00
2.660241848876516713e-01 1.393350125842169884e+00
9.317756482059708079e-03 1.087568342347846828e+00
2.911594313023857516e-01 1.342075800790702989e+00
7.786595578873162227e-01 1.255438375902443671e+00
2.226017126981911787e+00 2.143901704851170487e-01
1.542916620992117682e+00 7.678948334417603494e-01
1.329293733428797530e+00 6.579720703247093905e-01
2.053863523567958538e+00 2.530980154006954308e-01
1.491392327017882824e+00 4.520281654128742721e-01
1.676800143440152935e+00 1.842323677021903000e-02
2.147047078804882325e+00 3.153593792695529308e-01
1.943455477497050943e+00 2.559290786412948826e-02
2.461118120827805456e+00 1.341224774254018981e-01
1.310432595500173436e+00 1.790949675590849388e-01
2.179486610621382159e+00 4.759550784740417262e-01
1.460158867534991245e+00 8.230479108024295609e-01
2.417181352849701703e+00 7.570567597543915728e-01
1.292640213760613221e+00 7.393377115093828778e-01
1.733026948284624336e+00 6.404190271543237500e-01
1.597432758552720378e+00 5.139622675688846343e-01
1.687834790619330283e+00 9.658894072781760709e-01
2.105912760211890333e+00 1.657606677589320121e+00
2.326955049660753616e+00 9.036150051690560181e-01
1.881007964211210082e+00 1.071153857593318826e+00
1.316726868276779427e+00 1.186065389737202658e+00
2.433717043839187077e+00 1.231325090601176342e+00
2.256708096380659612e+00 1.076279341709851955e+00
2.450479394963962498e+00 1.492966362590002039e+00
1.849014501086609474e+00 1.421972744996345961e+00
1.768501872502534322e+00 1.538155794512798380e+00
1.633931589549304508e+00 1.406535760277237923e+00
2.051854106914522191e+00 1.397097914644550354e+00
1.509325573249324481e+00 1.634143990424072879e+00
1.310364970214586977e+00 1.629057982961945150e+00
3.045822844039878241e+00 -8.417588785378843363e-01
3.076290483916700680e+00 -1.650868042284224568e+00
3.260629132280963738e+00 -1.541790025764281369e+00
2.625709273090282014e+00 -1.514349364399317110e+00
2.822720035326635291e+00 -1.080175568049898782e+00
3.676552789925585429e+00 -1.587406193047873781e+00
3.522300024790003814e+00 -1.345532060649140771e+00
3.627030788069324885e+00 -8.552483582210052004e-01
3.005875797931904181e+00 -1.395480828720051525e+00
2.567325610551347559e+00 -1.638056305506655264e+00
3.083028983360736941e+00 -1.317081344743129101e+00
2.920237532525294277e+00 -1.387451089090546485e+00
3.584718030188205340e+00 -1.396705270078366201e+00
3.733635656382785051e+00 -6.623952310344338734e-02
3.695704296851746395e+00 -3.625095330479305433e-01
2.761636837014783019e+00 -2.824978655421667151e-01
3.420613352324612499e+00 -2.019637473736191069e-01
2.736550029403430173e+00 -7.732334905283191340e-01
3.674293676596706248e+00 -1.670295948736447711e-01
3.245170378338202433e+00 -8.261631459530108801e-01
3.331032769592751741e+00 -6.667396646170198338e-02
2.531798055568663663e+00 -1.459120768226589426e-01
3.076137237712680772e+00 -3.434002332469903163e-01
3.371400332712995329e+00 -7.841298026451524183e-01
3.256211487556702089e+00 -5.467802436491520091e-02
2.753207275710664703e+00 -6.247483401428146621e-01
3.634989173029802956e+00 -9.520198603668461601e-02
4.651415989885323121e+00 -1.605642519372553201e+00
4.736499005354976255e+00 -1.439911405359996399e+00
4.641958624505892139e+00 -1.249207333043371060e+00
4.271980483333956080e+00 -1.135839534879664381e+00
3.839381391995961401e+00 -1.260247088000220561e+00
3.848793986288513658e+00 -1.218906868971374013e+00
3.909640826944261516e+00 -1.308393196572073203e+00
4.658297412908908086e+00 -1.565031973467858828e+00
3.866218108923509700e+00 -1.468335725333921538e+00
4.086450677652848640e+00 -1.644142222299513234e+00
4.177032593762149304e+00 -1.151517259616607003e+00
3.785154171853573501e+00 -1.276631753029814353e+00
3.850682926281666418e+00 -1.614135417883101997e+00
3.849087470728163929e+00 -1.115110225364377428e+00
4.079137503853477398e+00 -1.093743004836798427e+00
4.761426423156830623e+00 -8.262116497986937702e-01
4.167679981962825408e+00 -5.876049091670340063e-01
4.699381798420129819e+00 -5.668833199615657126e-01
4.135530622682027868e+00 -9.773810015517777616e-01
3.933978643774209694e+00 -7.442591062356476161e-01
4.789997866923815018e+00 -1.091012939801935255e+00
4.153082266467187367e+00 -7.200429925385654073e-01
3.916870880545170408e+00 -1.091768105619051576e+00
4.436183238679136664e+00 -8.479362931313958462e-01
4.087698055244307405e+00 -8.864890883970703017e-01
4.381136771537696539e+00 -8.449638103022338864e-01
4.340568935533336337e+00 -1.082008664572523315e+00
4.214951649639764319e+00 -1.071494351951523871e+00
3.757418172446267413e+00 -6.596038580903254012e-01
4.431604299602450503e+00 -9.751032389417666479e-01
4.000428693140441361e+00 -3.501276183992290125e-01
4.024651470794895047e+00 -5.160166426713594934e-01
3.786808312018945077e+00 -1.199081141413457230e-01
4.456154945833908698e+00 -2.611316579166143570e-01
4.908354729613378709e+00 -2.631075343174527070e-02
4.566857647832387457e+00 -3.900539265866279637e-01
4.174881194195625866e+00 -4.771804097985683502e-01
3.837238815429147465e+00 -2.547328288918895844e-01
4.706068119320113041e+00 -2.711198293640828538e-01
4.145669961896125244e+00 -8.266064521744509452e-02
4.349540476792697064e+00 -3.174085091308447293e-01
4.740990048145853564e+00 -1.558701908499287025e-01
4.218657790788840067e+00 -2.603013941732117420e-01
4.778640018303407899e+00 -4.390875088632375522e-01
2.531978310805953925e+00 8.059226995513358860e-01
2.655891769355412713e+00 3.785588519486587367e-01
3.745332380049346099e+00 8.322769994271733696e-01
3.136258603199888029e+00 2.515670629493320029e-02
2.562912821068877189e+00 2.533503793849017360e-01
2.629721506286766264e+00 2.993175854100573741e-01
2.859701867640024542e+00 7.305354649812975110e-01
3.342275916625735199e+00 3.752939203155881143e-01
2.797518152798222690e+00 4.274984579402162366e-01
2.538881492495970615e+00 4.730377163536687024e-01
3.332769973409979603e+00 8.232834009131330122e-01
3.126449906997739170e+00 1.308908702545368008e-01
3.485412802565202028e+00 3.258375244187428632e-01
2.577249565028086664e+00 3.671624818283542591e-01
2.670807223835142796e+00 2.039655328456593253e-01
2.930731720342093283e+00 6.714563053485829158e-01
3.584810960297406091e+00 1.173824267998766269e+00
3.388683398957656134e+00 8.952014874687966861e-01
3.372944177050842818e+00 1.656352206180458086e+00
2.606889738996994499e+00 1.638282829307381228e+00
3.593216160663303071e+00 1.266896401303696074e+00
3.724747059467702570e+00 1.420639189322727258e+00
2.607578603718067711e+00 1.193982690568857530e+00
3.744009117692501665e+00 1.642888120748806635e+00
2.896694664122825724e+00 1.443175593705051885e+00
2.846803961456783938e+00 1.127257032816718629e+00
2.522646427314413575e+00 1.431328764936424802e+00
2.784154780237732663e+00 1.260103042788134786e+00
4.934457896124279763e+00 6.579350636538523478e-01
3.969254614820476146e+00 7.202653502026724608e-01
4.349311246994870039e+00 5.142368458118897756e-01
4.741942416169292684e+00 2.581801038797055248e-01
3.757985078987475358e+00 2.513084846164201913e-01
4.878649213893203829e+00 7.634843103270445575e-01
4.132207614820953445e+00 5.394325770972357992e-01
4.893205428572474425e+00 1.613649336403503998e-01
4.946167792222238901e+00 1.616874109124600278e-01
4.467091051924309220e+00 2.405454734891079305e-01
4.180090255544644862e+00 7.047129684404240813e-01
4.143717577841046662e+00 8.050073654271368007e-01
4.213594375959165639e+00 8.241043540612582596e-01
4.100410023733093823e+00 1.557121282390164119e+00
4.300648446101327238e+00 1.533817947220317501e+00
4.686834623100208930e+00 1.352024199715355923e+00
3.799451105753973934e+00 1.237312365056313590e+00
4.349364905106940071e+00 1.625512320168555513e+00
4.963778221472276542e+00 1.429160495102840045e+00
4.055942202439245747e+00 1.130334515214131752e+00
4.523816274991993680e+00 8.917065607249379244e-01
3.992622975908767913e+00 1.589672691813077021e+00
4.815219396750282321e+00 1.242304684835769280e+00
4.191319740583509201e+00 1.592104124276120025e+00
4.707332895375700765e+00 1.666656508333648201e+00
4.650037733478837865e+00 1.628010268267650051e+00
4.779496195030871419e+00 9.264273789850892005e-01
6.017966670023242592e-01 2.206322472311847527e+00
5.542895225084275568e-01 1.693553141089566783e+00
4.545378563960847385e-01 2.033887852683771591e+00
1.880213795204513372e-01 2.086797722373646469e+00
3.129976608575399388e-01 1.755089269409991770e+00
6.550986899161197474e-01 1.672539952429260124e+00
2.653661332288284602e-01 1.846158932505975514e+00
1.937038854574499314e-01 1.709989493705978303e+00
7.049950606906718598e-01 1.766277793436410892e+00
4.168908594746982381e-03 1.777183303860736308e+00
3.718603213726033307e-01 2.105016660316263888e+00
1.174613644553955949e-01 2.129616629819186979e+00
1.765440789188972293e-01 2.114196897816712717e+00
4.699270367473606935e-01 2.089507930410661629e+00
4.044678342950938643e-01 2.220696025452558509e+00
3.913704850774635258e-01 1.735924550699422531e+00
8.090494744556081530e-01 2.085866208278473355e+00
3.551306709904387682e-01 2.435918710211031346e+00
7.003926070609044485e-01 2.355644050388775668e+00
5.450271396420612868e-01 2.599959967862365939e+00
3.959633964831720809e-01 2.552217107741612701e+00
3.219274081870168724e-01 2.670507641259044718e+00
1.206495967562878080e-01 2.323013176980929462e+00
1.511719757882108439e-01 2.762191171688046953e+00
7.460609236150380630e-01 2.691150291663082506e+00
6.831725374062791456e-02 2.747728703993532307e+00
5.462671192678966170e-01 2.658882592460177108e+00
7.604098177186660035e-01 2.332982710110282021e+00
1.226856404124979205e+00 2.972383705014847610e+00
1.638670469598185742e-01 2.856263854160705495e+00
3.909387255986246368e-02 3.017066594507888944e+00
3.592844699881819759e-01 2.888957767725894854e+00
5.956530226292953145e-01 2.950876143063309698e+00
6.283718588534602523e-01 3.295707530882772129e+00
2.908769023343699134e-01 3.306417892398735514e+00
6.832714388322748134e-01 3.002099352405684041e+00
1.019181778314271147e+00 2.987771032643465663e+00
9.617346225538082605e-01 2.974673854760733871e+00
5.701782126862193767e-01 2.863060011575186081e+00
3.990396625441690048e-01 3.313359209049838050e+00
7.287504463935889909e-03 2.805086392449969157e+00
1.223315041380687251e+00 3.149274786902417134e+00
9.390059614632504381e-01 3.136161695753056922e+00
5.514915055455549275e-01 2.933061326664918589e+00
4.710802806517563890e-01 3.140594856166394777e+00
1.105925787354138379e+00 2.904625072391261220e+00
3.508269831139856909e-01 2.783094162437398822e+00
1.071018636833942939e+00 3.065126106803281125e+00
6.503424170630434098e-02 3.766186721733726372e+00
1.616640266606045317e-01 3.427031239518106620e+00
6.828055807936962429e-01 3.598774586147679866e+00
7.624817496989209076e-01 3.534782322130299193e+00
1.246083996843144970e+00 3.705173708879966110e+00
2.312434536111929173e-01 3.886947598005890292e+00
5.952063241332812282e-01 3.413593715300340392e+00
8.788434025866692645e-01 3.374306777196735663e+00
3.362744864296243752e-01 3.474496558829708537e+00
4.771973461373693604e-01 3.834279343624091396e+00
6.598720783318394734e-01 3.502380147582284664e+00
8.836382054364865235e-01 3.486943885759142603e+00
5.643360565201099854e-01 3.558710569388839229e+00
4.260378492124669569e-01 3.369122877601798738e+00
4.915110032226180370e-02 3.610179518933661402e+00
4.229669103632178739e-01 3.705923496925228822e+00
9.578665183975020314e-01 3.610614682922928864e+00
5.754247751263097399e-01 3.510227494193522091e+00
2.977260043163099112e-01 4.024521258268227264e+00
4.112732721133589564e-01 4.110448515207872688e+00
2.630232175698067332e-01 4.066548473819078247e+00
3.061584820622713643e-01 4.155567820187279438e+00
6.703948486861741607e-01 4.263581042183884229e+00
2.235494947713764780e-01 3.942488277146992459e+00
2.800480074777638162e-01 4.087154135055427240e+00
1.137738605976051032e+00 3.959977905217479499e+00
5.995540324515065134e-01 4.439429861614232919e+00
1.126976509715251318e+00 4.263811852481810938e+00
1.472693947531457381e-01 4.357805738406010043e+00
6.259105017091883827e-01 4.120719865529802739e+00
1.450750451068988367e-03 4.309528693831691015e+00
1.988496259613921346e-01 4.267045074882508615e+00
3.047678132861346700e-01 4.367020036861948284e+00
1.581839317560160274e-01 4.280318506861231498e+00
8.070110368331260275e-01 3.989033152919151615e+00
1.185650504246640757e+00 4.375864660470034195e+00
9.882346880998085226e-01 4.031973118212603957e+00
5.269327943230519562e-01 4.154771517392697788e+00
8.369876603774861756e-03 4.454527125017441413e+00
5.409433042546968329e-01 4.901880381376638063e+00
4.357550582972375963e-01 4.909682371589247474e+00
2.270999114080179959e-01 4.841015101231502804e+00
7.793780013625888348e-01 4.881697868449827560e+00
6.746114832161491659e-01 4.664482868348605926e+00
1.234456573866136386e+00 4.678871287011085123e+00
1.052814272146978869e+00 4.576768341034648024e+00
9.008564138761429585e-02 4.941670498742219308e+00
1.333088172930356474e-01 4.666662178757614576e+00
8.613211146542838481e-01 4.739591004697429888e+00
7.878545228820100776e-01 4.736885423937921225e+00
7.853577534109104086e-01 4.628647051209626717e+00
3.708251227644154824e-01 4.585343748043127832e+00
2.596844793022654585e+00 1.759380566512353194e+00
2.875103941488610371e+00 1.817467949364529378e+00
3.033181007877623792e+00 2.485254592208821833e+00
4.740647174332949909e+00 2.382497191034328665e+00
3.284478138034862660e+00 2.378343756188666003e+00
4.956381612075807297e+00 2.569156485846158411e+00
4.423961941231913109e+00 2.411408933974577007e+00
4.133740757039046088e+00 2.655159795625671837e+00
4.589011719643178111e+00 1.851654291038835609e+00
4.405970307369488026e+00 2.164845458771315734e+00
4.342470767019822375e+00 2.588150201224544755e+00
3.897463950064400606e+00 1.887121680540003954e+00
3.790956571581320489e+00 2.555371269725135175e+00
4.521408976722899098e+00 1.965225272040168392e+00
2.944050124902996224e+00 3.188386762034856936e+00
3.840237864217801445e+00 3.824555784796710434e+00
4.183907698767163730e+00 3.695082462032753146e+00
3.405902701879065742e+00 2.834097468070943204e+00
4.957503887301056622e+00 3.772895623021582878e+00
2.536821078340084412e+00 3.416596263344273687e+00
4.430497898086756869e+00 2.835639342341313540e+00
3.103298889193097931e+00 3.883908194952378157e+00
2.541313101001402508e+00 2.797298189663684376e+00
2.943551736343901659e+00 3.262941268127562022e+00
3.544730520287992626e+00 3.774015767071511984e+00
2.897290773133977648e+00 3.071259523727785989e+00
3.226463451987988229e+00 3.516962177983878668e+00
4.426593666842150832e+00 4.400344052148910556e+00
4.981888107166611235e+00 4.672165238014895472e+00
2.545382311301703115e+00 4.113650416131261700e+00
4.887687749906620027e+00 4.274262218533062097e+00
4.605780877812577501e+00 4.848656456919549385e+00
3.235803895284365073e+00 4.719221870212771286e+00
2.750354389135613697e+00 4.217375397129205616e+00
3.447871942513163201e+00 4.638397996178355243e+00
3.253531013917422499e+00 4.150980367321764675e+00
2.886532487134600089e+00 3.966578402055495722e+00
4.649993443964333117e+00 4.904715819350208506e+00
4.170423109591538946e+00 4.955946845986526128e+00
2.683692763253640479e+00 4.976540741844811322e+00
2.754895753754042609e+00 3.909933947724841374e+00
-5.160126158839359878e-01 -4.932634071895611427e+00
-9.535715606319645765e-01 -4.905905469131600860e+00
-1.149891199047372803e+00 -4.861121151016646103e+00
-3.115539356495342638e-01 -4.674479569354924813e+00
-1.123526850603135285e+00 -4.919233542555872418e+00
-4.005261702618879704e-01 -4.987512332101717405e+00
-8.879508367277144654e-01 -4.881112429632321614e+00
-1.075437353091373005e+00 -4.521660417883027527e+00
-5.453746710996145719e-01 -4.782114396516970345e+00
-2.314947493528642930e-01 -4.667721182836716665e+00
-5.017698063306658129e-01 -4.704478973176967393e+00
-2.204665123937417093e-01 -4.842802352759750129e+00
-3.882182030649712345e-01 -4.548148553958275997e+00
-9.439003197856230543e-01 -4.676394695040777982e+00
-9.138079268235479447e-01 -4.924743136795687093e+00
-1.072019958419944574e+00 -4.168679843939389507e+00
-1.081123252382062194e+00 -3.915943535205468784e+00
-5.786988694273218492e-01 -4.177112354040088071e+00
-5.640384071964843482e-01 -4.153485140956174604e+00
-1.003083478446646692e+00 -4.100182487104463647e+00
-1.098182210227634847e+00 -4.387948566895405023e+00
-9.062521334971057607e-01 -4.150083176229032667e+00
-7.852258141852562767e-01 -3.927820488555115563e+00
-1.117637121992544946e+00 -4.358710900382878783e+00
-5.848354790686762783e-01 -3.934693921068736167e+00
-4.655698828488237240e-01 -4.200186270896940854e+00
-1.035130216602574205e+00 -4.405469898323919331e+00
-7.583518888208684583e-01 -4.332106085346262958e+00
-6.494003013594351614e-02 -4.290173581567199079e+00
-1.069248415028121180e+00 -4.441304899742977597e+00
-3.700421126527007054e-01 -3.361987461591549042e+00
-5.666042398155841653e-01 -3.736916349081065736e+00
-6.609250224022692466e-01 -3.600287271643449749e+00
-3.687283008481687663e-01 -3.507833531551278750e+00
-3.108252656702037431e-02 -3.491039281731861621e+00
-9.566390957256332150e-02 -3.687725768047842134e+00
-1.536800735536515417e-01 -3.515795254478109033e+00
-4.169276989804620026e-01 -3.864454359470639311e+00
-1.580994785219713705e-01 -3.813471905445820820e+00
-3.079420428175905222e-02 -3.644788278729250930e+00
-6.676052367236513518e-01 -3.714308254298587020e+00
-7.000085966013451788e-01 -3.659241469262713764e+00
-3.942313090544427023e-01 -3.371066169763008880e+00
-2.279154694502545375e-01 -3.572496195446730471e+00
-4.662354514141653361e-02 -3.397660124982868624e+00
-1.214650719161713965e-01 -3.630049474186235692e+00
-1.256793876427044765e-01 -3.619274150379649502e+00
-7.004047802017943081e-01 -3.315297018375754412e+00
-2.596530780369055158e-02 -3.083262949453482893e+00
-4.068287620924503911e-01 -3.245796943196434636e+00
-8.155492134720854214e-01 -3.151360391863341714e+00
-7.741944205280125724e-01 -3.151963801407847932e+00
-6.150625763128800827e-01 -3.014203136210791723e+00
-1.605381178893378058e-01 -3.255360369399578513e+00
-6.543785614421079311e-01 -2.891771365610921407e+00
-1.084312883730805810e-01 -2.937191776124228770e+00
-2.508432814415512135e-01 -3.298834223889283379e+00
-2.055956815046248165e-01 -3.169625062710143659e+00
-2.194655420599387341e-01 -2.956942277065567559e+00
-4.411464053246092476e-01 -2.927551484143078753e+00
-3.865933542489597419e-01 -2.623115322262847826e+00
-1.389727079508346064e-01 -2.687693784853467438e+00
-3.626289472622908350e-01 -2.536647587081103161e+00
-3.915675144767017390e-01 -2.771659039404462010e+00
-2.553224188790490512e-01 -2.561930661744961757e+00
-6.170032766567201676e-01 -2.678487449543824006e+00
-4.762552574370770841e-02 -2.452197030161995972e+00
-3.645409812018465257e-01 -2.596242336975636000e+00
-9.071068015152505826e-02 -2.765369313128264395e+00
-2.388605022964696012e-02 -2.505478075948560868e+00
-4.238857038079109629e-01 -2.409444870816827677e+00
-2.522148196800904074e-01 -2.650748855353974420e+00
-1.206402282335554688e-01 -2.719194921565853740e+00
-1.592208817209932459e-01 -2.274122293010133244e+00
-3.877744709341034990e-01 -2.138412914739658444e+00
-6.404592800818842413e-01 -2.041086069939078040e+00
-3.875014716003289394e-01 -2.155885497721045319e+00
-4.516461302902184949e-01 -2.304488039982569791e+00
-2.743542487923259499e-01 -2.163451483685611354e+00
-4.912101241924290429e-01 -2.140491155437711512e+00
-8.152612828586827121e-01 -2.279125843972944487e+00
-5.554426828748342260e-01 -2.115591132161312338e+00
-2.150693261247932364e-01 -2.265387973934903876e+00
-5.865733313886674072e-01 -2.070358427519640276e+00
-1.484254630083031712e-01 -2.272994429608810041e+00
-2.225732895712581039e-01 -2.079907880360471140e+00
-1.624391655473103047e-01 -2.334025472582887062e+00
-5.332957672599540899e-01 -2.241082386886235511e+00
-7.680367180090097445e-01 -2.203729286269521470e+00
-7.818639845463145610e-01 -1.950055794454182756e+00
-1.317002376062527125e-01 -1.930584073506145248e+00
-4.989350541921591109e-01 -1.722524537525146782e+00
-1.840091378773625053e-01 -1.789812439166233560e+00
-6.607276191296633794e-01 -1.677307243479479570e+00
-3.243096844217641106e-01 -1.866697179785681282e+00
-3.405266378063147581e-01 -1.667127618919375776e+00
-4.115302667937991710e-01 -1.931910102190568690e+00
-7.783706146611778509e-01 -1.908494776147412253e+00
-5.988227588980710170e-02 -2.009466061792904767e+00
-4.040466988277395810e-01 -1.876223305980757372e+00
-2.600600358410313229e-01 -1.964310467022145179e+00
-7.743686666210910508e-01 -1.738872664111623223e+00
-7.009682209404930475e-01 -1.778067039962579976e+00
-5.755088147678506516e-01 -1.882484704927150254e+00
-1.456811690686310445e-01 -1.484797571635473545e+00
-4.692769922059140120e-01 -1.361532626699638815e+00
-5.042771764487473662e-01 -1.665654525477384684e+00
-8.155787249376560410e-01 -1.363004265210879584e+00
-6.151842927788273574e-01 -1.295297359670675164e+00
-6.163307956899074513e-01 -1.497593293920499891e+00
-8.039619112211586760e-01 -1.433944843499048050e+00
-5.842370162083324603e-01 -1.452995916453283964e+00
-1.539008546248203935e-01 -1.512731038891017121e+00
-3.187500551340689547e-01 -1.526152657958423919e+00
-4.938748382818232141e-01 -1.364507038724406263e+00
-6.988672129862578686e-01 -1.433231578001706641e+00
-1.635689652019519658e-01 -5.916229030058205440e-01
-9.506639944182404545e-02 -7.723671567027196039e-01
-5.790308406932731522e-01 -6.316619579519162642e-01
-4.065248616070270549e-01 -7.119233744241020290e-01
-5.054885742588413056e-01 -7.629803005981218300e-01
-2.535431697768487647e-01 -6.553879970512328512e-01
-1.954747695826352105e-01 -5.659894972917650646e-01
-7.360910984306978655e-01 -8.049618611976857574e-01
-3.849432619576174108e-01 -8.487161580218941515e-01
-3.754507791364202762e-01 -7.582046680565112107e-01
-3.451056388425418620e-01 -6.127196929856015828e-01
-2.471631078666225445e-01 -1.101268856444550970e+00
-7.721799747382549484e-01 -8.194866113109369188e-01
-1.758094901432294410e-01 -5.901781851482783559e-01
-5.563518919298493515e-02 -8.984488318829100262e-01
-3.962168932038632740e-01 -9.342418625176412972e-02
-3.900199580898777718e-02 -7.066629964791526497e-02
-4.465922582246795169e-02 -1.616869934138016052e-01
-4.811865352957372388e-01 -2.268745122995469710e-01
-1.067568454068974493e-01 -1.191292203803704930e-01
-2.401801225399079476e-01 -3.368099864532229093e-01
-4.282759860944171937e-01 -9.975687778860492516e-02
-4.337661772203887933e-01 -2.123950982962974909e-01
-2.543557952475790085e-01 -3.348330800129864504e-01
-6.156783886682454243e-02 -1.024751115690319403e-01
-2.887278224279890004e-01 -3.564707307068754050e-01
-5.358165726663554063e-01 2.622061200168912531e-02
-3.412285586030681106e-01 1.122690534741231649e-01
-7.850564934326820232e-02 3.737755698736033305e-01
-5.170542484714668596e-01 4.176432413728912718e-01
-4.160081025158746115e-01 1.807827460479690673e-01
-7.138374056547530655e-02 2.536012081414386055e-01
-1.564891195844264060e-01 3.035670742555141022e-02
-3.347823951633218109e-01 3.997865740036160576e-01
-2.839309359078545647e-02 2.379919334346813908e-02
-4.083691288022598398e-01 4.380418662091625226e-01
-3.810283546245356590e-01 3.973185221097885744e-01
-7.349613086861461753e-02 3.872555880223943481e-01
-1.971987063558855446e-02 4.448531496716381373e-01
-2.816711380190421998e-01 5.513338467364610196e-01
-1.074065907537106623e+00 7.868483447638882078e-01
-9.351331988037840937e-01 7.375617388565032240e-01
-7.078674853250794818e-01 9.061719636598589700e-01
-6.651536079990478800e-01 5.693735522184394382e-01
-9.798802369402954682e-01 1.061947671524412273e+00
-7.886801715781814881e-01 1.094764423344406268e+00
-5.973687479137707035e-01 5.823320388253409030e-01
-1.099479593002594680e+00 1.040810003017492047e+00
-6.824719818237399149e-01 1.093002568549578779e+00
-7.395724836346089237e-01 5.639606474816929449e-01
-7.326877860146310262e-01 9.011221086566718608e-01
-8.075221006462108830e-01 5.610591603827208562e-01
-1.108094997403526794e+00 6.521803968522512651e-01
-1.051489334899732730e+00 1.407920708015134359e+00
-6.877809755220311017e-01 1.221451142299788239e+00
-7.613813738294162858e-01 1.505110566212205070e+00
-8.084898284952750647e-01 1.187177445283182697e+00
-9.453331742386033021e-01 1.241081637452037478e+00
-7.912884090717073882e-01 1.647473390399269100e+00
-6.236182912995573702e-01 1.410189953033487820e+00
-1.035935439454361395e+00 1.338870234529060621e+00
-7.287669046605675938e-01 1.436540670508474005e+00
-1.029342385947005889e+00 1.129497956699223371e+00
-7.696902377384552407e-01 1.591062136344001843e+00
-2.850304095000758542e-01 5.719648356171131987e-01
-6.740791762988429525e-02 1.039699723174298374e+00
-3.163193219326312922e-01 9.977645168760866934e-01
-5.149589610876976753e-01 7.076614919973485129e-01
-2.261642030568531969e-01 5.721190783493471654e-01
-4.801376469716460704e-01 1.094619162823423419e+00
-6.824059468471532774e-02 9.973288134229487678e-01
-3.384820256352270018e-01 7.903165826746570977e-01
-3.125267586135298536e-01 9.081098848419528746e-01
-1.865146863960401302e-01 1.104054925828898526e+00
-4.323077216612660756e-01 5.586021040137458815e-01
-4.625590545903413009e-02 9.405719941379397930e-01
-6.510982384894070663e-02 1.299771874118768711e+00
-2.637136315329047243e-01 1.170877984355194412e+00
-3.567404913495605401e-01 1.336727482580831294e+00
-1.916381307860449135e-01 1.404002678364379531e+00
-1.086680764770093788e-01 1.319933043936944328e+00
-3.129892468833819774e-01 1.432885112752338319e+00
-4.747195452114246761e-01 1.251660128260699834e+00
-5.137836896215401961e-01 1.522944576939152306e+00
-3.523059900114514642e-01 1.439486061843239684e+00
-4.243594847491606314e-01 1.401170993687240518e+00
-5.419797811353144201e-01 1.368800897944852712e+00
-1.885114948812220970e-01 1.573049480914636700e+00
-5.176076854606916910e-01 1.336449810433183671e+00
-4.078745946577684300e-01 1.333097254166007994e+00
-3.608035761879220815e-01 1.883305236010977879e+00
-5.838504006511894273e-01 1.988819094022635126e+00
-3.459848822464371976e-01 2.160091942683323829e+00
-1.727628428598964039e-01 2.094077278984032731e+00
-4.706765498492867517e-01 2.194515079969078908e+00
-5.171940100012747399e-01 1.761618489336076232e+00
-6.377653327170145214e-01 1.878001413328335145e+00
-3.194842156068057326e-01 1.901280111399854311e+00
-4.578776385373267144e-01 1.950254818540956281e+00
-6.914865338006925821e-01 1.811011258334552565e+00
-4.112645342612082366e-01 1.731386133212021949e+00
-6.160640491515974038e-01 1.792495829256960826e+00
-3.500762952891251500e-01 2.248944631316385223e+00
-3.417088699522485840e-02 2.308214715914155946e+00
-1.209492410581233246e-01 2.508375341820468840e+00
-6.595370956195112377e-03 2.647632133450013470e+00
-6.701783536377248218e-02 2.312727538871066635e+00
-5.809919246181403096e-01 2.614211699806909817e+00
-6.916951011108058989e-01 2.710645096788381281e+00
-1.431275084606556947e-01 2.639496053978384271e+00
-4.581293990804151672e-01 2.483846092642552073e+00
-1.846094851329285191e-01 2.300445718302492004e+00
-5.001036117135359005e-01 2.542428724139291774e+00
-7.072064542175877655e-01 2.360319684786977845e+00
-5.115062119677906693e-01 2.360905236172564869e+00
-7.510948102910290913e-01 2.930921219587283133e+00
-7.914049407406508196e-01 2.813395581909393428e+00
-8.639767045091839570e-02 2.879526218183283692e+00
-1.548142904626513827e-01 3.006507152958397988e+00
-4.003046899128726022e-02 2.788411227479688392e+00
-4.841808883179231637e-01 2.992968213908617336e+00
-1.484237833389655536e-01 3.087298228461687000e+00
-1.214089480958895351e-01 3.008195614538867968e+00
-7.294712802624426784e-01 2.973292097868724948e+00
-1.235727675455788876e-02 3.104980214578636932e+00
-6.783896137233378365e-01 2.860385598896636683e+00
-6.751713644750483301e-01 3.038023178475797170e+00
-3.227449616285671397e-02 2.851250518148376933e+00
-3.457011393373918828e-01 2.858182186123608304e+00
-3.144403288926245210e-01 2.859477363450180221e+00
-2.690274945442845400e-01 3.427604686992669514e+00
-4.999118715125803192e-01 3.328930743619907595e+00
-6.457057694547109206e-01 3.436053252666926738e+00
-6.203551663930497728e-01 3.262536157169352968e+00
-4.646486402654765313e-01 3.514320712732090346e+00
-4.463602588298332674e-01 3.354418397291495157e+00
-7.824868600485496151e-01 3.211737479949109186e+00
-2.696483396573308156e-01 3.201661859976081104e+00
-7.636552203804225503e-02 3.215070131970643175e+00
-3.961465573200758095e-01 3.365581715712642197e+00
-6.892862746167536248e-01 3.279962840057065510e+00
-6.803749756952015559e-01 3.263846206699139163e+00
-7.241421493085500316e-01 3.483139881689216288e+00
-4.784409196637828821e-02 3.213629783595523204e+00
-5.278653432235851373e-01 3.320674858309826227e+00
-2.881128694428775061e-01 3.518287520397492596e+00
-2.292373341207984971e-01 3.372484997861850076e+00
-7.754676214228721776e-01 3.151811580531457935e+00
-6.224397956407401455e-02 3.578175769127045935e+00
-5.091907444736647470e-01 3.520138024582202263e+00
-5.368007508384478044e-01 3.600581839603410383e+00
-3.562329292558771288e-01 3.856350422965032720e+00
-5.635950178302048252e-01 3.585786198139825132e+00
-1.448081148423586706e-01 3.788212069064382792e+00
-6.810753540955932772e-01 3.831460808046600608e+00
-5.050465295273032229e-02 3.774258273357416371e+00
-8.043830692049164233e-01 3.620546176765680801e+00
-5.543668473307140632e-01 3.846219654199376947e+00
-7.652054372260469473e-01 3.883790552198046697e+00
-6.856259522162847508e-01 3.887473284839900955e+00
-2.390773293293013690e-01 3.687517503568795707e+00
-1.651277517762528291e-02 3.757403153275483909e+00
7.924209353269183742e-01 -4.640762336663601495e+00
5.080269056650801307e-01 -4.580211677066134079e+00
2.929972259371203536e-01 -4.895274647393365264e+00
7.950373992384284216e-01 -4.719747300870000828e+00
4.447086318469846145e-01 -4.815089211320129792e+00
4.114948361741274097e-01 -4.867163286999419469e+00
4.962009657668640938e-02 -4.470837614625579270e+00
3.844706826209204342e-01 -4.562218151836369806e+00
1.433202954880951341e-01 -4.542933779412715367e+00
4.913243397362845877e-01 -4.477394802763560833e+00
8.217721273266059834e-02 -4.514914975376783879e+00
3.353263644303344782e-01 -3.979061012665617181e+00
1.237040327646685145e-01 -4.024339882714465411e+00
5.406548701869993145e-01 -3.928627896676363029e+00
2.808680415336475833e-01 -4.220719916866260135e+00
7.429164984977753017e-01 -4.247182620323250113e+00
2.344281944101601622e-01 -4.043004257707325522e+00
7.162534480476231979e-02 -4.268535687862869743e+00
6.969235873959765681e-02 -4.294799640276615094e+00
1.284507176136281958e-01 -3.987791939340199043e+00
7.097609489190279675e-01 -4.144347710506155025e+00
6.608777861501817785e-01 -3.816061905023985457e+00
2.279926791306927103e-01 -3.874045247739414943e+00
4.225095169731744593e-01 -3.446376771428017349e+00
3.375016898103585516e-01 -3.390204001589118832e+00
5.140661287976572291e-01 -3.567205528821199234e+00
6.838451824006072655e-02 -3.646058578519553617e+00
3.047079209158132240e-01 -3.421293635658857468e+00
1.428831245308102571e-01 -3.503776404506930398e+00
1.996665234937189393e-01 -3.730375198257259939e+00
1.735301934332431073e-01 -3.595510027171587630e+00
5.134022015782033765e-01 -3.569930819090579632e+00
4.506989372969699703e-02 -3.630787336995645376e+00
1.319276722036113236e+00 -4.750573802112061372e+00
9.959995173266960045e-01 -4.461881948598607650e+00
1.466806937240094477e+00 -4.540651080106679061e+00
1.619356882827133859e+00 -4.968244406783687062e+00
1.490221116961216952e+00 -4.644166398145158858e+00
9.936754015714124311e-01 -4.622354354760928707e+00
1.596775462640544152e+00 -4.807437675319043535e+00
1.461088039813585926e+00 -4.637876063336602961e+00
1.218309975254161293e+00 -4.612493882261880174e+00
9.633549472685720705e-01 -4.854774951464457367e+00
1.046861703219315931e+00 -4.022976886615217573e+00
1.436163736214418174e+00 -4.355514121287735740e+00
1.156842145365336805e+00 -4.408608704434433534e+00
1.190618518101255408e+00 -4.314813928817996747e+00
1.227738619122561214e+00 -4.185526585590174875e+00
1.260524112758875104e+00 -4.156850351657520370e+00
1.414246036333635992e+00 -4.182754556969553228e+00
1.352523613954377701e+00 -4.427733357383991653e+00
1.586219159278077662e+00 -4.204904494130809134e+00
9.877617885886751381e-01 -3.987228989887470654e+00
1.519613707325865537e+00 -3.975272309747856614e+00
9.412665387446218501e-01 -4.267754491236399161e+00
1.516425929179582077e+00 -4.225979510081468327e+00
9.289483127346337410e-01 -4.327550791333340641e+00
1.656506385413098359e+00 -3.618964270387234450e+00
9.056046857238874148e-01 -3.836529878779441294e+00
1.083727225259477178e+00 -3.581553489612719243e+00
1.105523941931632059e+00 -3.702981239659936197e+00
1.589040213101845733e+00 -3.576694888448509246e+00
1.474010201304701395e+00 -3.431788175626984572e+00
1.626914844161345686e+00 -3.780426065180694462e+00
7.293729179080832292e-02 -2.535757914968207682e+00
3.476646710726043199e-02 -2.883289133402195059e+00
3.527654571730207134e-01 -3.235222675298484951e+00
2.801446920339615843e-01 -2.560669794781244679e+00
8.096371496433723003e-01 -2.797609827227945267e+00
5.993561562246609714e-02 -2.591400541566326599e+00
7.511195400993561089e-01 -3.063212073664493662e+00
1.520024528092671010e-02 -3.263756456651472071e+00
3.286416505104786112e-01 -2.645280605536557417e+00
5.920769258486497932e-01 -2.533228549733555823e+00
6.889340076319031558e-01 -2.903778376996521526e+00
6.219937666371275764e-01 -2.808864907661828614e+00
1.231394133022800652e-01 -3.179414779771484678e+00
3.577410288437371522e-01 -2.694159049130647965e+00
8.265158359012858558e-01 -3.215168116637248552e+00
6.820992865545432160e-01 -2.133271010029400117e+00
6.800981789208742079e-01 -1.802445574832111097e+00
6.309718110767573163e-02 -2.090197570561616036e+00
4.902807879788966816e-01 -2.369034465843473658e+00
2.054090584635378247e-01 -1.802883080653388204e+00
5.487942790564591666e-01 -2.171967493322283893e+00
3.222837029154520527e-01 -2.081363095811000985e+00
5.540709997518021845e-01 -2.030728304001057971e+00
7.885632630131341747e-01 -1.826300324923411988e+00
1.518306984860970377e-01 -1.723608038439652823e+00
5.232241553021023117e-01 -2.284957671790896150e+00
7.968109271600801735e-01 -1.918185531029181323e+00
2.619289462493857856e-01 -2.354936385542322430e+00
4.704812107088190976e-01 -2.288766519189957549e+00
2.450295655985479382e-03 -1.883764152134052683e+00
6.206049787691061415e-01 -2.459973588981237747e+00
3.046857239919836813e-01 -2.084152443293739942e+00
8.933407765710216220e-01 -2.763291335170481755e+00
1.115811911126545652e+00 -2.808277127543185259e+00
1.115393086578200688e+00 -2.724792789663199155e+00
1.553440916350197876e+00 -2.962482106952337269e+00
1.063810448557848343e+00 -3.047332223271033591e+00
1.235838890112101129e+00 -2.616894592658181029e+00
9.354494479478504543e-01 -3.058340586243292414e+00
9.047799111278475026e-01 -2.996238896605255331e+00
9.790437946677578163e-01 -2.729649348482956484e+00
1.376257258211796231e+00 -2.753823616661976281e+00
1.511895548038909354e+00 -2.509358443973453312e+00
1.533622756843688872e+00 -3.324349211691376205e+00
1.543616182595360042e+00 -2.899175633753524828e+00
1.105454329093646049e+00 -3.178605646553293251e+00
1.643245435092453244e+00 -2.990079280550533181e+00
1.237704258527517753e+00 -2.604589533079237018e+00
1.501991294875065774e+00 -3.041246990050611387e+00
1.062710597013303726e+00 -3.308413979571853680e+00
1.183096238392419952e+00 -3.169160764331730107e+00
8.661935442089678805e-01 -1.890328940769562927e+00
9.383692811008893520e-01 -1.848284507289637446e+00
1.343899793260734832e+00 -1.901771550445591430e+00
1.208604322287356592e+00 -2.255308696497323684e+00
1.611878302479246905e+00 -2.270447684593441373e+00
8.338134027097476864e-01 -1.769167967515303141e+00
1.514917870815308376e+00 -2.043051172101599811e+00
9.809751124727620342e-01 -2.233016399803307461e+00
9.537154450934719474e-01 -1.924136554329542115e+00
1.650841373783424437e+00 -1.956482365246827726e+00
1.276425489695888427e+00 -2.207042873673124461e+00
1.095274448289702107e+00 -1.979526078220698482e+00
1.401457443315872853e+00 -2.265127211022857967e+00
1.112346547006831443e+00 -1.757140636478083051e+00
1.159001756902207303e+00 -2.019377082357137532e+00
1.201546641646022540e+00 -2.119503175517738036e+00
8.707849491892662996e-01 -1.804196746114725913e+00
1.216489298094198368e+00 -2.082082917727315241e+00
1.555253590329898739e+00 -2.365455461175654861e+00
8.504717157543428829e-01 -2.320216727447462546e+00
1.829087588431571820e+00 -3.173941817693314960e+00
2.483528948909507150e+00 -3.060066326721468499e+00
1.864080012385753493e+00 -2.817893562462377766e+00
1.820932369143171581e+00 -2.589957396160710523e+00
2.207733004349004435e+00 -2.692369768258307872e+00
2.233308711429867977e+00 -2.937699520711005263e+00
2.280986555304762575e+00 -2.720711554771737539e+00
2.241316049634188179e+00 -3.331471528755943101e+00
2.380058362512647907e+00 -3.183858577715030780e+00
2.021759143543607085e+00 -3.275498013828288979e+00
1.683580685193168502e+00 -2.832449859763011890e+00
2.406382015692487553e+00 -3.324224694539720470e+00
2.061460592788999957e+00 -3.297166953981037096e+00
2.378846570478717837e+00 -3.126317258000105959e+00
2.318883735710181693e+00 -2.785012853328275639e+00
2.258822862298465850e+00 -2.757728591288372222e+00
2.146313051923924409e+00 -3.221050323614316646e+00
2.218308607078236960e+00 -3.106398228868803457e+00
2.221041971516586777e+00 -3.148123883617543139e+00
1.978789450151935192e+00 -2.815930065386512027e+00
2.123308634007383677e+00 -3.183231760455841997e+00
2.004684798578629579e+00 -1.858501146767084000e+00
1.904691277211161493e+00 -2.200050294460844658e+00
2.426348177131900652e+00 -2.116804945083734957e+00
2.384581340967286689e+00 -1.817702551993161331e+00
2.413077067339688409e+00 -2.328032529796282279e+00
2.131417653266698409e+00 -1.887617345543925573e+00
2.462535156133127678e+00 -1.714972782232325965e+00
2.379096466905589846e+00 -2.294071246857829927e+00
2.406833975052038888e+00 -1.868565318860782920e+00
2.294874465808159680e+00 -2.341388043879926606e+00
1.920974313991280269e+00 -1.708753131007586967e+00
2.120525321354292281e+00 -2.372467344142588086e+00
1.678415789155783822e+00 -1.891290777068381113e+00
1.671733178757699001e+00 -2.372366262382215041e+00
1.750141835530634182e+00 -2.225576200102723057e+00
3.377895630957071571e+00 -3.004599567657368020e+00
3.380528829202509744e+00 -3.165586216875604819e+00
3.948492207740450510e+00 -2.878918575852260631e+00
4.073177295720601165e+00 -2.915354151868129406e+00
3.955792408802131899e+00 -2.952858342422882032e+00
3.633356181295279708e+00 -3.007627993148275003e+00
3.478170185674715587e+00 -2.834078096280358672e+00
3.398336979002623881e+00 -3.127724397132829903e+00
4.033117517813558095e+00 -3.283347305875931710e+00
3.375352639937115207e+00 -2.863224067739662981e+00
3.439332182861181586e+00 -2.234163948082679596e+00
3.921005409885453652e+00 -2.550378372494443990e+00
3.430463536556878523e+00 -2.309290392382786550e+00
4.127063404899625532e+00 -2.773204874616675308e+00
3.397028674536886950e+00 -2.451500527305002564e+00
3.533593611129598244e+00 -2.737149732376737976e+00
3.696423203924253720e+00 -2.647734172782284734e+00
4.083404048697567568e+00 -2.331228426772916862e+00
3.818621644297534257e+00 -2.422112522285779335e+00
3.355018311068547199e+00 -2.288047583375296234e+00
4.038035495651985940e+00 -2.591935347410871948e+00
3.750343204695965049e+00 -2.470018192475655461e+00
3.485111932503168308e+00 -2.052650549239904976e+00
3.624427769531359811e+00 -1.709656196181232435e+00
3.411000004507826588e+00 -1.790786625044904490e+00
3.549755658717362206e+00 -1.901615867986327535e+00
4.123324662869040758e+00 -1.887262857091541512e+00
3.906880649533241545e+00 -1.699983501408841802e+00
4.113909532844952643e+00 -1.802541576672171963e+00
3.640929863731825922e+00 -2.213080143923536802e+00
4.159744940639149569e+00 -2.051877835714378762e+00
1.817524269309507279e+00 -1.007764825519627427e+00
1.844610538614860795e+00 -1.001696028747104172e+00
1.813257953673073297e+00 -1.040471622806263152e+00
1.553541120596424019e+00 -1.564719398695378461e+00
1.806233554518933193e+00 -1.300532637953625725e+00
1.787630089080308293e+00 -1.445730116706197776e+00
1.617395145614769492e+00 -1.464095687448155436e+00
1.374504452749468530e+00 -1.480820843722072455e+00
1.859663640932375905e+00 -1.037748999615957235e+00
1.826587629555955994e+00 -1.202580690648908490e+00
1.572940952397375858e+00 -1.594950066648920028e+00
1.547976405646753983e+00 -1.112358965627317176e+00
2.120941834942810189e+00 -9.079989851460298356e-01
2.243090818762796701e+00 -1.643389989088182679e+00
2.344041119514012728e+00 -8.594862062362809141e-01
2.313108207455387699e+00 -9.771923679728498069e-01
2.158427447401580324e+00 -1.187402938200354363e+00
1.923071754296374225e+00 -1.664806895381658824e+00
2.379304560316538364e+00 -9.922943664076183667e-01
2.111553714336938281e+00 -1.042794917259795007e+00
2.178564116029505726e+00 -1.557692696298402790e+00
2.425980103468505789e+00 -1.036592267614866003e+00
2.161528367998692524e+00 -1.444993009766088132e+00
1.977071071914292544e+00 -1.260547544270727238e+00
1.379997910292959151e+00 -1.639481031720544379e-01
1.366316288851193494e+00 -5.876351828116244125e-01
1.830408543514671305e+00 -5.299745827880797400e-02
1.562586804487916314e+00 -5.434524153878417252e-01
1.736174404927669723e+00 -1.268207698990038157e-01
1.365786574888990579e+00 -5.403799006235605606e-01
1.800669179377641926e+00 -2.972273378496148588e-03
1.367786765868607812e+00 -4.764708410555691942e-01
1.403815496232137860e+00 -7.985974280088059540e-02
1.868486923222177021e+00 -4.827130445456593311e-01
1.451142795769862159e+00 -5.010288988335345195e-01
1.662335783592353344e+00 -3.828212973058358060e-01
1.330741105999284635e+00 -2.611143972030263161e-01
2.009132567134765512e+00 -8.135539869859010897e-01
2.195627629856019780e+00 -4.827945654217968841e-01
2.499036893113999014e+00 -6.486951743587581198e-01
2.232863474125923897e+00 -7.164796111283788793e-02
1.890001031459489722e+00 -6.898311813790127811e-01
1.964651588614879874e+00 -3.761955087174528867e-01
2.044674613958878950e+00 -2.489284891592823401e-01
2.375103737564663309e+00 -2.821563971580871577e-01
2.222293444891334957e+00 -5.398984373825828076e-01
3.355140092517392425e-01 1.004549031948550386e+00
1.095987437033061757e-01 1.586199058045896670e+00
3.808023405774906278e-01 1.519728720176496184e+00
2.313946268672689710e-01 1.515685872465347472e+00
2.221791028377255173e-01 9.118095230213436597e-01
4.227250186058337245e-02 9.681101828626001993e-01
1.956555820335154072e-01 1.084175514996569722e+00
2.923769334628268934e-01 8.799631745756704149e-01
2.660241848876516713e-01 1.393350125842169884e+00
9.317756482059708079e-03 1.087568342347846828e+00
2.911594313023857516e-01 1.342075800790702989e+00
5.307909989101404769e-01 1.654483956786386933e+00
6.984972274087908328e-01 1.658498200886155516e+00
8.080199729978893020e-01 8.612904271945467372e-01
6.309983129320038131e-01 1.256798484502946067e+00
7.906533387441196936e-01 1.235645318108396173e+00
4.633742533063855973e-01 9.351222207738791870e-01
7.227814029678181207e-01 1.198863682576949863e+00
7.207526490345129710e-01 9.196113870186297667e-01
7.744496684819848209e-01 8.586353106634265764e-01
7.786595578873162227e-01 1.255438375902443671e+00
1.131900223765037294e+00 1.031086458846919074e+00
8.862545629891245280e-01 8.952384386858165399e-01
9.925397787697509688e-01 1.654460503704409557e+00
1.115479266873678821e+00 1.339981549869340594e+00
1.219502505081754729e+00 1.577958306706534586e+00
8.986634342809154408e-01 1.626591443027228578e+00
9.690458630068768953e-01 1.341549978193359749e+00
9.369411704694462495e-01 1.656799138169627650e+00
1.187707371212199270e+00 1.122058057877295401e+00
1.856815151276003606e+00 6.818606050988635925e-01
1.632265672725811800e+00 5.051692415672434100e-01
1.453445652266222243e+00 6.815855298381087168e-01
1.807803748244501074e+00 6.649005930812955656e-01
1.322306715655282350e+00 6.712082525104756670e-01
1.542916620992117682e+00 7.678948334417603494e-01
1.329293733428797530e+00 6.579720703247093905e-01
1.491392327017882824e+00 4.520281654128742721e-01
1.676800143440152935e+00 1.842323677021903000e-02
1.310432595500173436e+00 1.790949675590849388e-01
1.460158867534991245e+00 8.230479108024295609e-01
1.292640213760613221e+00 7.393377115093828778e-01
1.733026948284624336e+00 6.404190271543237500e-01
1.597432758552720378e+00 5.139622675688846343e-01
2.191204047070536731e+00 7.822030027378537587e-02
2.332433580622727654e+00 5.588313764068750800e-01
2.252824048820355696e+00 6.537766274337190042e-01
1.912627301069391494e+00 7.179541025723411296e-02
1.933238687153097768e+00 2.499405734754437391e-01
2.226017126981911787e+00 2.143901704851170487e-01
2.053863523567958538e+00 2.530980154006954308e-01
2.147047078804882325e+00 3.153593792695529308e-01
1.943455477497050943e+00 2.559290786412948826e-02
2.461118120827805456e+00 1.341224774254018981e-01
2.179486610621382159e+00 4.759550784740417262e-01
2.417181352849701703e+00 7.570567597543915728e-01
1.463935130668498230e+00 8.751854760526305288e-01
1.796495697136555325e+00 1.401208660523114879e+00
1.366327354156858132e+00 1.456556150339516131e+00
1.552954610696681392e+00 1.483151184164797520e+00
1.578075996899534816e+00 1.497037052462234286e+00
1.439117342470612071e+00 1.085969242917115052e+00
1.292774578566895372e+00 1.366941836624468554e+00
1.687834790619330283e+00 9.658894072781760709e-01
1.316726868276779427e+00 1.186065389737202658e+00
1.849014501086609474e+00 1.421972744996345961e+00
1.768501872502534322e+00 1.538155794512798380e+00
1.633931589549304508e+00 1.406535760277237923e+00
1.509325573249324481e+00 1.634143990424072879e+00
1.310364970214586977e+00 1.629057982961945150e+00
1.925675118512023554e+00 1.315073913650008697e+00
1.959365569986254663e+00 1.272180096234475144e+00
2.070887747285649283e+00 1.006959405676711050e+00
2.095267113561679384e+00 1.285710565758804824e+00
1.899537919703729205e+00 8.563552000695080491e-01
2.256098628254486371e+00 1.119681197148248319e+00
2.131594243004439893e+00 1.648007436933377257e+00
2.105912760211890333e+00 1.657606677589320121e+00
2.326955049660753616e+00 9.036150051690560181e-01
1.881007964211210082e+00 1.071153857593318826e+00
2.433717043839187077e+00 1.231325090601176342e+00
2.256708096380659612e+00 1.076279341709851955e+00
2.450479394963962498e+00 1.492966362590002039e+00
2.051854106914522191e+00 1.397097914644550354e+00
2.669902216909512127e+00 -3.540989369844993462e-01
3.042299854754610955e+00 -5.732653274578667357e-01
2.836793166524067100e+00 -7.338227321218444565e-01
2.806728047410609772e+00 -8.254145138038113672e-01
2.931373326140121360e+00 -1.376209535206573964e-02
3.115379222358408029e+00 -5.680224586423094912e-01
2.778875440362075899e+00 -5.277325573119184821e-02
2.761636837014783019e+00 -2.824978655421667151e-01
2.736550029403430173e+00 -7.732334905283191340e-01
2.531798055568663663e+00 -1.459120768226589426e-01
3.076137237712680772e+00 -3.434002332469903163e-01
2.753207275710664703e+00 -6.247483401428146621e-01
3.654657183749406624e+00 -6.610930937854135880e-01
3.312261227736501112e+00 -7.513876877333297566e-01
3.404197103427580196e+00 -6.966966332747732693e-01
3.156732263665036786e+00 -5.324994600535737366e-02
3.371871166282475851e+00 -1.037647999373628727e-01
3.615089576512585001e+00 -5.348024341581361085e-01
3.597488481327114851e+00 -1.406929657111255505e-01
3.733635656382785051e+00 -6.623952310344338734e-02
3.695704296851746395e+00 -3.625095330479305433e-01
3.420613352324612499e+00 -2.019637473736191069e-01
3.674293676596706248e+00 -1.670295948736447711e-01
3.245170378338202433e+00 -8.261631459530108801e-01
3.331032769592751741e+00 -6.667396646170198338e-02
3.371400332712995329e+00 -7.841298026451524183e-01
3.256211487556702089e+00 -5.467802436491520091e-02
3.634989173029802956e+00 -9.520198603668461601e-02
3.941100347986604913e+00 -2.320107750528362933e-01
4.011286607673009819e+00 -4.700696082380207419e-01
3.978110393502770847e+00 -4.536400397633998383e-01
4.063168606876032207e+00 -3.431176995603517632e-01
3.789943944828056299e+00 -8.342757745964890503e-02
4.031691988289635376e+00 -4.369434135091024851e-01
3.899122630129000289e+00 -1.220235757099333851e-01
3.996369240836236791e+00 -1.185478607427522535e-01
4.089595943566060932e+00 -1.521187108576524949e-01
4.025399847205447301e+00 -3.993493294488876244e-01
4.000428693140441361e+00 -3.501276183992290125e-01
4.024651470794895047e+00 -5.160166426713594934e-01
3.786808312018945077e+00 -1.199081141413457230e-01
3.837238815429147465e+00 -2.547328288918895844e-01
4.145669961896125244e+00 -8.266064521744509452e-02
4.372191759763787822e+00 -1.979012754508757133e-01
4.552952717109100433e+00 -9.899957723925190134e-02
4.332878711368727487e+00 -3.402363508362393762e-02
4.333090645388568696e+00 -5.551466994321740955e-01
4.381732067906340511e+00 -2.723862475087763801e-01
4.219833631373730576e+00 -3.682355282564797605e-01
4.514223544546497102e+00 -3.975639839069065040e-01
4.174977023824360423e+00 -1.564868887207506165e-01
4.203012782609201636e+00 -3.658404163609777493e-01
4.405008361599993982e+00 -2.572078941302400890e-01
4.456154945833908698e+00 -2.611316579166143570e-01
4.566857647832387457e+00 -3.900539265866279637e-01
4.174881194195625866e+00 -4.771804097985683502e-01
4.349540476792697064e+00 -3.174085091308447293e-01
4.218657790788840067e+00 -2.603013941732117420e-01
4.659740756345519763e+00 -3.080422866983938412e-01
4.730366339603429005e+00 -1.480920467585952749e-01
4.639543746578635108e+00 -2.300564626931353995e-01
4.942689662693754649e+00 -1.524075091508461099e-01
4.983792979668764112e+00 -2.471680814029131312e-02
4.856125765952612028e+00 -1.358852757321276084e-01
4.954940750162009522e+00 -5.428559563369391716e-01
4.639873217289076202e+00 -5.224968139758962016e-01
4.921012855650918283e+00 -1.710870818465589638e-01
4.810590056361310651e+00 -3.620155114606746771e-01
4.908354729613378709e+00 -2.631075343174527070e-02
4.706068119320113041e+00 -2.711198293640828538e-01
4.740990048145853564e+00 -1.558701908499287025e-01
4.778640018303407899e+00 -4.390875088632375522e-01
3.023931813493179188e+00 2.559843849362978263e-01
2.996627620584521257e+00 1.773457253569521996e-01
2.559403004547032179e+00 7.418518325656641155e-01
2.922304993411524610e+00 3.839578380025950727e-02
3.114134557673951420e+00 2.720842387913423588e-01
3.052125443977190322e+00 9.014809071012028219e-02
3.083231246741628961e+00 7.704505827274188423e-02
2.531978310805953925e+00 8.059226995513358860e-01
2.655891769355412713e+00 3.785588519486587367e-01
2.562912821068877189e+00 2.533503793849017360e-01
2.629721506286766264e+00 2.993175854100573741e-01
2.859701867640024542e+00 7.305354649812975110e-01
2.797518152798222690e+00 4.274984579402162366e-01
2.538881492495970615e+00 4.730377163536687024e-01
2.577249565028086664e+00 3.671624818283542591e-01
2.670807223835142796e+00 2.039655328456593253e-01
2.930731720342093283e+00 6.714563053485829158e-01
3.655279870857283342e+00 5.663478274572770754e-01
3.452795441195235515e+00 7.626993117592189009e-01
3.155946093594584667e+00 3.633034687555937725e-01
3.733742723168238520e+00 6.603287008338268871e-01
3.249816595534915198e+00 7.665157813035908818e-01
3.575014316160427086e+00 4.445968376417364643e-01
3.356800587835218064e+00 4.413011737580349036e-01
3.745332380049346099e+00 8.322769994271733696e-01
3.136258603199888029e+00 2.515670629493320029e-02
3.342275916625735199e+00 3.752939203155881143e-01
3.332769973409979603e+00 8.232834009131330122e-01
3.126449906997739170e+00 1.308908702545368008e-01
3.485412802565202028e+00 3.258375244187428632e-01
4.118186453569474992e+00 7.347201641996377042e-01
3.917397175949304255e+00 2.480585277173819603e-01
3.974384448061061281e+00 4.055640066841362801e-01
3.750274310940221234e+00 7.323887160828984610e-02
4.247225263995909827e+00 7.425154030703335906e-01
4.028244303604242127e+00 4.561488383332761853e-01
4.177609444811468009e+00 2.288211372641505426e-01
3.969254614820476146e+00 7.202653502026724608e-01
4.349311246994870039e+00 5.142368458118897756e-01
3.757985078987475358e+00 2.513084846164201913e-01
4.132207614820953445e+00 5.394325770972357992e-01
4.180090255544644862e+00 7.047129684404240813e-01
4.143717577841046662e+00 8.050073654271368007e-01
4.213594375959165639e+00 8.241043540612582596e-01
4.804475493647268003e+00 4.255143519448991718e-01
4.875892594774189348e+00 3.862565399698053015e-01
4.990159042209969975e+00 6.198682872155852897e-02
4.580289446010382903e+00 4.272172896821173627e-01
4.828021537509911809e+00 3.089647775404636421e-01
4.882834175838954849e+00 9.331497713850633868e-02
4.780562346546001429e+00 6.914639891635533386e-01
4.934457896124279763e+00 6.579350636538523478e-01
4.741942416169292684e+00 2.581801038797055248e-01
4.878649213893203829e+00 7.634843103270445575e-01
4.893205428572474425e+00 1.613649336403503998e-01
4.946167792222238901e+00 1.616874109124600278e-01
4.467091051924309220e+00 2.405454734891079305e-01
4.188318163509853420e+00 1.464682875842989507e+00
4.107886394094386162e+00 1.406399426347513471e+00
4.188849398001114110e+00 1.245461284458750928e+00
3.889103201014391331e+00 1.547773987555597586e+00
4.367249595311626820e+00 1.492377346246032133e+00
4.140082613121296440e+00 1.298783672393340360e+00
3.766319837236578927e+00 8.990839334817907202e-01
3.760590842215532525e+00 1.636764315032829042e+00
3.873737611344498788e+00 1.428778696867281539e+00
3.980685371959200580e+00 1.519153708112345846e+00
4.100410023733093823e+00 1.557121282390164119e+00
4.300648446101327238e+00 1.533817947220317501e+00
3.799451105753973934e+00 1.237312365056313590e+00
4.349364905106940071e+00 1.625512320168555513e+00
4.055942202439245747e+00 1.130334515214131752e+00
3.992622975908767913e+00 1.589672691813077021e+00
4.191319740583509201e+00 1.592104124276120025e+00
4.513597468966835891e+00 1.158504042940716294e+00
4.872424116896189261e+00 1.324254578360139600e+00
4.477451763842148935e+00 1.523047615415183742e+00
4.999607949862618028e+00 8.816725797272854104e-01
4.468945259927656011e+00 1.308527700947328398e+00
4.941215967846131818e+00 1.000713952394158612e+00
4.682151714969904788e+00 1.584414612012867041e+00
4.442296351280344169e+00 1.567855746484036583e+00
4.584855536563679834e+00 1.554939294686077833e+00
4.694456695849540395e+00 9.859219366378739746e-01
4.686834623100208930e+00 1.352024199715355923e+00
4.963778221472276542e+00 1.429160495102840045e+00
4.523816274991993680e+00 8.917065607249379244e-01
4.815219396750282321e+00 1.242304684835769280e+00
4.707332895375700765e+00 1.666656508333648201e+00
4.650037733478837865e+00 1.628010268267650051e+00
4.779496195030871419e+00 9.264273789850892005e-01
3.711154804328535284e-01 2.004163674760573777e+00
3.821018457087695941e-01 1.965535841954086482e+00
1.869498636218496629e-02 1.839005161399505761e+00
1.472619892729946922e-01 1.856598534862271332e+00
2.824266749799986265e-01 1.875863996621029095e+00
1.857228461677055617e-02 1.687451027769826917e+00
2.977947429185020534e-01 1.896294793773951604e+00
1.880213795204513372e-01 2.086797722373646469e+00
3.129976608575399388e-01 1.755089269409991770e+00
2.653661332288284602e-01 1.846158932505975514e+00
1.937038854574499314e-01 1.709989493705978303e+00
4.168908594746982381e-03 1.777183303860736308e+00
3.718603213726033307e-01 2.105016660316263888e+00
1.174613644553955949e-01 2.129616629819186979e+00
1.765440789188972293e-01 2.114196897816712717e+00
4.044678342950938643e-01 2.220696025452558509e+00
3.913704850774635258e-01 1.735924550699422531e+00
6.408863496532498649e-01 1.965806629735217914e+00
5.913096700836159014e-01 1.823436294288919957e+00
5.688471293309779186e-01 1.816581329570242653e+00
8.237455759823517631e-01 2.113261412454843668e+00
7.619926263064907834e-01 1.804617600465511451e+00
7.603619902043348144e-01 2.109687190587108852e+00
5.950942451775993458e-01 2.045703720325394936e+00
6.017966670023242592e-01 2.206322472311847527e+00
5.542895225084275568e-01 1.693553141089566783e+00
4.545378563960847385e-01 2.033887852683771591e+00
6.550986899161197474e-01 1.672539952429260124e+00
7.049950606906718598e-01 1.766277793436410892e+00
4.699270367473606935e-01 2.089507930410661629e+00
8.090494744556081530e-01 2.085866208278473355e+00
2.106764982483045057e-01 2.468469564869565147e+00
7.913256707371857379e-02 2.623883028454335520e+00
1.605425330395200967e-01 2.736367367915282678e+00
1.472491567187054762e-01 2.486411746258299971e+00
2.160462859363683485e-01 2.481111508207721084e+00
7.377742071860087826e-03 2.361994610810181250e+00
5.760609028021584921e-02 2.727175727775368763e+00
3.929166521337996987e-02 2.230491631781577500e+00
1.275684160532027656e-01 2.349587777409261946e+00
2.424231715745478744e-01 2.610891529370206854e+00
1.206495967562878080e-01 2.323013176980929462e+00
1.511719757882108439e-01 2.762191171688046953e+00
6.831725374062791456e-02 2.747728703993532307e+00
3.161314653900201832e-01 2.691801079422301513e+00
3.095937308803850541e-01 2.777584632693264943e+00
4.379229872242286215e-01 2.542654636576056504e+00
4.497666927455503671e-01 2.362456875553940350e+00
4.740313455313166502e-01 2.267947461536169662e+00
3.757887068818354104e-01 2.369504949157966500e+00
3.019599657429740125e-01 2.759617919537709518e+00
3.660558553189479647e-01 2.409429185489019520e+00
4.077150723152493939e-01 2.746204386006024123e+00
4.230055695132309834e-01 2.729662120988213481e+00
3.551306709904387682e-01 2.435918710211031346e+00
5.450271396420612868e-01 2.599959967862365939e+00
3.959633964831720809e-01 2.552217107741612701e+00
3.219274081870168724e-01 2.670507641259044718e+00
5.462671192678966170e-01 2.658882592460177108e+00
6.676052958877131127e-01 2.651670153833718402e+00
6.050975778806362282e-01 2.736291440431781297e+00
7.868141081530675152e-01 2.524956164508198597e+00
5.694865389821841539e-01 2.386714503985286839e+00
6.541195737312817116e-01 2.764665218324499740e+00
6.684362481790691035e-01 2.562421809417768870e+00
6.400051407529476766e-01 2.355945186988644746e+00
7.472810560856335549e-01 2.441984887464268450e+00
5.833393455280277973e-01 2.284830256642899293e+00
7.446183523672260662e-01 2.355974833660193557e+00
7.003926070609044485e-01 2.355644050388775668e+00
7.460609236150380630e-01 2.691150291663082506e+00
7.604098177186660035e-01 2.332982710110282021e+00
5.700786858380120226e-01 3.190891014390978775e+00
1.490323161529360507e-01 2.992438553709194871e+00
5.909734936146879836e-01 2.840452031687496159e+00
6.364819841364000030e-02 3.199280998416088817e+00
4.038907342863464756e-01 3.156446927753735476e+00
2.733390245330441504e-01 3.006901199650542367e+00
1.404993350561357102e-01 3.274093328118830026e+00
1.226516233681155393e-01 2.866875159253233551e+00
5.535542527512274380e-02 2.966136808558281768e+00
2.454478604628967386e-01 3.320605566170573120e+00
1.638670469598185742e-01 2.856263854160705495e+00
3.909387255986246368e-02 3.017066594507888944e+00
3.592844699881819759e-01 2.888957767725894854e+00
5.956530226292953145e-01 2.950876143063309698e+00
2.908769023343699134e-01 3.306417892398735514e+00
5.701782126862193767e-01 2.863060011575186081e+00
3.990396625441690048e-01 3.313359209049838050e+00
7.287504463935889909e-03 2.805086392449969157e+00
5.514915055455549275e-01 2.933061326664918589e+00
4.710802806517563890e-01 3.140594856166394777e+00
3.508269831139856909e-01 2.783094162437398822e+00
9.640087657102816010e-01 3.017288294869024945e+00
1.015372765795856003e+00 3.297076429119335739e+00
6.501606152329193478e-01 2.849244881146190345e+00
8.988274515395611175e-01 3.201948579588564936e+00
9.605118231508749105e-01 3.194403403471930858e+00
8.045593964397207420e-01 2.834764525244948707e+00
1.236456939442938996e+00 2.865783136377251683e+00
8.896164973500131357e-01 3.108878689010290852e+00
6.704041628073259540e-01 3.052789938806858228e+00
9.825891743960349922e-01 3.083995902792704857e+00
1.226856404124979205e+00 2.972383705014847610e+00
6.283718588534602523e-01 3.295707530882772129e+00
6.832714388322748134e-01 3.002099352405684041e+00
1.019181778314271147e+00 2.987771032643465663e+00
9.617346225538082605e-01 2.974673854760733871e+00
1.223315041380687251e+00 3.149274786902417134e+00
9.390059614632504381e-01 3.136161695753056922e+00
1.105925787354138379e+00 2.904625072391261220e+00
1.071018636833942939e+00 3.065126106803281125e+00
2.678287226930187170e-01 3.727903202993023690e+00
2.443719417262890103e-01 3.539811713401204152e+00
2.049216634468281617e-01 3.527613525152647700e+00
4.918362334159490090e-01 3.419914526266359722e+00
5.224993424474571047e-01 3.494943602939774685e+00
5.212397094972438527e-01 3.591220726071922886e+00
8.252910239280195070e-02 3.814091827154309833e+00
1.093001308925421050e-01 3.444376022976159302e+00
4.586347304656118173e-01 3.780494485897825552e+00
4.404200724312957171e-01 3.380179966584718088e+00
6.503424170630434098e-02 3.766186721733726372e+00
1.616640266606045317e-01 3.427031239518106620e+00
2.312434536111929173e-01 3.886947598005890292e+00
5.952063241332812282e-01 3.413593715300340392e+00
3.362744864296243752e-01 3.474496558829708537e+00
4.771973461373693604e-01 3.834279343624091396e+00
5.643360565201099854e-01 3.558710569388839229e+00
4.260378492124669569e-01 3.369122877601798738e+00
4.915110032226180370e-02 3.610179518933661402e+00
4.229669103632178739e-01 3.705923496925228822e+00
5.754247751263097399e-01 3.510227494193522091e+00
9.872844613219591281e-01 3.380608673660469687e+00
9.273297796036510388e-01 3.694552930642026833e+00
8.157833676621564223e-01 3.747327607015535023e+00
6.459968320830169475e-01 3.671149011500506987e+00
1.079738692119495136e+00 3.663295689656488108e+00
8.087090795700122570e-01 3.551148419685416169e+00
7.704664150388572663e-01 3.560632054663396051e+00
1.155543171470652108e+00 3.778782397937840543e+00
8.930010372918503192e-01 3.510145368653319942e+00
1.217055544280777113e+00 3.442416526184518322e+00
6.828055807936962429e-01 3.598774586147679866e+00
7.624817496989209076e-01 3.534782322130299193e+00
1.246083996843144970e+00 3.705173708879966110e+00
8.788434025866692645e-01 3.374306777196735663e+00
6.598720783318394734e-01 3.502380147582284664e+00
8.836382054364865235e-01 3.486943885759142603e+00
9.578665183975020314e-01 3.610614682922928864e+00
4.973719947196225677e-02 4.135711588783678394e+00
5.399277426485477038e-01 4.029201603043259361e+00
1.546786897001620198e-02 3.906831288887579134e+00
5.054801617923019297e-01 4.094001573054904419e+00
5.983281499973475137e-01 4.112211337554382062e+00
4.645498645208842037e-01 4.275581061539704741e+00
1.195312410448574197e-01 3.951849472219069792e+00
2.977260043163099112e-01 4.024521258268227264e+00
4.112732721133589564e-01 4.110448515207872688e+00
2.630232175698067332e-01 4.066548473819078247e+00
3.061584820622713643e-01 4.155567820187279438e+00
2.235494947713764780e-01 3.942488277146992459e+00
2.800480074777638162e-01 4.087154135055427240e+00
5.995540324515065134e-01 4.439429861614232919e+00
1.472693947531457381e-01 4.357805738406010043e+00
1.450750451068988367e-03 4.309528693831691015e+00
1.988496259613921346e-01 4.267045074882508615e+00
3.047678132861346700e-01 4.367020036861948284e+00
1.581839317560160274e-01 4.280318506861231498e+00
5.269327943230519562e-01 4.154771517392697788e+00
9.517799684605104948e-01 4.128032265079540686e+00
1.159451645222999039e+00 4.148083088311412148e+00
6.325605487037301300e-01 4.243352648833341512e+00
7.712855026639509060e-01 4.341886641968658367e+00
1.091527818218613000e+00 3.982216401866229383e+00
7.401260551145159017e-01 4.048900463162240726e+00
9.435166927186134922e-01 4.152836557748475599e+00
6.703948486861741607e-01 4.263581042183884229e+00
1.137738605976051032e+00 3.959977905217479499e+00
1.126976509715251318e+00 4.263811852481810938e+00
6.259105017091883827e-01 4.120719865529802739e+00
8.070110368331260275e-01 3.989033152919151615e+00
1.185650504246640757e+00 4.375864660470034195e+00
9.882346880998085226e-01 4.031973118212603957e+00
5.840621443427252979e-01 4.776918652722323522e+00
5.310647906774615401e-02 4.759996857545093718e+00
3.875946380489442844e-01 4.936249530639498673e+00
1.110536007408194359e-02 4.550946046364639841e+00
5.674663152712924319e-01 4.802118718888678472e+00
3.040385617972887755e-01 4.594051063895109976e+00
2.111260002447224449e-01 4.874471141723230261e+00
8.369876603774861756e-03 4.454527125017441413e+00
5.409433042546968329e-01 4.901880381376638063e+00
4.357550582972375963e-01 4.909682371589247474e+00
2.270999114080179959e-01 4.841015101231502804e+00
9.008564138761429585e-02 4.941670498742219308e+00
1.333088172930356474e-01 4.666662178757614576e+00
3.708251227644154824e-01 4.585343748043127832e+00
1.037703885600879117e+00 4.750745085463185191e+00
8.924184016823564214e-01 4.871816717102070093e+00
1.082908324346525841e+00 4.839355344383998947e+00
9.227088340088582807e-01 4.819527696884319035e+00
7.191454099778232800e-01 4.525015346220203405e+00
1.242990914149828097e+00 4.787213362296665942e+00
1.164705564366052215e+00 4.899480168710740102e+00
7.793780013625888348e-01 4.881697868449827560e+00
6.746114832161491659e-01 4.664482868348605926e+00
1.234456573866136386e+00 4.678871287011085123e+00
1.052814272146978869e+00 4.576768341034648024e+00
8.613211146542838481e-01 4.739591004697429888e+00
7.878545228820100776e-01 4.736885423937921225e+00
7.853577534109104086e-01 4.628647051209626717e+00
3.241634227704327742e+00 2.031344802272379457e+00
2.736803182315305616e+00 2.553535961061935033e+00
2.794948261585625371e+00 2.140937466610170148e+00
2.610216734247771342e+00 2.116382034103169829e+00
3.125134640917853979e+00 2.745031002153265121e+00
3.110331031075190822e+00 1.829426637477289841e+00
2.963902133262376726e+00 2.552902545000630852e+00
2.596844793022654585e+00 1.759380566512353194e+00
2.875103941488610371e+00 1.817467949364529378e+00
3.033181007877623792e+00 2.485254592208821833e+00
3.284478138034862660e+00 2.378343756188666003e+00
4.074618957407221131e+00 1.730431926762735717e+00
3.926132080376528943e+00 2.516851330528339759e+00
3.452624711753474962e+00 1.967912042010373508e+00
3.408392551622930533e+00 2.261442615099901854e+00
3.578116026501696467e+00 2.169249085878114158e+00
3.417636318036919807e+00 2.215457466483586213e+00
4.135188192274743990e+00 2.334670764963042267e+00
4.133740757039046088e+00 2.655159795625671837e+00
3.897463950064400606e+00 1.887121680540003954e+00
3.790956571581320489e+00 2.555371269725135175e+00
4.861709729504426036e+00 2.402880057201322472e+00
4.257874880412533258e+00 1.857772902149659844e+00
4.442835685944301005e+00 2.356271653715705128e+00
4.368624835285675800e+00 2.210477408475612915e+00
4.303067759875031761e+00 2.498823187466672646e+00
4.566589671174348553e+00 2.475979343261786703e+00
4.968976636828740467e+00 1.807960201757482066e+00
4.740647174332949909e+00 2.382497191034328665e+00
4.956381612075807297e+00 2.569156485846158411e+00
4.423961941231913109e+00 2.411408933974577007e+00
4.589011719643178111e+00 1.851654291038835609e+00
4.405970307369488026e+00 2.164845458771315734e+00
4.342470767019822375e+00 2.588150201224544755e+00
4.521408976722899098e+00 1.965225272040168392e+00
-8.257395092592916264e-01 -4.860659280443096364e+00
-7.358005796051652059e-01 -4.975345600060357754e+00
-6.673905364345440461e-01 -4.491823523969065590e+00
-7.319783242482262864e-01 -4.489820646353983591e+00
-1.129599504290902612e+00 -4.815477216683253125e+00
-6.366041262452596383e-01 -4.816593664668553210e+00
-1.204115435932566314e+00 -4.504923707299369973e+00
-9.535715606319645765e-01 -4.905905469131600860e+00
-1.149891199047372803e+00 -4.861121151016646103e+00
-1.123526850603135285e+00 -4.919233542555872418e+00
-8.879508367277144654e-01 -4.881112429632321614e+00
-1.075437353091373005e+00 -4.521660417883027527e+00
-9.439003197856230543e-01 -4.676394695040777982e+00
-9.138079268235479447e-01 -4.924743136795687093e+00
-6.114777464690303033e-01 -4.945517533275644695e+00
-9.685870767594351172e-02 -4.738403789281268708e+00
-1.907483809155176013e-01 -4.890815588630113453e+00
-5.832624568852726732e-01 -4.832113188041637031e+00
-4.957917791945136710e-01 -4.514703280627532678e+00
-4.696787200782306382e-01 -4.465185067628678617e+00
-2.092857139674256239e-01 -4.582744390637922827e+00
-5.160126158839359878e-01 -4.932634071895611427e+00
-3.115539356495342638e-01 -4.674479569354924813e+00
-4.005261702618879704e-01 -4.987512332101717405e+00
-5.453746710996145719e-01 -4.782114396516970345e+00
-2.314947493528642930e-01 -4.667721182836716665e+00
-5.017698063306658129e-01 -4.704478973176967393e+00
-2.204665123937417093e-01 -4.842802352759750129e+00
-3.882182030649712345e-01 -4.548148553958275997e+00
-1.170991751659363089e+00 -4.419268527295811211e+00
-1.001521957212554881e+00 -4.175841447098361137e+00
-9.835849046203064550e-01 -4.073608212184979926e+00
-8.661811075161340856e-01 -4.240305615234102987e+00
-9.674497377970999734e-01 -4.097090016182073136e+00
-1.126282606968064481e+00 -4.247058119018900513e+00
-9.422839979588601977e-01 -4.169807414271000212e+00
-1.072019958419944574e+00 -4.168679843939389507e+00
-1.081123252382062194e+00 -3.915943535205468784e+00
-1.003083478446646692e+00 -4.100182487104463647e+00
-1.098182210227634847e+00 -4.387948566895405023e+00
-9.062521334971057607e-01 -4.150083176229032667e+00
-1.117637121992544946e+00 -4.358710900382878783e+00
-1.035130216602574205e+00 -4.405469898323919331e+00
-1.069248415028121180e+00 -4.441304899742977597e+00
-6.104644504747391842e-01 -3.942464182245455806e+00
-7.068058259064410320e-01 -4.130408733645472452e+00
-7.688316854811271250e-01 -4.212974746337350140e+00
-4.752424654950890837e-01 -4.203059536256329665e+00
-5.642553384602138067e-01 -4.232973629449527486e+00
-4.582836814665182668e-01 -4.334241979856904514e+00
-4.530002992739243783e-01 -4.398823771627340840e+00
-5.786988694273218492e-01 -4.177112354040088071e+00
-5.640384071964843482e-01 -4.153485140956174604e+00
-7.852258141852562767e-01 -3.927820488555115563e+00
-5.848354790686762783e-01 -3.934693921068736167e+00
-4.655698828488237240e-01 -4.200186270896940854e+00
-7.583518888208684583e-01 -4.332106085346262958e+00
-9.624351809088432796e-02 -4.254115535699380501e+00
-3.986793215689747871e-01 -4.046495432302376294e+00
-2.366058625622639300e-01 -4.249249038185989313e+00
-2.152074933720130867e-01 -4.195068173800689415e+00
-3.731412725020515353e-01 -3.986466267334563440e+00
-7.713957409643990015e-02 -3.909626553602878030e+00
-3.394670984932833813e-01 -4.190176689500847651e+00
-6.494003013594351614e-02 -4.290173581567199079e+00
-4.703734426593763063e-01 -3.862414681593035581e+00
-7.335251183890345583e-01 -3.788426725971616005e+00
-7.393453341301238213e-01 -3.545502807364515618e+00
-4.685958164035970430e-01 -3.667147852832477906e+00
-4.676852163538845475e-01 -3.793052786719690150e+00
-5.940411861731986765e-01 -3.469368909327515738e+00
-5.820254207473227748e-01 -3.876835324409397376e+00
-5.666042398155841653e-01 -3.736916349081065736e+00
-6.609250224022692466e-01 -3.600287271643449749e+00
-4.169276989804620026e-01 -3.864454359470639311e+00
-6.676052367236513518e-01 -3.714308254298587020e+00
-7.000085966013451788e-01 -3.659241469262713764e+00
-9.385834965439404654e-02 -3.804597480743862725e+00
-1.834838652300413708e-01 -3.498090660605229996e+00
-1.556740256574112302e-01 -3.756202772778786336e+00
-2.491483815886512132e-01 -3.497163055305475332e+00
-2.779699441129027671e-01 -3.750285701016344841e+00
-3.467059015644966546e-01 -3.496585329467619907e+00
-6.023046778848889504e-02 -3.434825757659379697e+00
-3.700421126527007054e-01 -3.361987461591549042e+00
-3.687283008481687663e-01 -3.507833531551278750e+00
-3.108252656702037431e-02 -3.491039281731861621e+00
-9.566390957256332150e-02 -3.687725768047842134e+00
-1.536800735536515417e-01 -3.515795254478109033e+00
-1.580994785219713705e-01 -3.813471905445820820e+00
-3.079420428175905222e-02 -3.644788278729250930e+00
-3.942313090544427023e-01 -3.371066169763008880e+00
-2.279154694502545375e-01 -3.572496195446730471e+00
-4.662354514141653361e-02 -3.397660124982868624e+00
-1.214650719161713965e-01 -3.630049474186235692e+00
-1.256793876427044765e-01 -3.619274150379649502e+00
-6.076315267245051555e-01 -3.098274626561417833e+00
-7.100421592848742414e-01 -3.129974457975215341e+00
-4.895006001258739303e-01 -2.809197568931232958e+00
-7.126101379446017070e-01 -3.213618148701868460e+00
-4.422641838420700577e-01 -3.261861833430418134e+00
-4.724124133494558286e-01 -2.821316404167705905e+00
-7.768232982277349929e-01 -3.112922325167159610e+00
-6.459259814638107500e-01 -3.161044474417447070e+00
-7.821510250227116101e-01 -2.915430664798133620e+00
-6.476945625334131762e-01 -3.321482783656152016e+00
-7.004047802017943081e-01 -3.315297018375754412e+00
-8.155492134720854214e-01 -3.151360391863341714e+00
-7.741944205280125724e-01 -3.151963801407847932e+00
-6.150625763128800827e-01 -3.014203136210791723e+00
-6.543785614421079311e-01 -2.891771365610921407e+00
-4.411464053246092476e-01 -2.927551484143078753e+00
-6.050560123210491081e-02 -3.023879745204089087e+00
-3.175014428569011282e-01 -3.036017503560952235e+00
-5.787841959402095782e-02 -2.977690869668485174e+00
-2.780242131538478434e-01 -2.858742507120073384e+00
-1.243358327671164054e-01 -2.838697132682160174e+00
-1.421229917090705008e-04 -3.302160762715535380e+00
-4.114700279444651332e-01 -2.981440213376128412e+00
-3.452790336207320343e-01 -3.321248574879680504e+00
-3.044455009819017621e-01 -3.314943509317777259e+00
-4.069367335918749329e-01 -2.880341201718382482e+00
-2.596530780369055158e-02 -3.083262949453482893e+00
-4.068287620924503911e-01 -3.245796943196434636e+00
-1.605381178893378058e-01 -3.255360369399578513e+00
-1.084312883730805810e-01 -2.937191776124228770e+00
-2.508432814415512135e-01 -3.298834223889283379e+00
-2.055956815046248165e-01 -3.169625062710143659e+00
-2.194655420599387341e-01 -2.956942277065567559e+00
-7.077662083480409372e-01 -2.694529106213428449e+00
-7.684075130107441698e-01 -2.614354339886027834e+00
-5.343798838941480334e-01 -2.715876583665834954e+00
-7.482461512563409745e-01 -2.561437544002881594e+00
-5.420272313607800152e-01 -2.443429191744874274e+00
-5.242940714813372205e-01 -2.593113254393613953e+00
-4.675553407721985133e-01 -2.492103745540329651e+00
-6.624697647234552011e-01 -2.489247120842878580e+00
-5.806531315439227292e-01 -2.708553817317227441e+00
-6.397391097965154927e-01 -2.777677564189684478e+00
-6.170032766567201676e-01 -2.678487449543824006e+00
-4.238857038079109629e-01 -2.409444870816827677e+00
-2.960765134464300452e-01 -2.663077621991078558e+00
-3.531350307316442061e-01 -2.663782573100787143e+00
-2.580716793755177263e-01 -2.745131011321277903e+00
-2.023784266623633032e-01 -2.627662463768224654e+00
-1.661674803947367218e-01 -2.695042124670115502e+00
-5.563014842015445716e-02 -2.564122589232670002e+00
-1.286679880067154724e-01 -2.459459637928837594e+00
-4.052578690417146801e-02 -2.447532273368118627e+00
-3.167025341169795727e-01 -2.479487195693403034e+00
-1.682156798477966453e-01 -2.487747712029737990e+00
-3.865933542489597419e-01 -2.623115322262847826e+00
-1.389727079508346064e-01 -2.687693784853467438e+00
-3.626289472622908350e-01 -2.536647587081103161e+00
-3.915675144767017390e-01 -2.771659039404462010e+00
-2.553224188790490512e-01 -2.561930661744961757e+00
-4.762552574370770841e-02 -2.452197030161995972e+00
-3.645409812018465257e-01 -2.596242336975636000e+00
-9.071068015152505826e-02 -2.765369313128264395e+00
-2.388605022964696012e-02 -2.505478075948560868e+00
-2.522148196800904074e-01 -2.650748855353974420e+00
-1.206402282335554688e-01 -2.719194921565853740e+00
-7.404762166036035209e-01 -2.076171571146927519e+00
-7.940689448923347049e-01 -2.116419280394550295e+00
-8.243888858137929931e-01 -2.187462033979996168e+00
-6.781336065790511958e-01 -2.367841726960870474e+00
-8.096266237759072171e-01 -2.207850823228631576e+00
-6.768683860510081862e-01 -2.219711327183859328e+00
-6.346923674582092278e-01 -2.367858392680168400e+00
-6.755021698026204557e-01 -2.229911078229054766e+00
-6.412194763068690406e-01 -2.351795054797702456e+00
-7.708942182747183791e-01 -2.286270389811097203e+00
-6.404592800818842413e-01 -2.041086069939078040e+00
-8.152612828586827121e-01 -2.279125843972944487e+00
-5.865733313886674072e-01 -2.070358427519640276e+00
-7.680367180090097445e-01 -2.203729286269521470e+00
-4.761848633352341320e-01 -2.118603919836829164e+00
-3.664215814440093255e-01 -2.223413981715095744e+00
-3.463443067449101243e-01 -2.386188095151951849e+00
-2.872241540830233753e-01 -2.177629338382221391e+00
-4.827671781445176391e-01 -2.268538993864682496e+00
-4.185226014075663636e-01 -2.357132609795070000e+00
-5.220671816332116411e-01 -2.114671084599859530e+00
-5.153248951841311598e-01 -2.181308286399860297e+00
-4.211071391171993250e-01 -2.080433712338689567e+00
-5.323909980009970955e-01 -2.128330903210826186e+00
-3.877744709341034990e-01 -2.138412914739658444e+00
-3.875014716003289394e-01 -2.155885497721045319e+00
-4.516461302902184949e-01 -2.304488039982569791e+00
-4.912101241924290429e-01 -2.140491155437711512e+00
-5.554426828748342260e-01 -2.115591132161312338e+00
-5.332957672599540899e-01 -2.241082386886235511e+00
-1.334568093388439347e-01 -2.159468771606665172e+00
-1.369470664060262466e-01 -2.207524237863035754e+00
-1.013741276451759765e-01 -2.082513627673229895e+00
-1.311146431603027185e-01 -2.316503013941237032e+00
-2.412464142865964334e-01 -2.340425249766877158e+00
-2.469026606496033116e-02 -2.127029979066822118e+00
-1.840002467517317664e-01 -2.358573939506920514e+00
-7.232613079254329724e-02 -2.238805277264491078e+00
-4.899826885658889464e-02 -2.271386188660879935e+00
-2.413575837306599914e-01 -2.348311479228971876e+00
-1.592208817209932459e-01 -2.274122293010133244e+00
-2.743542487923259499e-01 -2.163451483685611354e+00
-2.150693261247932364e-01 -2.265387973934903876e+00
-1.484254630083031712e-01 -2.272994429608810041e+00
-2.225732895712581039e-01 -2.079907880360471140e+00
-1.624391655473103047e-01 -2.334025472582887062e+00
-8.157864933713739886e-01 -1.980960857409210796e+00
-5.919882392810535965e-01 -1.941905159329638808e+00
-5.677096258755465197e-01 -2.006476377581919657e+00
-6.334472533648143333e-01 -1.893852382539236157e+00
-8.242922715708902448e-01 -1.856846366492052036e+00
-6.236000726347871170e-01 -1.671968113757992480e+00
-7.804310978743729255e-01 -1.826275795894052756e+00
-7.737833820243142924e-01 -1.736738948931443982e+00
-8.270365484109706289e-01 -1.777193778732456320e+00
-7.423112922379881962e-01 -1.787518261987999235e+00
-7.818639845463145610e-01 -1.950055794454182756e+00
-6.607276191296633794e-01 -1.677307243479479570e+00
-7.783706146611778509e-01 -1.908494776147412253e+00
-7.743686666210910508e-01 -1.738872664111623223e+00
-7.009682209404930475e-01 -1.778067039962579976e+00
-5.755088147678506516e-01 -1.882484704927150254e+00
-3.120257868229403542e-01 -1.915448899450269193e+00
-4.877540790492815859e-01 -1.812822582581072650e+00
-5.515444012715726707e-01 -1.837576609549286699e+00
-4.146928478435838450e-01 -1.832084202659226779e+00
-3.536426019539654630e-01 -1.910948894163100764e+00
-3.649779812204682616e-01 -1.855524275184883942e+00
-4.027838480874210703e-01 -1.975932489901517153e+00
-2.838716104614275038e-01 -2.025310543769575755e+00
-3.887458260367455676e-01 -1.935060863388386121e+00
-2.906535111226361545e-01 -1.780683466060698938e+00
-4.989350541921591109e-01 -1.722524537525146782e+00
-3.243096844217641106e-01 -1.866697179785681282e+00
-3.405266378063147581e-01 -1.667127618919375776e+00
-4.115302667937991710e-01 -1.931910102190568690e+00
-4.040466988277395810e-01 -1.876223305980757372e+00
-5.718047405242826509e-02 -1.810308372948359557e+00
-4.193056298191788489e-02 -1.907427841591186057e+00
-2.029385055494601353e-01 -1.809149953865959670e+00
-1.466129326702446667e-01 -1.884689711703352311e+00
-1.948344874594974963e-01 -2.030070717484193654e+00
-2.231780611209975562e-01 -2.029517818899049253e+00
-3.410936375141362942e-02 -1.771253625945149679e+00
-1.933180407199954487e-01 -1.873984893976122557e+00
-2.607985762480493630e-01 -1.995518927878782822e+00
-2.424673471249926826e-01 -1.737338800523922533e+00
-1.317002376062527125e-01 -1.930584073506145248e+00
-1.840091378773625053e-01 -1.789812439166233560e+00
-5.988227588980710170e-02 -2.009466061792904767e+00
-2.600600358410313229e-01 -1.964310467022145179e+00
-7.414445942512314369e-01 -1.357691468376034383e+00
-5.549093445974752070e-01 -1.526094516203289952e+00
-7.231004212082422500e-01 -1.280660679453863304e+00
-5.159228793455019613e-01 -1.515486439758058079e+00
-5.113504910791879521e-01 -1.566100845164079436e+00
-6.768747360807175761e-01 -1.352378352318999388e+00
-6.446540076812392606e-01 -1.128686166743230856e+00
-4.692769922059140120e-01 -1.361532626699638815e+00
-5.042771764487473662e-01 -1.665654525477384684e+00
-8.155787249376560410e-01 -1.363004265210879584e+00
-6.151842927788273574e-01 -1.295297359670675164e+00
-6.163307956899074513e-01 -1.497593293920499891e+00
-8.039619112211586760e-01 -1.433944843499048050e+00
-5.842370162083324603e-01 -1.452995916453283964e+00
-4.938748382818232141e-01 -1.364507038724406263e+00
-6.988672129862578686e-01 -1.433231578001706641e+00
-2.471822091493710016e-01 -1.362769275922928847e+00
-2.461462888632865720e-01 -1.189495797201773897e+00
-1.672092344587077228e-01 -1.194261638175215356e+00
-3.302402459900091736e-01 -1.376099865936800448e+00
-3.558193357338360063e-01 -1.442081871098893187e+00
-8.573631566789247094e-02 -1.144403942287766984e+00
-3.667734663043173970e-01 -1.571678157079439364e+00
-1.456811690686310445e-01 -1.484797571635473545e+00
-1.539008546248203935e-01 -1.512731038891017121e+00
-3.187500551340689547e-01 -1.526152657958423919e+00
-4.429602211966847669e-01 -1.006001628251038449e+00
-4.620987973248643632e-01 -6.875874591628007293e-01
-7.554487183776856796e-01 -8.483120858673330877e-01
-6.937869999610333238e-01 -9.080860752512065481e-01
-5.351138006120086388e-01 -1.008917253204475006e+00
-6.994272356010742264e-01 -9.849345021783577625e-01
-5.304562641509737997e-01 -1.082214541699111354e+00
-5.790308406932731522e-01 -6.316619579519162642e-01
-5.054885742588413056e-01 -7.629803005981218300e-01
-7.360910984306978655e-01 -8.049618611976857574e-01
-7.721799747382549484e-01 -8.194866113109369188e-01
-2.319867154435480416e-01 -9.346430578551795376e-01
-9.012877507627503615e-02 -1.014016954419723504e+00
-1.608652894358314489e-01 -6.539732307851449100e-01
-3.641229904818014673e-01 -7.853765096044326155e-01
-3.590810743025936169e-01 -6.824514153892229373e-01
-3.212366610432146330e-01 -9.541959768718663026e-01
-9.430939389943260309e-02 -1.100411520786338748e+00
-1.635689652019519658e-01 -5.916229030058205440e-01
-9.506639944182404545e-02 -7.723671567027196039e-01
-4.065248616070270549e-01 -7.119233744241020290e-01
-2.535431697768487647e-01 -6.553879970512328512e-01
-1.954747695826352105e-01 -5.659894972917650646e-01
-3.849432619576174108e-01 -8.487161580218941515e-01
-3.754507791364202762e-01 -7.582046680565112107e-01
-3.451056388425418620e-01 -6.127196929856015828e-01
-2.471631078666225445e-01 -1.101268856444550970e+00
-1.758094901432294410e-01 -5.901781851482783559e-01
-5.563518919298493515e-02 -8.984488318829100262e-01
-4.789029625865894313e-01 -8.672968323655272371e-04
-3.047558493300660531e-01 -4.387912648727937959e-01
-2.998025290254145436e-01 -3.052040459593410859e-01
-5.132277694461085948e-01 -1.583400530430993935e-01
-5.071882965399293619e-01 -5.115967133573231518e-01
-5.013728987395426051e-01 -1.724851111156514571e-01
-5.278707727506202207e-01 -2.439385987779656428e-01
-3.962168932038632740e-01 -9.342418625176412972e-02
-4.811865352957372388e-01 -2.268745122995469710e-01
-4.282759860944171937e-01 -9.975687778860492516e-02
-4.337661772203887933e-01 -2.123950982962974909e-01
-2.887278224279890004e-01 -3.564707307068754050e-01
-6.639520195983888984e-02 -7.460990971432218677e-02
-1.886289245110285007e-01 -2.971330484602531796e-01
-5.901868689712583271e-02 -4.208914749988125759e-01
-2.025235297748377850e-01 -3.510425997300142820e-01
-2.319695282391912028e-01 -5.405752965619047279e-01
-2.198477943236722965e-01 -1.103864036257496406e-01
-1.023826577620081668e-01 -3.092962689897090778e-01
-3.900199580898777718e-02 -7.066629964791526497e-02
-4.465922582246795169e-02 -1.616869934138016052e-01
-1.067568454068974493e-01 -1.191292203803704930e-01
-2.401801225399079476e-01 -3.368099864532229093e-01
-2.543557952475790085e-01 -3.348330800129864504e-01
-6.156783886682454243e-02 -1.024751115690319403e-01
-3.841389522176712479e-01 2.791681802626012621e-01
-5.093356657364920270e-01 2.512457859877623711e-01
-3.507725370035241763e-01 9.986194230111523906e-02
-4.872123374943703178e-01 4.730426150995036272e-01
-2.914064506825973511e-01 3.493905065025267320e-01
-5.224089885074767459e-01 2.175063468358820751e-01
-5.203622265911097555e-01 5.506877747214395935e-01
-5.358165726663554063e-01 2.622061200168912531e-02
-3.412285586030681106e-01 1.122690534741231649e-01
-5.170542484714668596e-01 4.176432413728912718e-01
-4.160081025158746115e-01 1.807827460479690673e-01
-3.347823951633218109e-01 3.997865740036160576e-01
-4.083691288022598398e-01 4.380418662091625226e-01
-3.810283546245356590e-01 3.973185221097885744e-01
-2.816711380190421998e-01 5.513338467364610196e-01
-2.326604910846679086e-01 1.455236924976694435e-01
-1.711922886881667716e-01 3.336219319833206853e-01
-1.486076137208960923e-01 6.563114051422228035e-02
-2.532361523343928944e-01 7.174436344072952776e-02
-8.930023884776594478e-03 4.627387377514692868e-01
-1.808121631745843172e-01 2.066804174363387828e-02
-2.464496263808225729e-01 3.461822011311869174e-01
-7.850564934326820232e-02 3.737755698736033305e-01
-7.138374056547530655e-02 2.536012081414386055e-01
-1.564891195844264060e-01 3.035670742555141022e-02
-2.839309359078545647e-02 2.379919334346813908e-02
-7.349613086861461753e-02 3.872555880223943481e-01
-1.971987063558855446e-02 4.448531496716381373e-01
-1.083531550883693795e+00 5.660806611080820838e-01
-1.094198074070966031e+00 9.031603394103671079e-01
-8.366733152756001823e-01 6.265529389177144637e-01
-1.109734864845611346e+00 8.852540368835943863e-01
-1.031667955019915484e+00 6.141629545353749497e-01
-9.924293786703648479e-01 9.965202918440463353e-01
-8.408833904750612209e-01 9.857839039192060060e-01
-1.074065907537106623e+00 7.868483447638882078e-01
-9.351331988037840937e-01 7.375617388565032240e-01
-9.798802369402954682e-01 1.061947671524412273e+00
-1.099479593002594680e+00 1.040810003017492047e+00
-1.108094997403526794e+00 6.521803968522512651e-01
-7.899369744291665496e-01 9.282618629580361436e-01
-7.857261478363934959e-01 1.040862913967113723e+00
-6.058720690695506006e-01 9.461919908363296550e-01
-5.563464517708047730e-01 9.302908972829080358e-01
-8.048695736225206510e-01 8.714102924222577595e-01
-7.312636063085692362e-01 8.379136371737088140e-01
-8.189977208834925415e-01 7.121456287594853940e-01
-7.078674853250794818e-01 9.061719636598589700e-01
-6.651536079990478800e-01 5.693735522184394382e-01
-7.886801715781814881e-01 1.094764423344406268e+00
-5.973687479137707035e-01 5.823320388253409030e-01
-6.824719818237399149e-01 1.093002568549578779e+00
-7.395724836346089237e-01 5.639606474816929449e-01
-7.326877860146310262e-01 9.011221086566718608e-01
-8.075221006462108830e-01 5.610591603827208562e-01
-9.149337961027915744e-01 1.218483271608715279e+00
-8.664907536452041148e-01 1.601809556176231331e+00
-9.731457598739983172e-01 1.264678368003325781e+00
-1.050811626332952997e+00 1.665829234204910136e+00
-1.043816958599446787e+00 1.409084185781743770e+00
-9.410561239554098290e-01 1.382397568971891255e+00
-1.051750861200012377e+00 1.588885310619919888e+00
-1.051489334899732730e+00 1.407920708015134359e+00
-9.453331742386033021e-01 1.241081637452037478e+00
-1.035935439454361395e+00 1.338870234529060621e+00
-1.029342385947005889e+00 1.129497956699223371e+00
-7.703954944443932584e-01 1.173590563325213720e+00
-6.411956962364410151e-01 1.572997118231920455e+00
-6.963174139615961877e-01 1.517914290450332881e+00
-6.862978765847431717e-01 1.145088844241229031e+00
-7.655153520513763299e-01 1.627188777439786849e+00
-8.315045618937180194e-01 1.414733773166380271e+00
-5.843850491750850473e-01 1.489439546199163633e+00
-6.877809755220311017e-01 1.221451142299788239e+00
-7.613813738294162858e-01 1.505110566212205070e+00
-8.084898284952750647e-01 1.187177445283182697e+00
-7.912884090717073882e-01 1.647473390399269100e+00
-6.236182912995573702e-01 1.410189953033487820e+00
-7.287669046605675938e-01 1.436540670508474005e+00
-7.696902377384552407e-01 1.591062136344001843e+00
-3.118205624608718640e-01 6.686364518935331569e-01
-2.838733057641649182e-01 7.183451387345124450e-01
-5.115683042682072079e-01 5.646410375821910854e-01
-3.642520900140652773e-01 1.076891598839713637e+00
-5.095816275906083215e-01 5.756714602843342465e-01
-4.366044138559513899e-01 9.464591102352846175e-01
-3.867938086542415110e-01 1.000714211681872579e+00
-2.850304095000758542e-01 5.719648356171131987e-01
-3.163193219326312922e-01 9.977645168760866934e-01
-5.149589610876976753e-01 7.076614919973485129e-01
-4.801376469716460704e-01 1.094619162823423419e+00
-3.384820256352270018e-01 7.903165826746570977e-01
-3.125267586135298536e-01 9.081098848419528746e-01
-4.323077216612660756e-01 5.586021040137458815e-01
-1.928740412865893039e-01 1.031694899367621598e+00
-4.675849654018901513e-02 1.063616744763554500e+00
-5.455402171144030365e-02 9.084138957090607258e-01
-1.795676087321732561e-01 9.397250047420651065e-01
-2.705033784632548954e-01 7.658832185155973749e-01
-2.330103406801358468e-01 8.907879224989579958e-01
-1.245291255505726058e-02 6.015031476271155420e-01
-6.740791762988429525e-02 1.039699723174298374e+00
-2.261642030568531969e-01 5.721190783493471654e-01
-6.824059468471532774e-02 9.973288134229487678e-01
-1.865146863960401302e-01 1.104054925828898526e+00
-4.625590545903413009e-02 9.405719941379397930e-01
-5.642989145975481069e-01 2.107913118557494414e+00
-7.814542624196512133e-01 2.150591758817355093e+00
-6.066153485144286650e-01 1.854849978220273865e+00
-7.171026929686679097e-01 1.984901673316700865e+00
-5.844208358213183185e-01 2.143665313775009018e+00
-6.577117181566020099e-01 1.922726978207030202e+00
-7.298200271345947066e-01 1.751597352435086519e+00
-5.838504006511894273e-01 1.988819094022635126e+00
-4.706765498492867517e-01 2.194515079969078908e+00
-5.171940100012747399e-01 1.761618489336076232e+00
-6.377653327170145214e-01 1.878001413328335145e+00
-4.578776385373267144e-01 1.950254818540956281e+00
-6.914865338006925821e-01 1.811011258334552565e+00
-6.160640491515974038e-01 1.792495829256960826e+00
-3.280910875950558969e-01 1.959508506160125840e+00
-2.564634859929415533e-01 2.019597910128449580e+00
-2.106378042104392334e-01 1.801201319814885515e+00
-2.292599239129252953e-01 1.906768511383511333e+00
-2.442012857136885706e-01 2.034365462571111394e+00
-7.896237416356183259e-02 1.844555759492129798e+00
-1.221768810210112632e-01 1.754186222045802435e+00
-3.608035761879220815e-01 1.883305236010977879e+00
-3.459848822464371976e-01 2.160091942683323829e+00
-1.727628428598964039e-01 2.094077278984032731e+00
-3.194842156068057326e-01 1.901280111399854311e+00
-4.112645342612082366e-01 1.731386133212021949e+00
-6.613934495313174011e-01 2.324260723330804801e+00
-6.199341121179446912e-01 2.437649241234400410e+00
-6.485439043264207282e-01 2.525822565772935846e+00
-5.550049728616086586e-01 2.716073844019645023e+00
-6.798290666135904381e-01 2.603169009797436484e+00
-6.090902188147249152e-01 2.354295565701416404e+00
-6.118177900756611720e-01 2.244893713113573774e+00
-5.809919246181403096e-01 2.614211699806909817e+00
-6.916951011108058989e-01 2.710645096788381281e+00
-4.581293990804151672e-01 2.483846092642552073e+00
-5.001036117135359005e-01 2.542428724139291774e+00
-7.072064542175877655e-01 2.360319684786977845e+00
-5.115062119677906693e-01 2.360905236172564869e+00
-1.664576522506567291e-01 2.720735618067044115e+00
-2.380529424548781803e-01 2.603385419966533831e+00
-3.757142974369217514e-01 2.709943870130415711e+00
-1.374586813685869657e-01 2.223746842803564938e+00
-3.852248476371877284e-01 2.573916632400314874e+00
-3.330390981960411612e-01 2.621762547091412543e+00
-3.908676451321592138e-01 2.760273545844176279e+00
-3.500762952891251500e-01 2.248944631316385223e+00
-3.417088699522485840e-02 2.308214715914155946e+00
-1.209492410581233246e-01 2.508375341820468840e+00
-6.595370956195112377e-03 2.647632133450013470e+00
-6.701783536377248218e-02 2.312727538871066635e+00
-1.431275084606556947e-01 2.639496053978384271e+00
-1.846094851329285191e-01 2.300445718302492004e+00
-6.088793576619393466e-01 3.010774956756975929e+00
-7.340058806900879862e-01 2.783478937099987505e+00
-5.734947269012276028e-01 2.973234964917703227e+00
-7.348005560077661702e-01 2.948159733026629148e+00
-6.997796205069283237e-01 3.043438201923345243e+00
-6.072112515308571989e-01 3.064332579141491486e+00
-6.241082996675304528e-01 3.128787542560680812e+00
-7.293846173834803714e-01 2.868719560285379000e+00
-7.236486636697618824e-01 3.128149873390404068e+00
-5.727505403804270534e-01 2.910798379540318948e+00
-7.510948102910290913e-01 2.930921219587283133e+00
-7.914049407406508196e-01 2.813395581909393428e+00
-7.294712802624426784e-01 2.973292097868724948e+00
-6.783896137233378365e-01 2.860385598896636683e+00
-6.751713644750483301e-01 3.038023178475797170e+00
-5.429978505949820677e-01 3.076224446977487315e+00
-3.570025796762709147e-01 2.895554649031811589e+00
-5.007846702124558735e-01 2.826693141955066935e+00
-5.239962750906003164e-01 3.084001563152101166e+00
-5.272722764830949371e-01 2.857707068218334090e+00
-3.385599033116566403e-01 3.031496391595584150e+00
-5.379121419500869639e-01 2.935120755610098442e+00
-3.164085193004427810e-01 2.884653059711527412e+00
-5.236318016785578289e-01 3.046113281528191052e+00
-4.927945624248317724e-01 3.093828692519047685e+00
-4.841808883179231637e-01 2.992968213908617336e+00
-3.457011393373918828e-01 2.858182186123608304e+00
-3.144403288926245210e-01 2.859477363450180221e+00
-2.730781973704861643e-01 2.917974344860750691e+00
-3.565616608270283372e-02 2.845267994041096316e+00
-1.101056497044230198e-01 2.795141257684531588e+00
-8.086412089799360770e-02 3.112826199414898021e+00
-2.171851408576954690e-01 2.846966258271525607e+00
-7.836804095483271282e-02 2.836035701452418234e+00
-1.824674655566353443e-01 2.783396728955011667e+00
-2.686254344663778215e-01 2.785189341561267184e+00
-1.686536461911904428e-01 3.039444268924051507e+00
-2.369799274996030602e-01 3.003693116244315675e+00
-8.639767045091839570e-02 2.879526218183283692e+00
-1.548142904626513827e-01 3.006507152958397988e+00
-4.003046899128726022e-02 2.788411227479688392e+00
-1.484237833389655536e-01 3.087298228461687000e+00
-1.214089480958895351e-01 3.008195614538867968e+00
-1.235727675455788876e-02 3.104980214578636932e+00
-3.227449616285671397e-02 2.851250518148376933e+00
-4.414081609394500116e-01 3.422591154385023149e+00
-6.106462247718691394e-01 3.402733230513068641e+00
-7.728495614022624638e-01 3.267174585993423808e+00
-5.574271291604836476e-01 3.216614805510192632e+00
-6.392811963933062724e-01 3.433420325515670335e+00
-4.190918363356994081e-01 3.305100121516766354e+00
-7.303229326111306818e-01 3.413473302879547422e+00
-6.601209444633292511e-01 3.432264372702013233e+00
-6.417218392060470844e-01 3.262932613455634456e+00
-4.595755597783953150e-01 3.283642447872779258e+00
-4.999118715125803192e-01 3.328930743619907595e+00
-6.457057694547109206e-01 3.436053252666926738e+00
-6.203551663930497728e-01 3.262536157169352968e+00
-4.646486402654765313e-01 3.514320712732090346e+00
-4.463602588298332674e-01 3.354418397291495157e+00
-7.824868600485496151e-01 3.211737479949109186e+00
-6.892862746167536248e-01 3.279962840057065510e+00
-6.803749756952015559e-01 3.263846206699139163e+00
-7.241421493085500316e-01 3.483139881689216288e+00
-5.278653432235851373e-01 3.320674858309826227e+00
-7.754676214228721776e-01 3.151811580531457935e+00
-1.774930617776243336e-01 3.319822916329778106e+00
-3.162451122103988599e-01 3.352705719208179502e+00
-1.536177436160656717e-01 3.177301390420156579e+00
-3.479158059553840721e-01 3.421603637916389662e+00
-6.737574878170043968e-02 3.261609237315518328e+00
-2.295006618336526971e-01 3.213538754279521292e+00
-5.555911807431435090e-02 3.401850378493650240e+00
-1.896148971924857263e-01 3.161714286000700813e+00
-2.354619814738668493e-01 3.175364949381115576e+00
-1.402933424589406508e-01 3.370063306770524125e+00
-2.690274945442845400e-01 3.427604686992669514e+00
-2.696483396573308156e-01 3.201661859976081104e+00
-7.636552203804225503e-02 3.215070131970643175e+00
-3.961465573200758095e-01 3.365581715712642197e+00
-4.784409196637828821e-02 3.213629783595523204e+00
-2.881128694428775061e-01 3.518287520397492596e+00
-2.292373341207984971e-01 3.372484997861850076e+00
-5.889850032374677191e-01 3.654126246519305177e+00
-6.825573515596041752e-01 3.673576111312947035e+00
-7.864335041896606260e-01 3.827203818898696319e+00
-5.390219700219196497e-01 3.784066865233049359e+00
-5.351276846621046968e-01 3.656236621638292217e+00
-4.252387848708833462e-01 3.681092813130061536e+00
-8.292265759198829134e-01 3.706128474090248925e+00
-5.091907444736647470e-01 3.520138024582202263e+00
-5.368007508384478044e-01 3.600581839603410383e+00
-5.635950178302048252e-01 3.585786198139825132e+00
-6.810753540955932772e-01 3.831460808046600608e+00
-8.043830692049164233e-01 3.620546176765680801e+00
-5.543668473307140632e-01 3.846219654199376947e+00
-7.652054372260469473e-01 3.883790552198046697e+00
-6.856259522162847508e-01 3.887473284839900955e+00
-1.239715990936569590e-01 3.730527961524936043e+00
-3.090646498730525993e-01 3.682944040329830138e+00
-1.195235843498590467e-01 3.803768122913882443e+00
-1.619370888167815936e-01 3.823229738576557235e+00
-1.848400939367094986e-01 3.783941366928987637e+00
-4.110532298263647188e-02 3.691964425186639254e+00
-2.777737418344566889e-02 3.750178272277207459e+00
-6.224397956407401455e-02 3.578175769127045935e+00
-3.562329292558771288e-01 3.856350422965032720e+00
-1.448081148423586706e-01 3.788212069064382792e+00
-5.050465295273032229e-02 3.774258273357416371e+00
-2.390773293293013690e-01 3.687517503568795707e+00
-1.651277517762528291e-02 3.757403153275483909e+00
4.065451413828235494e-01 -4.816785708043181735e+00
3.289021667813428196e-01 -4.897265612503288956e+00
1.427486382326887404e-01 -4.482791482137468364e+00
2.855133262463730448e-01 -4.857020045395132435e+00
3.319592277680136205e-01 -4.526119240915340569e+00
1.738276396102083343e-01 -4.818744353731146290e+00
2.744419678744804969e-01 -4.849028614088760847e+00
2.929972259371203536e-01 -4.895274647393365264e+00
4.114948361741274097e-01 -4.867163286999419469e+00
4.962009657668640938e-02 -4.470837614625579270e+00
3.844706826209204342e-01 -4.562218151836369806e+00
1.433202954880951341e-01 -4.542933779412715367e+00
8.217721273266059834e-02 -4.514914975376783879e+00
6.294633332920526181e-01 -4.533245923439383596e+00
4.452200940491436998e-01 -4.590370316686965602e+00
7.662701788379155943e-01 -4.648524917976645909e+00
5.717701588142037883e-01 -4.798902864923156208e+00
5.086910251894856128e-01 -4.482488351860688169e+00
7.886995659296966998e-01 -4.447336511218884070e+00
4.815153684774038378e-01 -4.852858562603328707e+00
7.924209353269183742e-01 -4.640762336663601495e+00
5.080269056650801307e-01 -4.580211677066134079e+00
7.950373992384284216e-01 -4.719747300870000828e+00
4.447086318469846145e-01 -4.815089211320129792e+00
4.913243397362845877e-01 -4.477394802763560833e+00
1.356162140962813012e-01 -4.295990729878715442e+00
1.394077759609685940e-01 -4.197746590610125672e+00
4.555489926297282000e-02 -3.917038954386147687e+00
1.878181353597263015e-01 -4.295826584098493939e+00
2.067275604715670678e-01 -4.162802728087894977e+00
1.429681979741128095e-01 -4.323923080547735331e+00
2.532229835975367549e-01 -4.220088165438715677e+00
1.237040327646685145e-01 -4.024339882714465411e+00
2.344281944101601622e-01 -4.043004257707325522e+00
7.162534480476231979e-02 -4.268535687862869743e+00
6.969235873959765681e-02 -4.294799640276615094e+00
1.284507176136281958e-01 -3.987791939340199043e+00
5.310598944845654756e-01 -4.199248493277222494e+00
5.003262919235010875e-01 -4.287789997405561770e+00
4.161606453078845469e-01 -4.021287279217435007e+00
3.867658690881602968e-01 -4.374173858378987312e+00
3.365066540646797777e-01 -4.202321236431965978e+00
3.383153898401182191e-01 -4.352513801415202721e+00
3.633358570439270130e-01 -3.996706031547374582e+00
3.353263644303344782e-01 -3.979061012665617181e+00
5.406548701869993145e-01 -3.928627896676363029e+00
2.808680415336475833e-01 -4.220719916866260135e+00
5.614919717839710334e-01 -4.342219512179329222e+00
6.589370113880939073e-01 -4.386174749872156831e+00
6.189611517282521680e-01 -4.070208568474003030e+00
7.928969811678818758e-01 -4.306367898071808753e+00
6.529984902868836150e-01 -3.908061273569305882e+00
6.810891756449994894e-01 -4.179975787006597443e+00
6.994674576905066665e-01 -4.288662669174821751e+00
7.429164984977753017e-01 -4.247182620323250113e+00
7.097609489190279675e-01 -4.144347710506155025e+00
1.231415991507285590e-01 -3.784028882267020499e+00
2.503097321698432437e-02 -3.833908897943538729e+00
7.975248613087812521e-02 -3.333458688311429441e+00
1.316863859048736929e-01 -3.870514678988284718e+00
1.243653751372706881e-02 -3.699728053049893717e+00
3.454941608562093758e-01 -3.693685853390338281e+00
1.766345535028115143e-01 -3.509416410099836181e+00
6.748045288925078045e-02 -3.596954520350582829e+00
3.719419604604707885e-01 -3.423634750159631590e+00
2.380131790450372431e-01 -3.602164173794404789e+00
2.279926791306927103e-01 -3.874045247739414943e+00
3.375016898103585516e-01 -3.390204001589118832e+00
6.838451824006072655e-02 -3.646058578519553617e+00
3.047079209158132240e-01 -3.421293635658857468e+00
1.428831245308102571e-01 -3.503776404506930398e+00
1.996665234937189393e-01 -3.730375198257259939e+00
1.735301934332431073e-01 -3.595510027171587630e+00
4.506989372969699703e-02 -3.630787336995645376e+00
4.538769220041186658e-01 -3.845831510969367262e+00
7.285115318925712291e-01 -3.503767696877322813e+00
6.059659840867520630e-01 -3.506883355684943915e+00
6.737343572190149787e-01 -3.525936943799425460e+00
6.992154960811343134e-01 -3.749638064944237570e+00
7.929722098007305764e-01 -3.731759997814235508e+00
6.095018340243115729e-01 -3.450426634824542926e+00
4.989047073740846550e-01 -3.791956585541522706e+00
6.097928419855020987e-01 -3.757530897588471586e+00
5.862899551854103830e-01 -3.648183666310594653e+00
6.608777861501817785e-01 -3.816061905023985457e+00
4.225095169731744593e-01 -3.446376771428017349e+00
5.140661287976572291e-01 -3.567205528821199234e+00
5.134022015782033765e-01 -3.569930819090579632e+00
2.810858110737586846e-01 -2.523617139936872533e+00
3.795875137852682824e-01 -2.961669706397088042e+00
1.231667197327749319e-01 -2.604830448468276494e+00
2.366954267314481941e-01 -2.608643635769704705e+00
8.205579344344154924e-02 -3.198083537291460221e+00
3.120789645399050793e-01 -2.954823668293548700e+00
3.809750091471959532e-01 -2.852422130773774267e+00
2.471480483058012267e-01 -3.100405091638721355e+00
3.803776399880309245e-01 -2.780460554168289189e+00
1.686706143835851046e-01 -3.319924188781719909e+00
7.293729179080832292e-02 -2.535757914968207682e+00
3.476646710726043199e-02 -2.883289133402195059e+00
3.527654571730207134e-01 -3.235222675298484951e+00
2.801446920339615843e-01 -2.560669794781244679e+00
5.993561562246609714e-02 -2.591400541566326599e+00
1.520024528092671010e-02 -3.263756456651472071e+00
3.286416505104786112e-01 -2.645280605536557417e+00
1.231394133022800652e-01 -3.179414779771484678e+00
3.577410288437371522e-01 -2.694159049130647965e+00
6.412214155156302775e-01 -3.020536803450279084e+00
6.371275466608067317e-01 -3.073796382429471397e+00
7.661603020645630924e-01 -2.703744669947061308e+00
8.191403353700559276e-01 -2.885264920456466431e+00
4.192044754713428190e-01 -2.522509950678927471e+00
5.566739264341430404e-01 -2.953526953776882458e+00
8.322463849005496961e-01 -2.876362826113235460e+00
7.552441796123694484e-01 -3.122273030736125943e+00
4.651084088925885318e-01 -2.683155644857890376e+00
5.498233647479240371e-01 -3.330448182586581485e+00
8.096371496433723003e-01 -2.797609827227945267e+00
7.511195400993561089e-01 -3.063212073664493662e+00
5.920769258486497932e-01 -2.533228549733555823e+00
6.889340076319031558e-01 -2.903778376996521526e+00
6.219937666371275764e-01 -2.808864907661828614e+00
8.265158359012858558e-01 -3.215168116637248552e+00
2.211556052047361498e-01 -2.174967884630181647e+00
2.391355755672243122e-01 -2.075771795936457664e+00
3.244142766051268389e-01 -2.176809020577519682e+00
1.655760806909477856e-01 -2.406520571668290476e+00
4.120157453430977612e-01 -2.334184469070818668e+00
1.845395844446033329e-01 -1.828755127493173926e+00
1.189724013615706677e-01 -1.681449017430248549e+00
6.309718110767573163e-02 -2.090197570561616036e+00
2.054090584635378247e-01 -1.802883080653388204e+00
3.222837029154520527e-01 -2.081363095811000985e+00
1.518306984860970377e-01 -1.723608038439652823e+00
2.619289462493857856e-01 -2.354936385542322430e+00
2.450295655985479382e-03 -1.883764152134052683e+00
3.046857239919836813e-01 -2.084152443293739942e+00
4.320489056239786851e-01 -2.464867179938577735e+00
6.314208481966300246e-01 -2.346412221570489010e+00
7.110134751148581289e-01 -2.444119763275175217e+00
7.586906028963699145e-01 -2.170823276801034485e+00
6.216008889307739205e-01 -2.176781859646424788e+00
8.096532602724674232e-01 -1.912755151936061493e+00
6.079159318598243988e-01 -1.733592092849807198e+00
6.820992865545432160e-01 -2.133271010029400117e+00
6.800981789208742079e-01 -1.802445574832111097e+00
4.902807879788966816e-01 -2.369034465843473658e+00
5.487942790564591666e-01 -2.171967493322283893e+00
5.540709997518021845e-01 -2.030728304001057971e+00
7.885632630131341747e-01 -1.826300324923411988e+00
5.232241553021023117e-01 -2.284957671790896150e+00
7.968109271600801735e-01 -1.918185531029181323e+00
4.704812107088190976e-01 -2.288766519189957549e+00
6.206049787691061415e-01 -2.459973588981237747e+00
1.083782851784125700e+00 -2.099738185995645878e+00
9.655855516097606728e-01 -2.063077414895262862e+00
1.067529339349305495e+00 -1.842453579168744859e+00
9.371484374175523824e-01 -1.985792776009307259e+00
1.244758737137568572e+00 -2.469882670295020066e+00
1.140014635552614841e+00 -2.457916461543115272e+00
9.228441181834248219e-01 -1.683562592170675831e+00
1.220381993885367278e+00 -1.798363925209578440e+00
1.026321162698815792e+00 -2.324636776851482622e+00
8.636736322251530318e-01 -2.383480483706792885e+00
8.661935442089678805e-01 -1.890328940769562927e+00
9.383692811008893520e-01 -1.848284507289637446e+00
1.208604322287356592e+00 -2.255308696497323684e+00
8.338134027097476864e-01 -1.769167967515303141e+00
9.809751124727620342e-01 -2.233016399803307461e+00
9.537154450934719474e-01 -1.924136554329542115e+00
1.095274448289702107e+00 -1.979526078220698482e+00
1.112346547006831443e+00 -1.757140636478083051e+00
1.159001756902207303e+00 -2.019377082357137532e+00
1.201546641646022540e+00 -2.119503175517738036e+00
8.707849491892662996e-01 -1.804196746114725913e+00
1.216489298094198368e+00 -2.082082917727315241e+00
8.504717157543428829e-01 -2.320216727447462546e+00
1.664115140888072775e+00 -2.289644713152170663e+00
1.510156908064130388e+00 -2.107121584885732091e+00
1.397602393690721589e+00 -2.108023057642625986e+00
1.573234716419259938e+00 -2.299796449413759269e+00
1.448752970057646916e+00 -2.419962987628137441e+00
1.316519671670620006e+00 -2.332636180622977840e+00
1.446040588501341873e+00 -2.400480243277937298e+00
1.542774750199377154e+00 -2.378877265032737665e+00
1.461221574540021884e+00 -2.246254912385132751e+00
1.332431434673299275e+00 -2.009015915439207323e+00
1.343899793260734832e+00 -1.901771550445591430e+00
1.611878302479246905e+00 -2.270447684593441373e+00
1.514917870815308376e+00 -2.043051172101599811e+00
1.650841373783424437e+00 -1.956482365246827726e+00
1.276425489695888427e+00 -2.207042873673124461e+00
1.401457443315872853e+00 -2.265127211022857967e+00
1.555253590329898739e+00 -2.365455461175654861e+00
1.375810223047001291e+00 -1.494710873911454518e+00
1.865806119559804577e+00 -1.542892039986403674e+00
1.254943409128631782e+00 -1.394191762315486027e+00
1.654754311887935536e+00 -1.402997400595705102e+00
1.582416860578096163e+00 -1.394373225889167456e+00
1.801708683620804052e+00 -1.393658970303866873e+00
1.873730705670527019e+00 -1.628522124382999037e+00
1.553541120596424019e+00 -1.564719398695378461e+00
1.787630089080308293e+00 -1.445730116706197776e+00
1.617395145614769492e+00 -1.464095687448155436e+00
1.374504452749468530e+00 -1.480820843722072455e+00
1.572940952397375858e+00 -1.594950066648920028e+00
1.762126123088751051e+00 -1.156144290815963593e+00
1.865185481987750915e+00 -1.373008729357016344e+00
1.646444616490873258e+00 -1.246291374561470544e+00
1.406481014669654028e+00 -1.349076685294713362e+00
1.804477919041380218e+00 -1.287669918124598523e+00
1.815832947264047537e+00 -1.284378384676315044e+00
1.661159601159078569e+00 -1.322693796648495290e+00
1.806233554518933193e+00 -1.300532637953625725e+00
1.826587629555955994e+00 -1.202580690648908490e+00
1.547976405646753983e+00 -1.112358965627317176e+00
1.728901781807900440e+00 -1.090260887095944486e+00
1.872029997263562118e+00 -1.019360695671126971e+00
1.552352335237095371e+00 -1.010531771118609923e+00
1.358721370522523175e+00 -8.400828172330128130e-01
1.419588365902315408e+00 -9.621780156548128682e-01
1.639911817073478328e+00 -1.060112763998565244e+00
1.529744612324930753e+00 -1.013701335566258521e+00
1.817524269309507279e+00 -1.007764825519627427e+00
1.844610538614860795e+00 -1.001696028747104172e+00
1.813257953673073297e+00 -1.040471622806263152e+00
1.859663640932375905e+00 -1.037748999615957235e+00
2.387856150571888492e+00 -1.401956009036912976e+00
1.915486350584048481e+00 -1.570043660423891874e+00
2.300896099636987824e+00 -1.451893697349063483e+00
2.440008945578469479e+00 -1.657204652176384796e+00
2.454714353885663503e+00 -1.536269447860002080e+00
1.925700822259296840e+00 -1.394998716873765643e+00
2.034324149720479813e+00 -1.636480101448031466e+00
2.243090818762796701e+00 -1.643389989088182679e+00
1.923071754296374225e+00 -1.664806895381658824e+00
2.178564116029505726e+00 -1.557692696298402790e+00
2.161528367998692524e+00 -1.444993009766088132e+00
2.110355824641159117e+00 -1.379180946463257618e+00
2.389271389916481247e+00 -1.293859317220476646e+00
1.950441327918172263e+00 -1.194638553939034731e+00
2.153925246098602919e+00 -1.273281669698189456e+00
1.950803821196698928e+00 -1.243748344530104299e+00
2.316106240831290464e+00 -1.208657174975140469e+00
2.462089542608336235e+00 -1.118551642061609730e+00
2.158427447401580324e+00 -1.187402938200354363e+00
1.977071071914292544e+00 -1.260547544270727238e+00
2.011330439145645244e+00 -8.492298638165576286e-01
1.963581413023288702e+00 -9.425363797341589356e-01
2.129800577152686447e+00 -1.081650769870633022e+00
2.256218448180024705e+00 -8.379609235859803995e-01
2.376569792367877909e+00 -1.054384415478907489e+00
2.337460353897107268e+00 -1.063666337543431650e+00
2.034036556642207838e+00 -8.624360575656262462e-01
2.120941834942810189e+00 -9.079989851460298356e-01
2.344041119514012728e+00 -8.594862062362809141e-01
2.313108207455387699e+00 -9.771923679728498069e-01
2.379304560316538364e+00 -9.922943664076183667e-01
2.111553714336938281e+00 -1.042794917259795007e+00
2.425980103468505789e+00 -1.036592267614866003e+00
2.295155946771961109e+00 -7.422101141040550187e-01
2.047707635028523931e+00 -7.194002257453764315e-01
1.947210780416242626e+00 -6.808086761269611653e-01
2.352103648719121143e+00 -5.961693330023635218e-01
2.366707975427178479e+00 -6.300012578981845079e-01
2.301474965146587337e+00 -6.517899536194533550e-01
2.288611993966936264e+00 -6.177101124891241080e-01
2.009132567134765512e+00 -8.135539869859010897e-01
2.499036893113999014e+00 -6.486951743587581198e-01
1.890001031459489722e+00 -6.898311813790127811e-01
2.016964855112136412e+00 -3.470091851718956066e-01
2.244993827873822845e+00 -5.358286218061022455e-01
2.026329076032821419e+00 -4.068764292766194890e-01
1.961694123714106341e+00 -4.150300764187576652e-01
2.210604892431820012e+00 -3.055874907558832065e-01
2.097169952575849816e+00 -3.601044984215925338e-01
1.975700735177344347e+00 -4.477001420086243466e-01
2.195627629856019780e+00 -4.827945654217968841e-01
1.964651588614879874e+00 -3.761955087174528867e-01
2.375103737564663309e+00 -2.821563971580871577e-01
2.222293444891334957e+00 -5.398984373825828076e-01
2.290671432337352709e+00 -9.601464442734225502e-02
1.885356921085113102e+00 -2.402515875231181486e-02
2.011437271145342098e+00 -6.612850380342660817e-02
2.496223265784693002e+00 -7.664630995701582350e-02
2.303920171024070651e+00 -2.576816255432722302e-01
2.375733373359452560e+00 -2.271499755342462901e-01
2.431038365837869808e+00 -4.498839511937469116e-02
2.232863474125923897e+00 -7.164796111283788793e-02
2.044674613958878950e+00 -2.489284891592823401e-01
3.617138329767934923e-01 9.599391255797775635e-01
2.644990849687356982e-01 9.822992274337389862e-01
1.146480869342188791e-01 9.793654222954635280e-01
4.942357886971573966e-02 8.643889825468552557e-01
3.115655054383664191e-01 8.512988349307705205e-01
3.609404655833948206e-01 1.118289480548872117e+00
2.896548105685020635e-01 1.123992814772421411e+00
3.355140092517392425e-01 1.004549031948550386e+00
2.221791028377255173e-01 9.118095230213436597e-01
4.227250186058337245e-02 9.681101828626001993e-01
1.956555820335154072e-01 1.084175514996569722e+00
2.923769334628268934e-01 8.799631745756704149e-01
9.317756482059708079e-03 1.087568342347846828e+00
4.062653023424751542e-01 1.371998185055771868e+00
1.472198782865954680e-01 1.460809435365438613e+00
5.285655492556005919e-02 1.606449059630233211e+00
3.642895453341139511e-01 1.392335436505916846e+00
1.933841030824415830e-01 1.509711849837711117e+00
3.565666539971359961e-01 1.647227011953340980e+00
4.140671801595571799e-01 1.323816292192526278e+00
1.095987437033061757e-01 1.586199058045896670e+00
3.808023405774906278e-01 1.519728720176496184e+00
2.313946268672689710e-01 1.515685872465347472e+00
2.660241848876516713e-01 1.393350125842169884e+00
2.911594313023857516e-01 1.342075800790702989e+00
7.311301057913022206e-01 9.281619816975511528e-01
8.299405308664687952e-01 1.044971513975709865e+00
4.345590983674402219e-01 1.082363240922170400e+00
6.713616173635362783e-01 1.054398864612213549e+00
6.287037261819762302e-01 1.022219285305750347e+00
8.006406575723475916e-01 1.051478664464441604e+00
4.517832665984496954e-01 9.673978843002745132e-01
8.080199729978893020e-01 8.612904271945467372e-01
4.633742533063855973e-01 9.351222207738791870e-01
7.207526490345129710e-01 9.196113870186297667e-01
7.744496684819848209e-01 8.586353106634265764e-01
6.654089585119689065e-01 1.199796276010453022e+00
7.918826336865764093e-01 1.135581472975571105e+00
7.336568845041528952e-01 1.327989881923304916e+00
4.172265564625504131e-01 1.293613460445279140e+00
7.750786906224309547e-01 1.147817606993859929e+00
4.930084314945992197e-01 1.232273279860768511e+00
5.532822740706950793e-01 1.373200690063888896e+00
6.309983129320038131e-01 1.256798484502946067e+00
7.906533387441196936e-01 1.235645318108396173e+00
7.227814029678181207e-01 1.198863682576949863e+00
7.786595578873162227e-01 1.255438375902443671e+00
6.248905189868092513e-01 1.392136244564003533e+00
7.240437771152996582e-01 1.498220568790062490e+00
5.855493155508602054e-01 1.572804559410979630e+00
4.960576116615257325e-01 1.606826393421373567e+00
6.116217772958068011e-01 1.418941739702472837e+00
5.355035468069573312e-01 1.466749094697347378e+00
4.614134174898020246e-01 1.660912232974655733e+00
5.307909989101404769e-01 1.654483956786386933e+00
6.984972274087908328e-01 1.658498200886155516e+00
8.779120295260716134e-01 8.744406462153320181e-01
8.391816110739124257e-01 8.816914656970326059e-01
8.435388810913888591e-01 9.893380282132557824e-01
1.066400173352316072e+00 1.100541959718361440e+00
1.167026685665586871e+00 1.027017898629101200e+00
1.141684616735727520e+00 9.621947421727242711e-01
1.090435736632531238e+00 8.614550900719288862e-01
1.131900223765037294e+00 1.031086458846919074e+00
8.862545629891245280e-01 8.952384386858165399e-01
1.092866506508706870e+00 1.134051910642592143e+00
9.555276442319036168e-01 1.330039781854184255e+00
1.092835190369610965e+00 1.157134687531603534e+00
1.180289847259059943e+00 1.144202365956802137e+00
1.171065949233937920e+00 1.188376196505687821e+00
9.198952056065798910e-01 1.126634269131058019e+00
1.050985297945380648e+00 1.319210691501885302e+00
1.115479266873678821e+00 1.339981549869340594e+00
9.690458630068768953e-01 1.341549978193359749e+00
1.187707371212199270e+00 1.122058057877295401e+00
1.124765119568684302e+00 1.606682323062935902e+00
1.140082406057924880e+00 1.564856753464116901e+00
1.001102060457071063e+00 1.568489524058123585e+00
9.372764059515545920e-01 1.630054797507127340e+00
1.100603274872580695e+00 1.588383764520682417e+00
9.478180084581478981e-01 1.526514146756308365e+00
1.233440225698597459e+00 1.440720066235410268e+00
9.925397787697509688e-01 1.654460503704409557e+00
1.219502505081754729e+00 1.577958306706534586e+00
8.986634342809154408e-01 1.626591443027228578e+00
9.369411704694462495e-01 1.656799138169627650e+00
1.931705103250514810e+00 1.895825429548189389e-01
2.446658583588994684e+00 1.924185027714086504e-01
2.234282563679974132e+00 1.074351965198873937e-01
2.308716055472585627e+00 1.800440333776449631e-01
2.086473199231290376e+00 2.166138820770932907e-02
2.314594768678202907e+00 7.681599623547256950e-02
2.275215652772058839e+00 1.264169363487521736e-01
2.191204047070536731e+00 7.822030027378537587e-02
1.912627301069391494e+00 7.179541025723411296e-02
1.933238687153097768e+00 2.499405734754437391e-01
2.226017126981911787e+00 2.143901704851170487e-01
2.053863523567958538e+00 2.530980154006954308e-01
1.943455477497050943e+00 2.559290786412948826e-02
2.461118120827805456e+00 1.341224774254018981e-01
2.006795342708440177e+00 4.764614710569541334e-01
1.946131693307158628e+00 4.293919889395981793e-01
2.228884131654967238e+00 4.947359703496075900e-01
2.219163637338036565e+00 3.298145921533496283e-01
1.988065531612192460e+00 3.458675225572304113e-01
2.248229879056457658e+00 2.906542173675075724e-01
2.060267365508177573e+00 3.966868531247222940e-01
2.147047078804882325e+00 3.153593792695529308e-01
2.179486610621382159e+00 4.759550784740417262e-01
2.396339712718547510e+00 6.662086659176688075e-01
2.186990125474149949e+00 6.635839386160484743e-01
2.419725771567286188e+00 7.486812724981535272e-01
2.420534997629286700e+00 6.226333874138822999e-01
1.897621542376652704e+00 5.795362798472756261e-01
2.269455845789097648e+00 6.124792678998348672e-01
2.353734532782504107e+00 6.352767325600634507e-01
2.332433580622727654e+00 5.588313764068750800e-01
2.252824048820355696e+00 6.537766274337190042e-01
2.417181352849701703e+00 7.570567597543915728e-01
1.559144213557426051e+00 9.631184186212934373e-01
1.534553416357961719e+00 1.020401567441950874e+00
1.427440088551958919e+00 1.212479730244848897e+00
1.655161316916346603e+00 8.555560195035343263e-01
1.287683868813384258e+00 1.092099105708214557e+00
1.584342804614204514e+00 1.232203796392487893e+00
1.864142135292234936e+00 9.563697678379187161e-01
1.463935130668498230e+00 8.751854760526305288e-01
1.439117342470612071e+00 1.085969242917115052e+00
1.687834790619330283e+00 9.658894072781760709e-01
1.316726868276779427e+00 1.186065389737202658e+00
1.870095898770583354e+00 1.252995598274291966e+00
1.812197375520307574e+00 1.612737891306816440e+00
1.496017371545376839e+00 1.353951213736452663e+00
1.777382101898012268e+00 1.572287880779403846e+00
1.768491935855053487e+00 1.308359985327737451e+00
1.489918057068910562e+00 1.463658331276600055e+00
1.290397623095617785e+00 1.285957851683188213e+00
1.796495697136555325e+00 1.401208660523114879e+00
1.366327354156858132e+00 1.456556150339516131e+00
1.552954610696681392e+00 1.483151184164797520e+00
1.578075996899534816e+00 1.497037052462234286e+00
1.292774578566895372e+00 1.366941836624468554e+00
1.849014501086609474e+00 1.421972744996345961e+00
1.768501872502534322e+00 1.538155794512798380e+00
1.633931589549304508e+00 1.406535760277237923e+00
1.509325573249324481e+00 1.634143990424072879e+00
1.310364970214586977e+00 1.629057982961945150e+00
2.390850013827715781e+00 1.081545229541338360e+00
1.884635267744453113e+00 9.381662694890074983e-01
2.091388435065536733e+00 1.066790761617896877e+00
2.140175475668765426e+00 8.590630051785438370e-01
2.247958362829875600e+00 9.969396239714887198e-01
2.289711173882703399e+00 1.091542566541482850e+00
2.229931580524331824e+00 9.065675455242332426e-01
1.978882478622663310e+00 8.449568589920536388e-01
2.275658764028654524e+00 1.107124136878496756e+00
2.190035050395888305e+00 1.017979163497094275e+00
2.070887747285649283e+00 1.006959405676711050e+00
1.899537919703729205e+00 8.563552000695080491e-01
2.326955049660753616e+00 9.036150051690560181e-01
1.881007964211210082e+00 1.071153857593318826e+00
2.256708096380659612e+00 1.076279341709851955e+00
2.436066610518806019e+00 1.220596448493626029e+00
2.214640172027086962e+00 1.342996455453119964e+00
2.323126834875393065e+00 1.168415748795456288e+00
2.292598735642410901e+00 1.368660850451108413e+00
1.934927333499828039e+00 1.205837766944421352e+00
2.106006770359667435e+00 1.276933628180847879e+00
2.116926449818068434e+00 1.357096970299340288e+00
2.460092464810526458e+00 1.283940897270269721e+00
2.199168595872804666e+00 1.330008680095779328e+00
2.112394042095478319e+00 1.240484239662849264e+00
1.925675118512023554e+00 1.315073913650008697e+00
1.959365569986254663e+00 1.272180096234475144e+00
2.095267113561679384e+00 1.285710565758804824e+00
2.256098628254486371e+00 1.119681197148248319e+00
2.433717043839187077e+00 1.231325090601176342e+00
2.045642192773688528e+00 1.394822453428820719e+00
2.299952908350668679e+00 1.493072219112603793e+00
2.317890104243157889e+00 1.660236091918802170e+00
2.062537744882458224e+00 1.424960401169559576e+00
1.927501257915983368e+00 1.456699840494112719e+00
2.079223484983801384e+00 1.611290111512687417e+00
2.335499783130239759e+00 1.528841554756980914e+00
1.882501408904461604e+00 1.463467960594127648e+00
1.993485870893702661e+00 1.551888412601800660e+00
1.958322284336229568e+00 1.437056912019238464e+00
2.131594243004439893e+00 1.648007436933377257e+00
2.105912760211890333e+00 1.657606677589320121e+00
2.450479394963962498e+00 1.492966362590002039e+00
2.051854106914522191e+00 1.397097914644550354e+00
3.025532411533542909e+00 -8.018179347926710498e-01
3.045655238824359401e+00 -7.957630734503678971e-01
2.568836534362266999e+00 -7.843260138841114948e-01
2.934473848391130790e+00 -7.865609425842484681e-01
2.561751196460552382e+00 -6.592182058233572173e-01
2.729191203993668768e+00 -7.980719631991000096e-01
2.777261266988756638e+00 -6.461638670609600732e-01
3.042299854754610955e+00 -5.732653274578667357e-01
2.836793166524067100e+00 -7.338227321218444565e-01
2.806728047410609772e+00 -8.254145138038113672e-01
3.115379222358408029e+00 -5.680224586423094912e-01
2.736550029403430173e+00 -7.732334905283191340e-01
2.753207275710664703e+00 -6.247483401428146621e-01
2.602859707701797198e+00 -1.167584688123118331e-01
2.609442757622376874e+00 -1.893789181235465136e-01
2.543173082844490285e+00 -3.628498875839851756e-01
2.903946718183007203e+00 -1.986815483694032436e-01
2.718879517920505418e+00 -6.745779777527138865e-02
2.794752671062554317e+00 -2.922384997825538955e-02
2.631136413323224232e+00 -1.594862471947772198e-01
2.669902216909512127e+00 -3.540989369844993462e-01
2.931373326140121360e+00 -1.376209535206573964e-02
2.778875440362075899e+00 -5.277325573119184821e-02
2.761636837014783019e+00 -2.824978655421667151e-01
2.531798055568663663e+00 -1.459120768226589426e-01
3.076137237712680772e+00 -3.434002332469903163e-01
3.398291691311308149e+00 -5.616872387409106437e-01
3.149748032591513258e+00 -8.070327796341441040e-01
3.621475536674824802e+00 -7.398404436303614995e-01
3.436466638195969203e+00 -6.112747946435975743e-01
3.355601352007360649e+00 -6.254088569507212370e-01
3.577434328532346441e+00 -7.013076052671924909e-01
3.400198351923209739e+00 -7.216024627225383625e-01
3.662766870951174702e+00 -6.956991321184800015e-01
3.302593089302930274e+00 -6.956706722039280866e-01
3.378512839509606902e+00 -8.252960658348906797e-01
3.654657183749406624e+00 -6.610930937854135880e-01
3.312261227736501112e+00 -7.513876877333297566e-01
3.404197103427580196e+00 -6.966966332747732693e-01
3.245170378338202433e+00 -8.261631459530108801e-01
3.371400332712995329e+00 -7.841298026451524183e-01
3.411035848969207418e+00 -2.804280946436892852e-01
3.708472127119738726e+00 -3.496048955332551333e-01
3.235536147213603719e+00 -5.375543827794586615e-01
3.502788793530206224e+00 -4.258061838060424598e-01
3.148876737525803104e+00 -5.011818350619970941e-01
3.695499874679515351e+00 -4.692590964642175955e-01
3.302622670808674332e+00 -3.314821104449251488e-01
3.282679375128603194e+00 -3.740738195706732050e-01
3.181416286089455703e+00 -3.278159490468673942e-01
3.702847527946768302e+00 -3.705199019792941861e-01
3.615089576512585001e+00 -5.348024341581361085e-01
3.695704296851746395e+00 -3.625095330479305433e-01
3.428250956248441561e+00 -2.460424101086318149e-01
3.438776029846470017e+00 -7.387953911744196689e-02
3.138399943127748948e+00 -4.635286285121059668e-02
3.261320769426551358e+00 -7.242456558299981140e-02
3.679659129228500358e+00 -1.133646401741469634e-01
3.627271229039997991e+00 -2.066390369893237045e-01
3.622924824721093007e+00 -5.979419218124498725e-02
3.581953744983063626e+00 -1.647919693923006745e-01
3.704801352983809082e+00 -2.645284218458254788e-02
3.238382853763905445e+00 -2.765450679627254882e-01
3.156732263665036786e+00 -5.324994600535737366e-02
3.371871166282475851e+00 -1.037647999373628727e-01
3.597488481327114851e+00 -1.406929657111255505e-01
3.733635656382785051e+00 -6.623952310344338734e-02
3.420613352324612499e+00 -2.019637473736191069e-01
3.674293676596706248e+00 -1.670295948736447711e-01
3.331032769592751741e+00 -6.667396646170198338e-02
3.256211487556702089e+00 -5.467802436491520091e-02
3.634989173029802956e+00 -9.520198603668461601e-02
3.799651495833086923e+00 -4.654686028861887426e-01
3.985729389703735581e+00 -5.257523606184469900e-01
3.995780713574563769e+00 -4.525172252004454054e-01
4.029812442525074978e+00 -3.733371899784005965e-01
4.126014721052192691e+00 -5.252312316945731974e-01
4.035420320583508413e+00 -5.069542705764097379e-01
3.984789393576043892e+00 -3.963982536739943940e-01
3.913962055796820216e+00 -4.597482932071774164e-01
4.120576252058251399e+00 -5.170243980672866169e-01
4.050707526134502245e+00 -4.404931921298533282e-01
4.011286607673009819e+00 -4.700696082380207419e-01
3.978110393502770847e+00 -4.536400397633998383e-01
4.031691988289635376e+00 -4.369434135091024851e-01
4.025399847205447301e+00 -3.993493294488876244e-01
4.024651470794895047e+00 -5.160166426713594934e-01
4.142971477129722579e+00 -1.930854433375804868e-01
3.827231486255484150e+00 -2.312284111870064884e-01
3.761887375357295671e+00 -1.969098223833175010e-01
3.895770592105428864e+00 -2.827338260452685326e-01
3.935189352586438538e+00 -1.961393479605589851e-01
3.849380863502905203e+00 -2.315167043203510133e-01
4.149273756829693127e+00 -3.692891421644004524e-01
3.999343690824305408e+00 -3.186718151581472425e-01
4.014106174336196098e+00 -2.316174935988456196e-01
4.005566199274426253e+00 -3.420750107867940870e-01
3.941100347986604913e+00 -2.320107750528362933e-01
4.063168606876032207e+00 -3.431176995603517632e-01
4.000428693140441361e+00 -3.501276183992290125e-01
3.837238815429147465e+00 -2.547328288918895844e-01
3.766502576470172059e+00 -6.206852157379953716e-02
4.155291184142956951e+00 -8.924748063841268786e-02
3.967349461989451154e+00 -1.544561320292076601e-01
3.889957202095514877e+00 -1.643642525106528418e-01
3.993437671557406698e+00 -8.146398253678226176e-02
4.062227865862566567e+00 -9.577289326685894943e-02
4.161241423961399732e+00 -8.510235097227478174e-02
3.845806484913771417e+00 -1.839232520445716057e-02
4.060216675252692475e+00 -1.236077019151464174e-01
3.902853143741402686e+00 -1.689168528528157132e-01
3.789943944828056299e+00 -8.342757745964890503e-02
3.899122630129000289e+00 -1.220235757099333851e-01
3.996369240836236791e+00 -1.185478607427522535e-01
4.089595943566060932e+00 -1.521187108576524949e-01
3.786808312018945077e+00 -1.199081141413457230e-01
4.145669961896125244e+00 -8.266064521744509452e-02
4.317273264937360189e+00 -4.890044852109842188e-01
4.470295135106759687e+00 -4.547926969946507469e-01
4.557743626137386705e+00 -5.319763094470574272e-01
4.373986314453592428e+00 -4.880033096115645175e-01
4.366346704797644307e+00 -4.592689499504231110e-01
4.318198521537265577e+00 -4.964193177165303617e-01
4.517829480345789683e+00 -5.367832567428729718e-01
4.260482190247000922e+00 -4.464876233764050739e-01
4.211750874434690317e+00 -3.994275658717096888e-01
4.239605758171633987e+00 -3.754677923133118433e-01
4.333090645388568696e+00 -5.551466994321740955e-01
4.514223544546497102e+00 -3.975639839069065040e-01
4.566857647832387457e+00 -3.900539265866279637e-01
4.174881194195625866e+00 -4.771804097985683502e-01
4.261842901250411764e+00 -2.560457920463419801e-01
4.323271986614644291e+00 -2.110019927969613296e-01
4.406473834854741867e+00 -1.964662098642274424e-01
4.220487595681623461e+00 -2.958994774225812141e-01
4.402914604703902945e+00 -3.508711614115534450e-01
4.411573803702875551e+00 -3.066105594599608519e-01
4.207348803488924815e+00 -2.698203151945571809e-01
4.271376948559319153e+00 -1.867274569135357332e-01
4.254333855534788711e+00 -2.996409552003425625e-01
4.241894995875070684e+00 -2.022216247153322266e-01
4.372191759763787822e+00 -1.979012754508757133e-01
4.381732067906340511e+00 -2.723862475087763801e-01
4.219833631373730576e+00 -3.682355282564797605e-01
4.203012782609201636e+00 -3.658404163609777493e-01
4.405008361599993982e+00 -2.572078941302400890e-01
4.456154945833908698e+00 -2.611316579166143570e-01
4.349540476792697064e+00 -3.174085091308447293e-01
4.218657790788840067e+00 -2.603013941732117420e-01
4.533078468233219027e+00 -4.813635819451683728e-02
4.459726903659040786e+00 -1.838829896952881571e-02
4.256014297880376773e+00 -5.678199407047448966e-02
4.291815790751842385e+00 -4.387195224347606448e-03
4.326830518042239504e+00 -1.301712183286792279e-01
4.265730985236632300e+00 -1.062739689385367448e-01
4.260165159742438590e+00 -4.768017811366725978e-02
4.199120008231732371e+00 -1.071444323111785807e-01
4.374545644787464660e+00 -1.363801388835158557e-01
4.175631436857122125e+00 -9.887515581441040646e-02
4.552952717109100433e+00 -9.899957723925190134e-02
4.332878711368727487e+00 -3.402363508362393762e-02
4.174977023824360423e+00 -1.564868887207506165e-01
4.909779370847676461e+00 -5.355189930191451841e-01
4.669729605166494935e+00 -5.446026445552194506e-01
4.997358825986207620e+00 -3.063715979008550527e-01
4.932403219304053898e+00 -2.857062683823002880e-01
4.625907749787012690e+00 -4.752472203709256493e-01
4.718579579036753735e+00 -4.856964854937723675e-01
4.887538870631544796e+00 -3.499245840864580459e-01
4.606609755426316788e+00 -3.625284345799899555e-01
4.895107274071557768e+00 -5.448744142429946535e-01
4.679110848780909215e+00 -3.143645710360002954e-01
4.659740756345519763e+00 -3.080422866983938412e-01
4.954940750162009522e+00 -5.428559563369391716e-01
4.639873217289076202e+00 -5.224968139758962016e-01
4.810590056361310651e+00 -3.620155114606746771e-01
4.778640018303407899e+00 -4.390875088632375522e-01
4.651666775883486871e+00 -7.062225820687101363e-02
4.845511416738165877e+00 -6.364280563347241015e-02
4.738531088548735504e+00 -1.599718562495462959e-01
4.641781366705349576e+00 -1.661941554016741207e-01
4.740767821536799431e+00 -6.413043842564261632e-02
4.966614683824361443e+00 -1.124678243039130832e-01
4.761076017802006177e+00 -6.863361246693680529e-02
4.619979091346542610e+00 -1.186663962223018509e-01
4.738277624444500624e+00 -9.936704422389525115e-02
4.619183218497783017e+00 -2.566123105300007201e-01
4.730366339603429005e+00 -1.480920467585952749e-01
4.639543746578635108e+00 -2.300564626931353995e-01
4.942689662693754649e+00 -1.524075091508461099e-01
4.983792979668764112e+00 -2.471680814029131312e-02
4.856125765952612028e+00 -1.358852757321276084e-01
4.921012855650918283e+00 -1.710870818465589638e-01
4.908354729613378709e+00 -2.631075343174527070e-02
4.706068119320113041e+00 -2.711198293640828538e-01
4.740990048145853564e+00 -1.558701908499287025e-01
3.100097425522965189e+00 3.630373105384619437e-01
2.954120525557403898e+00 1.620566979811848551e-01
3.066878618277883550e+00 3.146378086962648979e-01
3.069154406435940174e+00 3.414113654566263145e-01
2.598877002377068646e+00 2.973146904959370063e-01
2.816018044620058003e+00 2.755300652530309202e-01
2.783352549728221881e+00 3.755107896120415956e-01
3.023931813493179188e+00 2.559843849362978263e-01
2.996627620584521257e+00 1.773457253569521996e-01
2.922304993411524610e+00 3.839578380025950727e-02
3.114134557673951420e+00 2.720842387913423588e-01
3.052125443977190322e+00 9.014809071012028219e-02
3.083231246741628961e+00 7.704505827274188423e-02
2.655891769355412713e+00 3.785588519486587367e-01
2.562912821068877189e+00 2.533503793849017360e-01
2.629721506286766264e+00 2.993175854100573741e-01
2.577249565028086664e+00 3.671624818283542591e-01
2.670807223835142796e+00 2.039655328456593253e-01
2.818577710669583514e+00 6.057548717325582643e-01
2.638556662416217780e+00 6.335256301883598340e-01
2.593917722275069782e+00 8.130896578653692419e-01
2.557525007275553541e+00 6.803779004581729239e-01
2.575609656960605953e+00 7.889281581880519534e-01
3.015177285673961372e+00 4.956795505679724712e-01
2.960644474830463224e+00 7.573213273570112980e-01
2.559403004547032179e+00 7.418518325656641155e-01
2.531978310805953925e+00 8.059226995513358860e-01
2.859701867640024542e+00 7.305354649812975110e-01
2.797518152798222690e+00 4.274984579402162366e-01
2.538881492495970615e+00 4.730377163536687024e-01
2.930731720342093283e+00 6.714563053485829158e-01
3.239421401641058296e+00 2.500009748132765997e-01
3.235520994707926867e+00 1.593868490698629181e-01
3.225926833306866470e+00 6.396953959495001174e-02
3.184649768525841917e+00 1.120820488688344385e-01
3.471913357219960528e+00 2.811714156115888499e-02
3.412545197746398085e+00 2.730031010943641534e-01
3.302186117884354566e+00 1.029794794994630946e-01
3.136258603199888029e+00 2.515670629493320029e-02
3.126449906997739170e+00 1.308908702545368008e-01
3.350514099345842656e+00 4.727452985797911955e-01
3.325933055334911348e+00 3.399415889051950468e-01
3.429941558930411638e+00 4.321574663180195452e-01
3.572330516130834965e+00 3.523956829129263890e-01
3.151785057298273518e+00 3.829937254289387250e-01
3.442080253434605552e+00 3.284445649627514840e-01
3.419933667144156253e+00 4.829488799275390987e-01
3.155946093594584667e+00 3.633034687555937725e-01
3.575014316160427086e+00 4.445968376417364643e-01
3.356800587835218064e+00 4.413011737580349036e-01
3.342275916625735199e+00 3.752939203155881143e-01
3.485412802565202028e+00 3.258375244187428632e-01
3.258084642060409930e+00 7.145808747469071243e-01
3.595938578660462071e+00 5.632894704218083248e-01
3.295896369083361588e+00 5.947584998543947732e-01
3.510567186974926202e+00 7.115383042330893915e-01
3.375642943846543620e+00 6.934098518378373210e-01
3.253179322406519081e+00 8.285199510752709884e-01
3.689541407559691066e+00 7.073185899321878800e-01
3.655279870857283342e+00 5.663478274572770754e-01
3.452795441195235515e+00 7.626993117592189009e-01
3.733742723168238520e+00 6.603287008338268871e-01
3.249816595534915198e+00 7.665157813035908818e-01
3.745332380049346099e+00 8.322769994271733696e-01
3.332769973409979603e+00 8.232834009131330122e-01
4.063875578830473678e+00 2.420774277452277801e-01
3.778745833768161866e+00 2.738838963722144970e-01
3.944173765932720954e+00 3.111318336370345605e-01
3.768577823274030347e+00 1.280832902246499538e-01
4.313426417672985735e+00 1.220633589088455373e-01
3.759414141701603373e+00 2.617270592034913745e-01
4.049959258286640384e+00 3.072336789787720179e-01
3.917397175949304255e+00 2.480585277173819603e-01
3.974384448061061281e+00 4.055640066841362801e-01
3.750274310940221234e+00 7.323887160828984610e-02
4.177609444811468009e+00 2.288211372641505426e-01
3.757985078987475358e+00 2.513084846164201913e-01
4.017769304974554423e+00 5.512676383133670033e-01
4.129615922013128326e+00 6.864289846514699533e-01
4.291721551018522263e+00 7.228737511358536150e-01
3.944276737396978039e+00 8.129403863633160032e-01
4.127750230341675319e+00 6.492894938558877449e-01
3.849162771760867408e+00 5.217043402227123927e-01
4.296754282865624219e+00 8.123886626358495233e-01
4.118186453569474992e+00 7.347201641996377042e-01
4.247225263995909827e+00 7.425154030703335906e-01
4.028244303604242127e+00 4.561488383332761853e-01
3.969254614820476146e+00 7.202653502026724608e-01
4.349311246994870039e+00 5.142368458118897756e-01
4.132207614820953445e+00 5.394325770972357992e-01
4.180090255544644862e+00 7.047129684404240813e-01
4.143717577841046662e+00 8.050073654271368007e-01
4.213594375959165639e+00 8.241043540612582596e-01
4.955704312338256479e+00 4.880984473166520392e-03
4.433107219886912809e+00 1.352367801702261396e-01
4.777230212353961392e+00 4.369771836632795753e-02
4.934197428752818304e+00 2.319580672217284589e-01
4.955379385564168793e+00 1.231701150425917046e-01
4.630080456429262803e+00 6.345435272320289199e-02
4.448280312099166522e+00 6.630749314130966049e-03
4.739569826833328392e+00 1.712893618435102489e-02
4.678494538595765029e+00 1.494717684809947766e-01
4.890396261196043426e+00 1.027154669794163033e-01
4.990159042209969975e+00 6.198682872155852897e-02
4.882834175838954849e+00 9.331497713850633868e-02
4.741942416169292684e+00 2.581801038797055248e-01
4.893205428572474425e+00 1.613649336403503998e-01
4.946167792222238901e+00 1.616874109124600278e-01
4.467091051924309220e+00 2.405454734891079305e-01
4.587086812419094883e+00 3.357544419367863298e-01
4.939554742391225162e+00 3.243906685342837770e-01
4.613060111443269662e+00 5.337379747957315956e-01
4.713568059271067590e+00 4.860437916139338510e-01
4.567795928790440385e+00 4.350588640057166945e-01
4.599448297451411705e+00 4.576198262993600996e-01
4.816112353339899066e+00 5.453216058768410868e-01
4.616761299285155218e+00 3.696472602912954097e-01
4.726269351832635301e+00 3.908461329001692852e-01
4.474717294919989818e+00 5.511669306887732045e-01
4.804475493647268003e+00 4.255143519448991718e-01
4.875892594774189348e+00 3.862565399698053015e-01
4.580289446010382903e+00 4.272172896821173627e-01
4.828021537509911809e+00 3.089647775404636421e-01
4.985688263227784134e+00 6.455008700116259268e-01
4.507641435855275880e+00 8.300037803466961961e-01
4.775056783380233760e+00 8.017469294864917329e-01
4.923395607156063392e+00 5.979090776948371433e-01
4.902832963457322002e+00 6.931661414976003632e-01
4.843581971410832132e+00 6.389132469361231692e-01
4.738766954622739114e+00 7.941810950869863106e-01
4.825625726873008503e+00 8.017263615594822923e-01
4.707228696310298055e+00 6.934394582592586787e-01
4.564970081560704607e+00 7.216898162112377335e-01
4.780562346546001429e+00 6.914639891635533386e-01
4.934457896124279763e+00 6.579350636538523478e-01
4.878649213893203829e+00 7.634843103270445575e-01
3.589701293416698302e-01 1.942661259902873638e+00
3.800950025676021471e-01 1.805374687913453791e+00
2.544891657700124044e-02 1.922917665649179986e+00
1.891398727840562510e-01 1.872161845392497082e+00
1.019411296532147654e-01 1.728002531950024068e+00
3.404027026933333921e-01 1.918409142625686403e+00
4.866453176375999667e-02 1.699155305107653113e+00
1.869498636218496629e-02 1.839005161399505761e+00
1.472619892729946922e-01 1.856598534862271332e+00
2.824266749799986265e-01 1.875863996621029095e+00
1.857228461677055617e-02 1.687451027769826917e+00
2.977947429185020534e-01 1.896294793773951604e+00
3.129976608575399388e-01 1.755089269409991770e+00
2.653661332288284602e-01 1.846158932505975514e+00
1.937038854574499314e-01 1.709989493705978303e+00
4.168908594746982381e-03 1.777183303860736308e+00
3.913704850774635258e-01 1.735924550699422531e+00
5.293700051835825704e-02 2.086560273290672285e+00
6.626599236506515445e-02 2.193268699196856630e+00
2.790970498573122627e-01 2.168167543406501974e+00
3.522824222447911713e-01 2.083469552295124316e+00
3.692520597255782855e-01 2.129325933315311392e+00
2.514033411125015105e-01 2.185739888088844118e+00
3.648477811002364679e-01 2.029927422787779712e+00
3.711154804328535284e-01 2.004163674760573777e+00
3.821018457087695941e-01 1.965535841954086482e+00
1.880213795204513372e-01 2.086797722373646469e+00
3.718603213726033307e-01 2.105016660316263888e+00
1.174613644553955949e-01 2.129616629819186979e+00
1.765440789188972293e-01 2.114196897816712717e+00
4.044678342950938643e-01 2.220696025452558509e+00
1.630771995411649522e-01 2.456330287989679562e+00
1.680064181082579766e-01 2.431168300849898767e+00
2.678031842594761347e-01 2.382320604313105772e+00
1.473467306653994668e-01 2.445678424931045924e+00
3.739437075048893111e-02 2.329673875357908042e+00
1.686039992943894339e-01 2.357621045991896036e+00
2.098123810449501955e-02 2.276767046091432434e+00
2.106764982483045057e-01 2.468469564869565147e+00
1.472491567187054762e-01 2.486411746258299971e+00
2.160462859363683485e-01 2.481111508207721084e+00
7.377742071860087826e-03 2.361994610810181250e+00
3.929166521337996987e-02 2.230491631781577500e+00
1.275684160532027656e-01 2.349587777409261946e+00
1.206495967562878080e-01 2.323013176980929462e+00
1.692281218604935189e-01 2.560259607417290084e+00
5.516953624130254558e-02 2.646081384043823981e+00
2.328927693448950564e-01 2.721729298383924522e+00
6.006666610283271923e-02 2.503122518242880901e+00
2.226163617795653693e-01 2.771382455732854133e+00
2.277235483154088636e-02 2.767268578532928736e+00
2.375152661392656017e-01 2.559303707687084817e+00
7.913256707371857379e-02 2.623883028454335520e+00
1.605425330395200967e-01 2.736367367915282678e+00
5.760609028021584921e-02 2.727175727775368763e+00
2.424231715745478744e-01 2.610891529370206854e+00
1.511719757882108439e-01 2.762191171688046953e+00
6.831725374062791456e-02 2.747728703993532307e+00
4.740274862694614511e-01 2.832133359412091878e+00
4.689343609522853007e-01 2.853667743555254876e+00
8.631903943205787577e-02 2.831706138923327121e+00
3.583024477344161351e-02 2.788947355486834923e+00
4.243890054388859689e-01 2.909373478242659239e+00
5.343759748162243972e-03 2.787322660346968295e+00
2.017148845685505509e-01 2.908584818417901285e+00
3.234006210665139047e-01 3.044567491550569827e+00
2.607063694559702549e-01 2.810372769684246652e+00
6.137656699077552735e-01 2.841186828499558281e+00
1.490323161529360507e-01 2.992438553709194871e+00
5.909734936146879836e-01 2.840452031687496159e+00
2.733390245330441504e-01 3.006901199650542367e+00
1.226516233681155393e-01 2.866875159253233551e+00
5.535542527512274380e-02 2.966136808558281768e+00
1.638670469598185742e-01 2.856263854160705495e+00
3.909387255986246368e-02 3.017066594507888944e+00
3.592844699881819759e-01 2.888957767725894854e+00
5.956530226292953145e-01 2.950876143063309698e+00
5.701782126862193767e-01 2.863060011575186081e+00
7.287504463935889909e-03 2.805086392449969157e+00
5.514915055455549275e-01 2.933061326664918589e+00
3.508269831139856909e-01 2.783094162437398822e+00
1.700590276219035579e-02 3.213959118781835933e+00
5.376486250507683806e-01 3.257153628279752855e+00
5.400402573488722879e-01 3.162814588268310523e+00
6.065028352695864822e-01 3.118010769649027569e+00
5.709223495849298502e-02 3.257366899109685132e+00
5.821863100262281154e-01 3.220743858051795527e+00
3.236074208128506546e-01 3.310879382818272099e+00
5.778839221346245836e-01 3.243824439400075477e+00
8.494570254275531085e-02 3.237862773317325082e+00
5.590855150112873373e-01 3.127410330412399020e+00
5.700786858380120226e-01 3.190891014390978775e+00
6.364819841364000030e-02 3.199280998416088817e+00
4.038907342863464756e-01 3.156446927753735476e+00
1.404993350561357102e-01 3.274093328118830026e+00
2.454478604628967386e-01 3.320605566170573120e+00
2.908769023343699134e-01 3.306417892398735514e+00
3.990396625441690048e-01 3.313359209049838050e+00
4.710802806517563890e-01 3.140594856166394777e+00
5.453071195595968756e-01 3.553166266952228369e+00
6.698469075509451420e-02 3.453986199506093424e+00
4.575016283751433266e-02 3.401517038178447638e+00
5.546952579071349199e-01 3.606462892012470167e+00
1.021114269255864876e-01 3.445711455216201369e+00
3.987297578337508641e-01 3.413762853080050341e+00
3.936892818954369488e-01 3.486156156276472906e+00
1.840509519146747708e-01 3.451016055474988686e+00
9.046082918812668738e-02 3.419257634039345906e+00
6.856093534776654119e-02 3.441573212745728139e+00
2.443719417262890103e-01 3.539811713401204152e+00
2.049216634468281617e-01 3.527613525152647700e+00
4.918362334159490090e-01 3.419914526266359722e+00
5.224993424474571047e-01 3.494943602939774685e+00
5.212397094972438527e-01 3.591220726071922886e+00
1.093001308925421050e-01 3.444376022976159302e+00
4.404200724312957171e-01 3.380179966584718088e+00
1.616640266606045317e-01 3.427031239518106620e+00
5.952063241332812282e-01 3.413593715300340392e+00
3.362744864296243752e-01 3.474496558829708537e+00
5.643360565201099854e-01 3.558710569388839229e+00
4.260378492124669569e-01 3.369122877601798738e+00
4.915110032226180370e-02 3.610179518933661402e+00
5.754247751263097399e-01 3.510227494193522091e+00
2.079277049109117814e-01 3.845591590481523880e+00
7.732808792724150948e-02 3.693547955472372024e+00
1.439028225869893318e-01 3.858381647662636471e+00
5.723789500676322861e-01 3.682142719103477901e+00
5.463558164646040161e-02 3.801960550569857045e+00
4.811288889652629575e-01 3.878198696004618640e+00
5.449350911109414053e-01 3.845348615145237847e+00
3.555663451773957151e-01 3.615656090462882055e+00
3.352502361323780322e-01 3.779993279031321318e+00
5.603140301512337107e-01 3.806356173577856605e+00
2.678287226930187170e-01 3.727903202993023690e+00
8.252910239280195070e-02 3.814091827154309833e+00
4.586347304656118173e-01 3.780494485897825552e+00
6.503424170630434098e-02 3.766186721733726372e+00
2.312434536111929173e-01 3.886947598005890292e+00
4.771973461373693604e-01 3.834279343624091396e+00
4.229669103632178739e-01 3.705923496925228822e+00
1.043997931700881010e-02 3.915979621981164005e+00
4.767868755997130004e-01 3.998771390440215345e+00
1.822783618771223191e-01 4.112606578612577835e+00
3.766614941593755816e-02 3.943743530239933293e+00
3.625933514559573356e-01 3.976689642788026280e+00
3.877208070948684471e-01 4.111178285429763157e+00
4.334093588038299139e-01 4.110765376670580729e+00
4.973719947196225677e-02 4.135711588783678394e+00
5.399277426485477038e-01 4.029201603043259361e+00
1.546786897001620198e-02 3.906831288887579134e+00
5.054801617923019297e-01 4.094001573054904419e+00
5.983281499973475137e-01 4.112211337554382062e+00
1.195312410448574197e-01 3.951849472219069792e+00
2.977260043163099112e-01 4.024521258268227264e+00
4.112732721133589564e-01 4.110448515207872688e+00
2.630232175698067332e-01 4.066548473819078247e+00
3.061584820622713643e-01 4.155567820187279438e+00
2.235494947713764780e-01 3.942488277146992459e+00
2.800480074777638162e-01 4.087154135055427240e+00
5.269327943230519562e-01 4.154771517392697788e+00
5.648829488929987264e-01 4.308710668212435202e+00
5.474890026412964072e-01 4.292307332399085240e+00
2.634955651926102482e-01 4.370580736231163499e+00
2.781577955195865259e-01 4.321891218538058688e+00
4.837131077549930991e-01 4.314992916491182662e+00
5.101700001537791129e-01 4.324012793798596377e+00
5.161631100065376954e-01 4.215657926443827641e+00
4.645498645208842037e-01 4.275581061539704741e+00
5.995540324515065134e-01 4.439429861614232919e+00
1.472693947531457381e-01 4.357805738406010043e+00
1.450750451068988367e-03 4.309528693831691015e+00
1.988496259613921346e-01 4.267045074882508615e+00
3.047678132861346700e-01 4.367020036861948284e+00
1.581839317560160274e-01 4.280318506861231498e+00
2.523307062000752499e-01 4.481526992400262088e+00
4.356446060048244084e-01 4.701717386510471108e+00
4.528188532851226134e-01 4.569422622458942485e+00
3.502215468680432986e-01 4.468909170742222159e+00
5.511908723828091716e-01 4.625955715474552754e+00
6.685187362668043587e-03 4.589097689753774745e+00
3.642496586265385750e-01 4.553468318516945779e+00
1.110536007408194359e-02 4.550946046364639841e+00
3.040385617972887755e-01 4.594051063895109976e+00
8.369876603774861756e-03 4.454527125017441413e+00
1.333088172930356474e-01 4.666662178757614576e+00
3.708251227644154824e-01 4.585343748043127832e+00
2.555481389514766000e-01 4.759114925551072517e+00
1.300605168508187637e-01 4.864382115422364983e+00
9.859103523794994495e-02 4.837520736010481492e+00
2.203546364603792829e-01 4.827180667595977859e+00
1.509639354333018602e-01 4.864139573927297455e+00
2.552084047194529970e-01 4.894742668368970762e+00
2.832418463966173694e-01 4.903136526501861603e+00
5.840621443427252979e-01 4.776918652722323522e+00
5.310647906774615401e-02 4.759996857545093718e+00
3.875946380489442844e-01 4.936249530639498673e+00
5.674663152712924319e-01 4.802118718888678472e+00
2.111260002447224449e-01 4.874471141723230261e+00
5.409433042546968329e-01 4.901880381376638063e+00
4.357550582972375963e-01 4.909682371589247474e+00
2.270999114080179959e-01 4.841015101231502804e+00
9.008564138761429585e-02 4.941670498742219308e+00
-3.327776522151179028e-01 -4.731926735795555672e+00
-1.170960654532833267e-01 -4.824550969769940245e+00
-3.459454935638059947e-01 -4.942787285000775910e+00
-6.048727492230258074e-01 -4.922464532228103096e+00
-3.888755751873229638e-01 -4.817287493963940292e+00
-3.659862450116267985e-01 -4.979413542022586014e+00
-1.848098858778265963e-01 -4.946310154392497438e+00
-6.114777464690303033e-01 -4.945517533275644695e+00
-9.685870767594351172e-02 -4.738403789281268708e+00
-1.907483809155176013e-01 -4.890815588630113453e+00
-5.832624568852726732e-01 -4.832113188041637031e+00
-5.160126158839359878e-01 -4.932634071895611427e+00
-4.005261702618879704e-01 -4.987512332101717405e+00
-5.453746710996145719e-01 -4.782114396516970345e+00
-2.204665123937417093e-01 -4.842802352759750129e+00
-1.213235185029497565e-01 -4.706813916714216006e+00
-2.720621368850023036e-01 -4.567622466365381051e+00
-5.626695058639692437e-01 -4.698094375034585823e+00
-5.061718402596736555e-01 -4.477346878016698284e+00
-5.951055578152874004e-01 -4.518338109846420814e+00
-5.907477315513566252e-01 -4.472166841158454531e+00
-2.237494435455898989e-01 -4.530452810208585923e+00
-4.957917791945136710e-01 -4.514703280627532678e+00
-4.696787200782306382e-01 -4.465185067628678617e+00
-2.092857139674256239e-01 -4.582744390637922827e+00
-3.115539356495342638e-01 -4.674479569354924813e+00
-2.314947493528642930e-01 -4.667721182836716665e+00
-5.017698063306658129e-01 -4.704478973176967393e+00
-3.882182030649712345e-01 -4.548148553958275997e+00
-2.342311263775857522e-01 -4.415551689683100633e+00
-3.144227572255147152e-01 -4.417994047874754138e+00
-1.661946621571217531e-01 -4.316103032718827670e+00
-1.071890562545849690e-01 -4.404091115940528489e+00
-2.965194093249673979e-01 -4.386419812788112438e+00
-4.929540108656826902e-02 -4.348468150701252810e+00
-9.022993238828519447e-02 -4.262592344925335119e+00
-6.494003013594351614e-02 -4.290173581567199079e+00
-2.945495302542771587e-01 -4.090534391666855285e+00
-9.590756842502251578e-02 -4.184095608481484874e+00
-2.063144283459010797e-01 -4.114245685805378194e+00
-1.980897401766000265e-01 -4.110109986632245693e+00
-3.620853773225214955e-01 -4.178256553188644418e+00
-4.051309778976194265e-01 -4.122953732944742100e+00
-2.545562963008386470e-01 -4.193805311943476610e+00
-9.624351809088432796e-02 -4.254115535699380501e+00
-2.366058625622639300e-01 -4.249249038185989313e+00
-2.152074933720130867e-01 -4.195068173800689415e+00
-3.394670984932833813e-01 -4.190176689500847651e+00
-3.309524433999228021e-01 -3.993739719863561799e+00
-3.052000324936905429e-01 -4.002636275624394280e+00
-3.514264582471504639e-01 -4.019413556821411326e+00
-2.456389258935163800e-01 -3.964750931092889896e+00
-2.379941076712764336e-01 -3.957006307063722250e+00
-8.362531888792257284e-02 -3.896145396331492705e+00
-1.845426546049559191e-01 -3.911586389283074450e+00
-3.986793215689747871e-01 -4.046495432302376294e+00
-3.731412725020515353e-01 -3.986466267334563440e+00
-7.713957409643990015e-02 -3.909626553602878030e+00
-8.654165068309088715e-02 -3.698096407171694633e+00
-2.980694591869466614e-01 -3.636676981792487773e+00
-2.405095934961270776e-01 -3.718292414015560876e+00
-2.230713153621183276e-02 -3.722499823330513102e+00
-2.514531376005102459e-02 -3.621266365233517526e+00
-5.922346653674459560e-02 -3.842820895835548534e+00
-1.413967341188648308e-01 -3.727005512941383270e+00
-9.385834965439404654e-02 -3.804597480743862725e+00
-1.556740256574112302e-01 -3.756202772778786336e+00
-2.779699441129027671e-01 -3.750285701016344841e+00
-9.566390957256332150e-02 -3.687725768047842134e+00
-1.580994785219713705e-01 -3.813471905445820820e+00
-3.079420428175905222e-02 -3.644788278729250930e+00
-1.214650719161713965e-01 -3.630049474186235692e+00
-1.256793876427044765e-01 -3.619274150379649502e+00
-2.620500444323059508e-02 -3.402759189054345601e+00
-3.755760636313792422e-01 -3.459748310115807080e+00
-1.056103904004893623e-01 -3.368393899345840659e+00
-3.891692972512501569e-01 -3.342434489349976001e+00
-3.316811598354251212e-01 -3.417584382122193620e+00
-3.580164529735631040e-01 -3.465481863453778733e+00
-7.433308540033417566e-02 -3.350075233365948257e+00
-1.834838652300413708e-01 -3.498090660605229996e+00
-2.491483815886512132e-01 -3.497163055305475332e+00
-3.467059015644966546e-01 -3.496585329467619907e+00
-6.023046778848889504e-02 -3.434825757659379697e+00
-3.700421126527007054e-01 -3.361987461591549042e+00
-3.687283008481687663e-01 -3.507833531551278750e+00
-3.108252656702037431e-02 -3.491039281731861621e+00
-1.536800735536515417e-01 -3.515795254478109033e+00
-3.942313090544427023e-01 -3.371066169763008880e+00
-2.279154694502545375e-01 -3.572496195446730471e+00
-4.662354514141653361e-02 -3.397660124982868624e+00
-5.114755428704648166e-02 -3.121697502252143153e+00
-1.185581333586490649e-01 -3.264744957807386161e+00
-1.321457537587739650e-01 -3.261705607510739569e+00
-5.044812751904120818e-02 -3.210571408567998386e+00
-1.345195187593747344e-01 -3.114003164783262001e+00
-4.940462420151114920e-02 -3.248918783858311787e+00
-6.427519724973002058e-02 -3.123293797575281694e+00
-1.421229917090705008e-04 -3.302160762715535380e+00
-3.452790336207320343e-01 -3.321248574879680504e+00
-3.044455009819017621e-01 -3.314943509317777259e+00
-2.596530780369055158e-02 -3.083262949453482893e+00
-4.068287620924503911e-01 -3.245796943196434636e+00
-1.605381178893378058e-01 -3.255360369399578513e+00
-2.508432814415512135e-01 -3.298834223889283379e+00
-2.055956815046248165e-01 -3.169625062710143659e+00
-3.347664926601014446e-01 -2.961822950683869138e+00
-1.565013033898485229e-01 -2.954666019280878242e+00
-2.369500300277183336e-01 -2.830843773907250949e+00
-6.725877313920730627e-02 -2.951401462333154591e+00
-4.452041178940158161e-03 -2.958466061411459957e+00
-2.740877856782440447e-01 -2.856916783039206820e+00
-2.662843053342034416e-02 -2.876237112150276776e+00
-6.050560123210491081e-02 -3.023879745204089087e+00
-3.175014428569011282e-01 -3.036017503560952235e+00
-5.787841959402095782e-02 -2.977690869668485174e+00
-2.780242131538478434e-01 -2.858742507120073384e+00
-1.243358327671164054e-01 -2.838697132682160174e+00
-4.114700279444651332e-01 -2.981440213376128412e+00
-4.069367335918749329e-01 -2.880341201718382482e+00
-1.084312883730805810e-01 -2.937191776124228770e+00
-2.194655420599387341e-01 -2.956942277065567559e+00
-2.964955939829742038e-01 -2.721283182430178194e+00
-4.038481159521783437e-01 -2.618988570465969445e+00
-5.903852060717257322e-02 -2.685777103462535287e+00
-2.690193924474512110e-01 -2.598584264915437370e+00
-1.805116159275029775e-01 -2.594079684689134524e+00
-3.328991602943585648e-01 -2.622608717335352502e+00
-3.725533763595532122e-01 -2.594371508612371535e+00
-2.057860461115988138e-01 -2.651380337177952740e+00
-1.383705817519426118e-01 -2.706964517733160491e+00
-2.459695554624588276e-01 -2.716034005505705284e+00
-2.960765134464300452e-01 -2.663077621991078558e+00
-3.531350307316442061e-01 -2.663782573100787143e+00
-2.580716793755177263e-01 -2.745131011321277903e+00
-2.023784266623633032e-01 -2.627662463768224654e+00
-1.661674803947367218e-01 -2.695042124670115502e+00
-3.865933542489597419e-01 -2.623115322262847826e+00
-1.389727079508346064e-01 -2.687693784853467438e+00
-3.915675144767017390e-01 -2.771659039404462010e+00
-3.645409812018465257e-01 -2.596242336975636000e+00
-9.071068015152505826e-02 -2.765369313128264395e+00
-2.522148196800904074e-01 -2.650748855353974420e+00
-1.206402282335554688e-01 -2.719194921565853740e+00
-2.478526465743176033e-01 -2.554452373502059892e+00
-6.544954572320293984e-03 -2.450456454168199460e+00
-3.308200855909362303e-01 -2.418621459966608711e+00
-3.571619298270130582e-01 -2.566321447850106630e+00
-2.857964282627072361e-01 -2.474723818970799183e+00
-3.797822445644869482e-01 -2.428940136286121820e+00
-2.790074089272566726e-01 -2.414328355512650237e+00
-3.584402483061047140e-01 -2.422739912999530620e+00
-1.325343782887741240e-01 -2.430652489459729892e+00
-1.360052236952656313e-01 -2.468056244878247263e+00
-5.563014842015445716e-02 -2.564122589232670002e+00
-1.286679880067154724e-01 -2.459459637928837594e+00
-4.052578690417146801e-02 -2.447532273368118627e+00
-3.167025341169795727e-01 -2.479487195693403034e+00
-1.682156798477966453e-01 -2.487747712029737990e+00
-3.626289472622908350e-01 -2.536647587081103161e+00
-2.553224188790490512e-01 -2.561930661744961757e+00
-4.762552574370770841e-02 -2.452197030161995972e+00
-2.388605022964696012e-02 -2.505478075948560868e+00
-2.775304169244570129e-01 -2.380760247647923489e+00
-3.235301511250782136e-02 -2.349250678799294612e+00
-1.477454066628257345e-01 -2.299417424618811268e+00
-1.452773930775586031e-02 -2.387117141460035175e+00
-2.649979643412025965e-01 -2.356456137203425616e+00
-9.270587723212653231e-03 -2.392378929363091267e+00
-5.898727564644176691e-02 -2.370372633876643320e+00
-2.746232551999651106e-01 -2.288367706264631263e+00
-3.742642513126501203e-02 -2.302257138538616132e+00
-1.786438433948759064e-01 -2.399458253964805721e+00
-1.311146431603027185e-01 -2.316503013941237032e+00
-2.412464142865964334e-01 -2.340425249766877158e+00
-1.840002467517317664e-01 -2.358573939506920514e+00
-2.413575837306599914e-01 -2.348311479228971876e+00
-1.624391655473103047e-01 -2.334025472582887062e+00
-2.061785459357839967e-01 -2.261741364355376760e+00
-1.340191395525186790e-01 -2.195360283338872787e+00
-2.026791794530042323e-01 -2.263034578998695867e+00
-7.709880888965267576e-02 -2.170815755620145726e+00
-2.588219786500711161e-01 -2.204212435462106434e+00
-3.328179778904419295e-02 -2.263379298584967447e+00
-4.986449667376063877e-02 -2.283366703705353551e+00
-1.048558138586092869e-01 -2.198301361391226560e+00
-1.283446211858009500e-01 -2.200948386653473587e+00
-2.048126125894011995e-01 -2.209579178962987722e+00
-1.369470664060262466e-01 -2.207524237863035754e+00
-7.232613079254329724e-02 -2.238805277264491078e+00
-4.899826885658889464e-02 -2.271386188660879935e+00
-1.592208817209932459e-01 -2.274122293010133244e+00
-2.743542487923259499e-01 -2.163451483685611354e+00
-2.150693261247932364e-01 -2.265387973934903876e+00
-1.484254630083031712e-01 -2.272994429608810041e+00
-9.903152920937385861e-02 -2.132502661761115359e+00
-8.201577226007591981e-02 -2.087332146364774932e+00
-2.622680500693750916e-01 -2.072721816798172689e+00
-1.116244163417157154e-04 -2.078082958534438252e+00
-2.458491471318988986e-01 -2.137584382542433215e+00
-1.767231753818389595e-01 -2.074131526405394776e+00
-1.590174598390227123e-01 -2.070803786201987240e+00
-7.751553545527078981e-02 -2.100136343269050077e+00
-1.431445664677967189e-01 -2.090626957796700491e+00
-2.209091157556892504e-01 -2.115800572849884098e+00
-1.334568093388439347e-01 -2.159468771606665172e+00
-1.013741276451759765e-01 -2.082513627673229895e+00
-2.469026606496033116e-02 -2.127029979066822118e+00
-2.225732895712581039e-01 -2.079907880360471140e+00
-4.275694399639964893e-02 -1.951269525147859341e+00
-3.936262463742087880e-02 -1.966128326365418788e+00
-2.091422388510735808e-01 -1.914131972039591290e+00
-8.234822006455042032e-02 -2.030123844725939541e+00
-1.959762862097161329e-01 -1.940734140211031189e+00
-1.391116162316571314e-01 -1.971436157034662795e+00
-5.481110420597068433e-03 -1.993427354049416733e+00
-1.729702623670779094e-01 -1.963591253875665021e+00
-1.634032460326852454e-01 -1.987511545735069163e+00
-1.542379395114550911e-01 -1.996599146333031038e+00
-1.948344874594974963e-01 -2.030070717484193654e+00
-2.231780611209975562e-01 -2.029517818899049253e+00
-2.607985762480493630e-01 -1.995518927878782822e+00
-1.317002376062527125e-01 -1.930584073506145248e+00
-5.988227588980710170e-02 -2.009466061792904767e+00
-2.600600358410313229e-01 -1.964310467022145179e+00
-2.288025223016645904e-01 -1.859440670984277677e+00
-2.458770689384318919e-01 -1.812075164574608488e+00
-3.775789217694128230e-02 -1.801770525001991086e+00
-7.115848147202050167e-02 -1.842518661513427247e+00
-2.098667786282064351e-01 -1.807198149052378744e+00
-7.907002422764161653e-02 -1.815469142949507342e+00
-1.161408991624214848e-01 -1.862818256755613744e+00
-7.357063117517492756e-03 -1.877976919522273969e+00
-2.115141519797406611e-01 -1.904876926894732536e+00
-1.316664282700143185e-01 -1.796510761821229707e+00
-5.718047405242826509e-02 -1.810308372948359557e+00
-4.193056298191788489e-02 -1.907427841591186057e+00
-2.029385055494601353e-01 -1.809149953865959670e+00
-1.466129326702446667e-01 -1.884689711703352311e+00
-1.933180407199954487e-01 -1.873984893976122557e+00
-1.487564425375839938e-01 -1.771525953423093602e+00
-9.228931720405453287e-03 -1.775995508594670369e+00
-3.552095409516356495e-02 -1.718352662536057895e+00
-2.021353564598055708e-01 -1.788076649789836603e+00
-8.310553791004884894e-02 -1.696901340927497115e+00
-1.769572162901894563e-01 -1.676427975911990220e+00
-1.987231498882966463e-01 -1.759431182066573562e+00
-3.531114718466632496e-02 -1.702986535937576873e+00
-2.214920554076125203e-01 -1.668279317653976079e+00
-9.732377339082634582e-02 -1.671001912829514158e+00
-3.410936375141362942e-02 -1.771253625945149679e+00
-2.424673471249926826e-01 -1.737338800523922533e+00
-1.840091378773625053e-01 -1.789812439166233560e+00
-1.961805534762676717e-01 -1.585666199235077123e+00
-2.759614076860271714e-01 -1.636551812428707509e+00
-6.768058717994784867e-02 -1.488776331224789917e+00
-3.990560106419260289e-01 -1.534545856678084963e+00
-4.747594434372592875e-02 -1.541600052144069810e+00
-2.056157302664849140e-01 -1.626542836951162752e+00
-1.645902910279231635e-01 -1.564848409192662881e+00
-3.667734663043173970e-01 -1.571678157079439364e+00
-1.456811690686310445e-01 -1.484797571635473545e+00
-1.539008546248203935e-01 -1.512731038891017121e+00
-3.187500551340689547e-01 -1.526152657958423919e+00
-9.191257003821728944e-03 -1.312570005821137809e+00
-5.714498180256005755e-02 -1.345454630130099138e+00
-1.912038793573978823e-01 -1.339242818780169708e+00
-2.714314171562698386e-02 -1.325788561806229060e+00
-2.857022718295274544e-01 -1.355818102854163376e+00
-1.016699077162691034e-01 -1.372705137551481158e+00
-1.232174192530927082e-01 -1.401169270271655609e+00
-2.471822091493710016e-01 -1.362769275922928847e+00
-3.302402459900091736e-01 -1.376099865936800448e+00
-3.558193357338360063e-01 -1.442081871098893187e+00
-5.583004805158403583e-02 -1.173561781943297966e+00
-8.612421902601363755e-03 -1.176112699884169999e+00
-2.321553803549494255e-01 -1.183962554334334394e+00
-2.112119312958024020e-01 -1.232562593612389401e+00
-2.536315008587851083e-01 -1.164762531493564790e+00
-3.170837484351948232e-01 -1.294477922196450415e+00
-1.328719748345015828e-01 -1.282627356406979890e+00
-2.461462888632865720e-01 -1.189495797201773897e+00
-1.672092344587077228e-01 -1.194261638175215356e+00
-8.573631566789247094e-02 -1.144403942287766984e+00
-2.073568158407325113e-01 -1.084082500623258172e+00
-2.501200950774861709e-01 -1.067260244608269293e+00
-2.380455829942102197e-01 -8.527823647625714099e-01
-1.477027756709864414e-01 -9.533356908730334922e-01
-2.460114284622198222e-01 -1.051805085672403717e+00
-1.315478378516041769e-01 -1.041004135605714254e+00
-1.872093925679195747e-01 -9.470182570681424661e-01
-2.319867154435480416e-01 -9.346430578551795376e-01
-9.012877507627503615e-02 -1.014016954419723504e+00
-3.212366610432146330e-01 -9.541959768718663026e-01
-9.430939389943260309e-02 -1.100411520786338748e+00
-3.849432619576174108e-01 -8.487161580218941515e-01
-2.471631078666225445e-01 -1.101268856444550970e+00
-5.563518919298493515e-02 -8.984488318829100262e-01
-2.406833152867995651e-01 -5.888844294352849618e-01
-3.415106424103725447e-01 -6.142681902821969242e-01
-3.619103958501287410e-01 -6.378655944562078295e-01
-3.389787531204150883e-01 -8.251044634833145652e-01
-8.660987807036479857e-02 -5.770751029814904509e-01
-3.891200214712930427e-01 -7.365106250227921869e-01
-6.114510097964448443e-02 -6.099631266925111817e-01
-1.608652894358314489e-01 -6.539732307851449100e-01
-3.641229904818014673e-01 -7.853765096044326155e-01
-3.590810743025936169e-01 -6.824514153892229373e-01
-1.635689652019519658e-01 -5.916229030058205440e-01
-9.506639944182404545e-02 -7.723671567027196039e-01
-4.065248616070270549e-01 -7.119233744241020290e-01
-2.535431697768487647e-01 -6.553879970512328512e-01
-1.954747695826352105e-01 -5.659894972917650646e-01
-3.754507791364202762e-01 -7.582046680565112107e-01
-3.451056388425418620e-01 -6.127196929856015828e-01
-1.758094901432294410e-01 -5.901781851482783559e-01
-3.051687451686224684e-01 -2.909056530148079189e-01
-3.917689168112871712e-01 -3.685767462977233011e-01
-3.608426499692080069e-01 -3.746282768219526549e-01
-3.272926801098478000e-01 -3.684647877956995221e-01
-3.957190224940941858e-01 -4.357268148347327452e-01
-4.348970794209967572e-01 -3.446527982172388205e-01
-4.975770783398731911e-01 -2.958160607276129062e-01
-3.047558493300660531e-01 -4.387912648727937959e-01
-2.998025290254145436e-01 -3.052040459593410859e-01
-5.071882965399293619e-01 -5.115967133573231518e-01
-2.887278224279890004e-01 -3.564707307068754050e-01
-5.175836841546425093e-01 -7.405358668130201938e-02
-3.188866075243472764e-01 -2.347327191975639438e-01
-4.304130224894832657e-01 -1.283308002060733477e-01
-4.614907874820415312e-01 -1.085661234024654920e-01
-3.114962814815662728e-01 -2.765825508617865136e-01
-3.564346994405572788e-01 -1.110046751800453091e-01
-3.278547704215838965e-01 -1.680136332762738327e-01
-4.789029625865894313e-01 -8.672968323655272371e-04
-5.132277694461085948e-01 -1.583400530430993935e-01
-5.013728987395426051e-01 -1.724851111156514571e-01
-5.278707727506202207e-01 -2.439385987779656428e-01
-3.962168932038632740e-01 -9.342418625176412972e-02
-4.811865352957372388e-01 -2.268745122995469710e-01
-4.282759860944171937e-01 -9.975687778860492516e-02
-4.337661772203887933e-01 -2.123950982962974909e-01
-5.391156895620569101e-01 8.114447600766430679e-02
-2.802271264728238287e-01 1.407635752097302351e-01
-3.820434462627768091e-01 9.650878359286972630e-02
-3.436246929465354150e-01 4.967073818637317284e-02
-5.063844509595765153e-01 2.764298814409564820e-01
-3.263556827401186133e-01 2.569665566588202887e-01
-4.602635040411172662e-01 2.524258726522668472e-01
-5.093356657364920270e-01 2.512457859877623711e-01
-3.507725370035241763e-01 9.986194230111523906e-02
-5.224089885074767459e-01 2.175063468358820751e-01
-5.358165726663554063e-01 2.622061200168912531e-02
-3.412285586030681106e-01 1.122690534741231649e-01
-4.160081025158746115e-01 1.807827460479690673e-01
-3.188899129644618968e-01 3.598288376902898378e-01
-4.545964516722255655e-01 2.795054279798560581e-01
-5.233544455094344405e-01 3.782123012420843811e-01
-4.335851358132848388e-01 3.140617278358063813e-01
-3.639327840829367222e-01 2.936356346951510266e-01
-4.599256883082740721e-01 3.106778115086180625e-01
-4.693496411200939744e-01 4.441204859587891685e-01
-3.841389522176712479e-01 2.791681802626012621e-01
-4.872123374943703178e-01 4.730426150995036272e-01
-2.914064506825973511e-01 3.493905065025267320e-01
-5.203622265911097555e-01 5.506877747214395935e-01
-5.170542484714668596e-01 4.176432413728912718e-01
-3.347823951633218109e-01 3.997865740036160576e-01
-4.083691288022598398e-01 4.380418662091625226e-01
-3.810283546245356590e-01 3.973185221097885744e-01
-2.816711380190421998e-01 5.513338467364610196e-01
-7.393791465123700224e-01 8.036387890460215955e-01
-8.011280593102910741e-01 5.732354398160309783e-01
-7.210987787583073017e-01 5.667128595649769673e-01
-7.307263705867496073e-01 6.131667502175016660e-01
-5.597551252043768688e-01 6.430481142238755332e-01
-6.145119329290728016e-01 6.820834113315162872e-01
-7.054704388613809440e-01 5.880372706761920476e-01
-8.189977208834925415e-01 7.121456287594853940e-01
-6.651536079990478800e-01 5.693735522184394382e-01
-5.973687479137707035e-01 5.823320388253409030e-01
-7.395724836346089237e-01 5.639606474816929449e-01
-8.075221006462108830e-01 5.610591603827208562e-01
-8.239943271258816093e-01 9.444883510075557931e-01
-8.125523980270581426e-01 9.092319822189893763e-01
-8.295830357301144931e-01 1.029785738946160212e+00
-6.359221407001551807e-01 9.483008712454633615e-01
-7.416434649705667681e-01 1.034635407068193125e+00
-6.128253336320550471e-01 9.212749856216672084e-01
-6.448955727438929753e-01 8.954232659432042052e-01
-7.899369744291665496e-01 9.282618629580361436e-01
-7.857261478363934959e-01 1.040862913967113723e+00
-6.058720690695506006e-01 9.461919908363296550e-01
-5.563464517708047730e-01 9.302908972829080358e-01
-8.048695736225206510e-01 8.714102924222577595e-01
-7.312636063085692362e-01 8.379136371737088140e-01
-7.078674853250794818e-01 9.061719636598589700e-01
-7.886801715781814881e-01 1.094764423344406268e+00
-6.824719818237399149e-01 1.093002568549578779e+00
-7.326877860146310262e-01 9.011221086566718608e-01
-1.028139944368237302e+00 1.174539379027466746e+00
-1.082458768633210333e+00 1.129272504970745716e+00
-9.509289753386742650e-01 1.155052973499787861e+00
-8.889575861701021209e-01 1.254613865533281469e+00
-8.662006526487882052e-01 1.126275989741679640e+00
-8.639974542121823253e-01 1.227486041596411059e+00
-8.382084649874879112e-01 1.198726623771353195e+00
-1.095923596069554362e+00 1.131382376475438045e+00
-1.002559091795760526e+00 1.125402826471479489e+00
-9.998740365407399189e-01 1.179896368503487780e+00
-9.149337961027915744e-01 1.218483271608715279e+00
-9.731457598739983172e-01 1.264678368003325781e+00
-9.453331742386033021e-01 1.241081637452037478e+00
-1.029342385947005889e+00 1.129497956699223371e+00
-8.355175751030639031e-01 1.441181072185873324e+00
-9.210885145387130990e-01 1.331869176566975010e+00
-9.663579536093942490e-01 1.407686800468979094e+00
-9.047953674517204004e-01 1.375416515017670482e+00
-1.045099936698203225e+00 1.382631621610190598e+00
-1.067014804185208110e+00 1.375362248875492632e+00
-9.184055685194529861e-01 1.366994059995005895e+00
-9.104161222500276596e-01 1.438717121480233008e+00
-9.960366978650401215e-01 1.320340298969841397e+00
-9.574518000565421794e-01 1.309566614337988710e+00
-1.043816958599446787e+00 1.409084185781743770e+00
-9.410561239554098290e-01 1.382397568971891255e+00
-1.051489334899732730e+00 1.407920708015134359e+00
-1.035935439454361395e+00 1.338870234529060621e+00
-8.779843888213170189e-01 1.643019764638437907e+00
-8.829773897760606616e-01 1.518689868070236981e+00
-8.605321403024570603e-01 1.630328339977239693e+00
-1.077492557001437312e+00 1.494597162539162083e+00
-8.879075427375425766e-01 1.638389786580479957e+00
-9.394999531850314334e-01 1.655021880636164955e+00
-1.032117541443487330e+00 1.612235011207301394e+00
-1.082561228687361154e+00 1.637854255200915876e+00
-1.107212127214590280e+00 1.496644351537181450e+00
-9.279597624895981056e-01 1.546393832773253596e+00
-8.664907536452041148e-01 1.601809556176231331e+00
-1.050811626332952997e+00 1.665829234204910136e+00
-1.051750861200012377e+00 1.588885310619919888e+00
-8.167559570881558484e-01 1.371456892553335472e+00
-6.402816916696025817e-01 1.286892381245839267e+00
-7.249346155390399282e-01 1.211029864435648973e+00
-5.999639238268060781e-01 1.334129005933748946e+00
-6.871805017761750678e-01 1.346371864602388113e+00
-8.187525178955800120e-01 1.302849725973461936e+00
-7.531556528474684375e-01 1.171304365278640125e+00
-7.703954944443932584e-01 1.173590563325213720e+00
-6.862978765847431717e-01 1.145088844241229031e+00
-6.877809755220311017e-01 1.221451142299788239e+00
-8.084898284952750647e-01 1.187177445283182697e+00
-6.112647218884503797e-01 1.567654414207128699e+00
-6.321874730376924045e-01 1.510802813766206620e+00
-7.101910219361501353e-01 1.503237455992885163e+00
-5.764176112473420321e-01 1.463897017005629131e+00
-7.829447879363327090e-01 1.556014081725765941e+00
-7.659602449998997864e-01 1.423638546783950742e+00
-7.681657765720930620e-01 1.655993727849435881e+00
-6.411956962364410151e-01 1.572997118231920455e+00
-6.963174139615961877e-01 1.517914290450332881e+00
-7.655153520513763299e-01 1.627188777439786849e+00
-8.315045618937180194e-01 1.414733773166380271e+00
-5.843850491750850473e-01 1.489439546199163633e+00
-7.613813738294162858e-01 1.505110566212205070e+00
-7.912884090717073882e-01 1.647473390399269100e+00
-6.236182912995573702e-01 1.410189953033487820e+00
-7.287669046605675938e-01 1.436540670508474005e+00
-7.696902377384552407e-01 1.591062136344001843e+00
-3.966384215242299005e-01 6.578902557413820462e-01
-4.738838975519844565e-01 6.539306298045131083e-01
-3.689907614658572976e-01 6.123522059843843346e-01
-3.791862186393530898e-01 6.516653278205376543e-01
-2.868171641639357672e-01 7.361025754607624094e-01
-2.867137863878772563e-01 7.956357242156064657e-01
-5.404810409472425858e-01 6.118560430476089884e-01
-3.118205624608718640e-01 6.686364518935331569e-01
-2.838733057641649182e-01 7.183451387345124450e-01
-5.115683042682072079e-01 5.646410375821910854e-01
-5.095816275906083215e-01 5.756714602843342465e-01
-2.850304095000758542e-01 5.719648356171131987e-01
-5.149589610876976753e-01 7.076614919973485129e-01
-3.384820256352270018e-01 7.903165826746570977e-01
-4.323077216612660756e-01 5.586021040137458815e-01
-5.520719677281848980e-01 1.032547051977896757e+00
-5.549005302963619934e-01 1.063357327331042157e+00
-3.198382745936172444e-01 1.087033892208449704e+00
-4.837528408515702760e-01 1.080526990648471797e+00
-3.147319808402431196e-01 1.042713759153226505e+00
-4.032826435764076956e-01 1.034728870718071514e+00
-3.736230140028269919e-01 8.503328601925349561e-01
-3.642520900140652773e-01 1.076891598839713637e+00
-4.366044138559513899e-01 9.464591102352846175e-01
-3.867938086542415110e-01 1.000714211681872579e+00
-3.163193219326312922e-01 9.977645168760866934e-01
-4.801376469716460704e-01 1.094619162823423419e+00
-3.125267586135298536e-01 9.081098848419528746e-01
-5.269520850436461012e-01 1.886703737537002379e+00
-6.916869897450784732e-01 1.804061084775022694e+00
-8.187819878203507207e-01 1.794752780973100093e+00
-6.936635059979265883e-01 1.809677321635303926e+00
-5.239685733645615962e-01 1.890102366341911422e+00
-5.432936382702142630e-01 1.898862168385567761e+00
-4.854383805997736778e-01 1.712481538692017136e+00
-6.066153485144286650e-01 1.854849978220273865e+00
-6.577117181566020099e-01 1.922726978207030202e+00
-7.298200271345947066e-01 1.751597352435086519e+00
-5.171940100012747399e-01 1.761618489336076232e+00
-6.377653327170145214e-01 1.878001413328335145e+00
-6.914865338006925821e-01 1.811011258334552565e+00
-6.160640491515974038e-01 1.792495829256960826e+00
-4.658453419248074767e-01 2.206684057645497354e+00
-6.001681745746245689e-01 2.180513618551968236e+00
-7.824486416517901777e-01 1.944746545065249022e+00
-7.714110538003986495e-01 2.110624665540319356e+00
-7.838824636098773446e-01 1.970820388172051629e+00
-8.085827582373313893e-01 2.149819961833217441e+00
-7.550590104467903574e-01 2.145118288908145932e+00
-5.642989145975481069e-01 2.107913118557494414e+00
-7.814542624196512133e-01 2.150591758817355093e+00
-7.171026929686679097e-01 1.984901673316700865e+00
-5.844208358213183185e-01 2.143665313775009018e+00
-5.838504006511894273e-01 1.988819094022635126e+00
-4.706765498492867517e-01 2.194515079969078908e+00
-4.578776385373267144e-01 1.950254818540956281e+00
-7.623583220484386747e-01 2.312280177430762418e+00
-7.235614055214740770e-01 2.380546516388990508e+00
-6.451056769755942888e-01 2.480325957099746237e+00
-5.145488291155526639e-01 2.449438782619443256e+00
-7.382845892813622024e-01 2.444987976332950730e+00
-6.860940970642865899e-01 2.309366676804441187e+00
-5.794779375977729963e-01 2.316216003072539387e+00
-5.923676208617156824e-01 2.337361123205833113e+00
-8.255379380684748636e-01 2.290072476530975898e+00
-7.122923174156984283e-01 2.338418347644404260e+00
-6.613934495313174011e-01 2.324260723330804801e+00
-6.199341121179446912e-01 2.437649241234400410e+00
-6.090902188147249152e-01 2.354295565701416404e+00
-6.118177900756611720e-01 2.244893713113573774e+00
-4.581293990804151672e-01 2.483846092642552073e+00
-7.072064542175877655e-01 2.360319684786977845e+00
-5.115062119677906693e-01 2.360905236172564869e+00
-6.993749692376998173e-01 2.725261429721419049e+00
-7.225175417514013709e-01 2.656887307608154725e+00
-4.505675130420135344e-01 2.528553061544029479e+00
-7.351474207967232388e-01 2.561957056494253759e+00
-6.173896439608397291e-01 2.567962851191737172e+00
-7.923386790898577781e-01 2.714685467074930969e+00
-7.967937046573163595e-01 2.691651497609248711e+00
-6.885940014852844904e-01 2.719533524720410878e+00
-6.946866311045948317e-01 2.597765559579511052e+00
-7.035040000730256038e-01 2.523530809524566099e+00
-6.485439043264207282e-01 2.525822565772935846e+00
-5.550049728616086586e-01 2.716073844019645023e+00
-6.798290666135904381e-01 2.603169009797436484e+00
-5.809919246181403096e-01 2.614211699806909817e+00
-6.916951011108058989e-01 2.710645096788381281e+00
-5.001036117135359005e-01 2.542428724139291774e+00
-2.576771323582788265e-02 2.286792095949070180e+00
-5.353358338167080177e-03 2.245255542581861885e+00
-1.240157729642952233e-01 2.472028761062887714e+00
-2.379792898890651098e-01 2.391733665796792696e+00
-3.058320132895470111e-02 2.393735561186737915e+00
-2.643448835666575292e-01 2.272224133336572027e+00
-1.208799046344877781e-01 2.260471334750878913e+00
-1.374586813685869657e-01 2.223746842803564938e+00
-3.500762952891251500e-01 2.248944631316385223e+00
-3.417088699522485840e-02 2.308214715914155946e+00
-6.701783536377248218e-02 2.312727538871066635e+00
-1.846094851329285191e-01 2.300445718302492004e+00
-1.607658093914103858e-01 2.736428407299232202e+00
-9.306240058205744736e-02 2.523239340723135271e+00
-9.821041393548179954e-02 2.680426928771202366e+00
-1.726600050734719838e-01 2.733084466232702514e+00
-2.444676443217353723e-01 2.546881026581326424e+00
-2.400949397020072096e-01 2.607431022330541470e+00
-5.288586844148895905e-02 2.524750883149042391e+00
-1.664576522506567291e-01 2.720735618067044115e+00
-2.380529424548781803e-01 2.603385419966533831e+00
-3.757142974369217514e-01 2.709943870130415711e+00
-3.852248476371877284e-01 2.573916632400314874e+00
-3.330390981960411612e-01 2.621762547091412543e+00
-3.908676451321592138e-01 2.760273545844176279e+00
-1.209492410581233246e-01 2.508375341820468840e+00
-6.595370956195112377e-03 2.647632133450013470e+00
-1.431275084606556947e-01 2.639496053978384271e+00
-3.240248482714311873e-01 2.880211216686660247e+00
-4.788714212843368512e-01 2.790455083641242950e+00
-5.374250478177005075e-01 2.864066843067922807e+00
-5.374253480169712827e-01 2.908770288815988536e+00
-3.693408084471171415e-01 2.895510467392694576e+00
-3.407545200896708870e-01 2.943127180347884675e+00
-3.161257012641220943e-01 2.949833875137750638e+00
-4.213465683599845191e-01 2.847663707841988412e+00
-3.195958089397491486e-01 2.806459469186619593e+00
-3.706451404957036289e-01 2.800981727364575402e+00
-3.570025796762709147e-01 2.895554649031811589e+00
-5.007846702124558735e-01 2.826693141955066935e+00
-5.272722764830949371e-01 2.857707068218334090e+00
-5.379121419500869639e-01 2.935120755610098442e+00
-3.164085193004427810e-01 2.884653059711527412e+00
-3.457011393373918828e-01 2.858182186123608304e+00
-3.144403288926245210e-01 2.859477363450180221e+00
-3.204813941891442308e-01 3.079083026636986187e+00
-3.077360053550330932e-01 3.102098340406416632e+00
-2.939432757699039223e-01 3.083434800897598027e+00
-4.617598765996581145e-01 3.035159883141153259e+00
-5.437953426024252357e-01 3.020312573437796466e+00
-5.254122607342199824e-01 3.001763635028241506e+00
-5.516590294665463245e-01 3.047519012187617005e+00
-2.849007964293375772e-01 3.020849495819407871e+00
-4.779468590961539753e-01 3.026987871553890930e+00
-3.198640699118631137e-01 3.024522974430627897e+00
-5.429978505949820677e-01 3.076224446977487315e+00
-5.239962750906003164e-01 3.084001563152101166e+00
-3.385599033116566403e-01 3.031496391595584150e+00
-5.236318016785578289e-01 3.046113281528191052e+00
-4.927945624248317724e-01 3.093828692519047685e+00
-4.841808883179231637e-01 2.992968213908617336e+00
-1.763417240552494769e-01 2.852181475479333983e+00
-1.869810595619952054e-01 2.840521415200007560e+00
-1.988963372849685274e-01 2.880920800229223921e+00
-3.930826657025854320e-02 2.809489066927273182e+00
-2.360440393732293751e-01 2.937977909623644024e+00
-1.436528342824748838e-01 2.845090557302345502e+00
-1.608093445527554177e-01 2.848898385018042489e+00
-2.730781973704861643e-01 2.917974344860750691e+00
-3.565616608270283372e-02 2.845267994041096316e+00
-1.101056497044230198e-01 2.795141257684531588e+00
-2.171851408576954690e-01 2.846966258271525607e+00
-7.836804095483271282e-02 2.836035701452418234e+00
-1.824674655566353443e-01 2.783396728955011667e+00
-2.686254344663778215e-01 2.785189341561267184e+00
-8.639767045091839570e-02 2.879526218183283692e+00
-4.003046899128726022e-02 2.788411227479688392e+00
-3.227449616285671397e-02 2.851250518148376933e+00
-2.978066632339571029e-03 3.081635142468462707e+00
-2.437840092106660639e-01 2.984032937074828862e+00
-1.492424751952539930e-01 3.032623892162488399e+00
-1.141829390494631946e-01 3.076585317483686133e+00
-1.242946597208010873e-01 3.092545742490265592e+00
-4.700013740379013760e-02 3.076644037971923318e+00
-5.300639916320257217e-02 3.034436547351197166e+00
-8.086412089799360770e-02 3.112826199414898021e+00
-1.686536461911904428e-01 3.039444268924051507e+00
-2.369799274996030602e-01 3.003693116244315675e+00
-1.548142904626513827e-01 3.006507152958397988e+00
-1.484237833389655536e-01 3.087298228461687000e+00
-1.214089480958895351e-01 3.008195614538867968e+00
-1.235727675455788876e-02 3.104980214578636932e+00
-2.161452939221497893e-01 3.266096783018731298e+00
-2.800221208705235276e-01 3.285402989614255809e+00
-3.032262543107646646e-01 3.200676040205426620e+00
-2.503355044982933930e-01 3.282552608905227487e+00
-3.847749196950319694e-01 3.164140319049712158e+00
-4.052386948691183988e-01 3.232674123278306944e+00
-3.234942202841148418e-01 3.313937434097093515e+00
-3.158417628134084776e-01 3.219448107443966034e+00
-2.570234205475122602e-01 3.157201442001193126e+00
-2.970419064233575934e-02 3.246576270158394006e+00
-1.774930617776243336e-01 3.319822916329778106e+00
-1.536177436160656717e-01 3.177301390420156579e+00
-6.737574878170043968e-02 3.261609237315518328e+00
-2.295006618336526971e-01 3.213538754279521292e+00
-1.896148971924857263e-01 3.161714286000700813e+00
-2.354619814738668493e-01 3.175364949381115576e+00
-2.696483396573308156e-01 3.201661859976081104e+00
-7.636552203804225503e-02 3.215070131970643175e+00
-4.784409196637828821e-02 3.213629783595523204e+00
-1.639401879681907648e-01 3.511235683634578386e+00
-4.042335881890229410e-01 3.468017387047400479e+00
-1.327894107391363598e-01 3.454649627545574475e+00
-3.591646120416051025e-01 3.508923212035163886e+00
-1.890785602636690377e-01 3.391517417941857460e+00
-3.876615752505649937e-01 3.410125349587419752e+00
-3.302047241541022915e-01 3.517334664642039588e+00
-1.604613456124639459e-01 3.500490276650322752e+00
-5.889445019363909184e-02 3.421201956698553204e+00
-1.243815564520889816e-01 3.441035034777430557e+00
-3.162451122103988599e-01 3.352705719208179502e+00
-3.479158059553840721e-01 3.421603637916389662e+00
-5.555911807431435090e-02 3.401850378493650240e+00
-1.402933424589406508e-01 3.370063306770524125e+00
-2.690274945442845400e-01 3.427604686992669514e+00
-3.961465573200758095e-01 3.365581715712642197e+00
-2.881128694428775061e-01 3.518287520397492596e+00
-2.292373341207984971e-01 3.372484997861850076e+00
-1.980120790262712704e-02 3.638034058636250734e+00
-1.031248368630705015e-02 3.543824998817985517e+00
-2.085476528718754885e-02 3.599363098767318636e+00
-3.585888514115699865e-01 3.682497440890942553e+00
-2.899077067499072902e-02 3.627321037988323837e+00
-9.411067205905898625e-02 3.631878936013127390e+00
-3.943402635118494759e-01 3.561377779717769254e+00
-3.090646498730525993e-01 3.682944040329830138e+00
-4.110532298263647188e-02 3.691964425186639254e+00
-6.224397956407401455e-02 3.578175769127045935e+00
-2.390773293293013690e-01 3.687517503568795707e+00
-6.984880141479249405e-02 3.847357973697595579e+00
-4.014883260480506810e-01 3.819986772910882067e+00
-8.469615026416488224e-02 3.706026340692515131e+00
-3.624613179735130530e-01 3.758135545714593739e+00
-7.662168415431847013e-02 3.722650087955654108e+00
-3.039508040695376168e-01 3.757288370496444152e+00
-2.797985334720307637e-01 3.742407059893445354e+00
-1.239715990936569590e-01 3.730527961524936043e+00
-1.195235843498590467e-01 3.803768122913882443e+00
-1.619370888167815936e-01 3.823229738576557235e+00
-1.848400939367094986e-01 3.783941366928987637e+00
-2.777737418344566889e-02 3.750178272277207459e+00
-3.562329292558771288e-01 3.856350422965032720e+00
-1.448081148423586706e-01 3.788212069064382792e+00
-5.050465295273032229e-02 3.774258273357416371e+00
-1.651277517762528291e-02 3.757403153275483909e+00
2.524783432354409940e-01 -4.936130065939137168e+00
2.865799338553824405e-01 -4.907481548224096990e+00
2.188579372314729266e-01 -4.976864547204259637e+00
3.221582043397896999e-01 -4.755637185811969481e+00
8.133925800775321235e-02 -4.959735747689315133e+00
2.590322850294315415e-01 -4.919182819754393421e+00
8.345352388963034329e-02 -4.939010981666938527e+00
4.065451413828235494e-01 -4.816785708043181735e+00
3.289021667813428196e-01 -4.897265612503288956e+00
2.855133262463730448e-01 -4.857020045395132435e+00
1.738276396102083343e-01 -4.818744353731146290e+00
2.744419678744804969e-01 -4.849028614088760847e+00
2.929972259371203536e-01 -4.895274647393365264e+00
4.114948361741274097e-01 -4.867163286999419469e+00
1.635491133081855286e-01 -4.634005591054477513e+00
1.834550154143526901e-01 -4.448285776915838596e+00
3.635164145869981822e-01 -4.635737235488061714e+00
3.285226727028315308e-01 -4.509972365714287612e+00
3.851119146312920183e-01 -4.606797752303992688e+00
1.735978711123017659e-01 -4.590942796142543969e+00
1.400341890257722210e-01 -4.549666962172484119e+00
1.427486382326887404e-01 -4.482791482137468364e+00
3.319592277680136205e-01 -4.526119240915340569e+00
4.962009657668640938e-02 -4.470837614625579270e+00
3.844706826209204342e-01 -4.562218151836369806e+00
1.433202954880951341e-01 -4.542933779412715367e+00
8.217721273266059834e-02 -4.514914975376783879e+00
1.972596395636598554e-01 -4.180409854093302791e+00
1.482465821129965444e-01 -4.268368105377819965e+00
2.243340389838763271e-01 -4.299593296924749453e+00
1.823369515256067219e-01 -4.229354419761103046e+00
2.130065076700265458e-01 -4.321034400778510864e+00
6.767302716795012274e-02 -4.342251534829168591e+00
5.496573282866605570e-02 -4.209664723220907234e+00
1.356162140962813012e-01 -4.295990729878715442e+00
1.394077759609685940e-01 -4.197746590610125672e+00
1.878181353597263015e-01 -4.295826584098493939e+00
1.429681979741128095e-01 -4.323923080547735331e+00
2.532229835975367549e-01 -4.220088165438715677e+00
7.162534480476231979e-02 -4.268535687862869743e+00
6.969235873959765681e-02 -4.294799640276615094e+00
2.549442649842103559e-01 -3.936926645288707949e+00
1.774626927761397133e-01 -3.936751192803255250e+00
1.367780738016476372e-01 -4.023233604613103864e+00
2.463943102527741680e-01 -4.045117752009995016e+00
2.271775505945135831e-01 -4.144297999691278100e+00
1.728503874876267110e-01 -3.924197347789947887e+00
9.681212181641576930e-02 -3.953848374332267213e+00
4.555489926297282000e-02 -3.917038954386147687e+00
2.067275604715670678e-01 -4.162802728087894977e+00
1.237040327646685145e-01 -4.024339882714465411e+00
2.344281944101601622e-01 -4.043004257707325522e+00
1.284507176136281958e-01 -3.987791939340199043e+00
2.332274835846244176e-01 -3.642185877050734266e+00
2.275162069502256468e-01 -3.878235746257932437e+00
5.455040566317394951e-02 -3.626027026775723083e+00
4.025909594736085118e-01 -3.664908641725519889e+00
1.144112164275262744e-01 -3.703664649210130833e+00
3.520205215120880693e-01 -3.824792437043315285e+00
3.282210438153027598e-01 -3.863836587646265031e+00
1.231415991507285590e-01 -3.784028882267020499e+00
2.503097321698432437e-02 -3.833908897943538729e+00
1.316863859048736929e-01 -3.870514678988284718e+00
1.243653751372706881e-02 -3.699728053049893717e+00
3.454941608562093758e-01 -3.693685853390338281e+00
2.279926791306927103e-01 -3.874045247739414943e+00
6.838451824006072655e-02 -3.646058578519553617e+00
1.996665234937189393e-01 -3.730375198257259939e+00
4.506989372969699703e-02 -3.630787336995645376e+00
3.948505878377621230e-03 -3.341989849659582568e+00
3.339498810475370338e-01 -3.538908745967606961e+00
4.613899425107009789e-03 -3.531654606315799416e+00
2.216997042223284031e-01 -3.417742640127364506e+00
1.053621102086616940e-01 -3.603340107228631073e+00
2.126089867480935314e-01 -3.415999817512963332e+00
4.052974424030554856e-01 -3.563786099639331795e+00
7.975248613087812521e-02 -3.333458688311429441e+00
1.766345535028115143e-01 -3.509416410099836181e+00
6.748045288925078045e-02 -3.596954520350582829e+00
3.719419604604707885e-01 -3.423634750159631590e+00
2.380131790450372431e-01 -3.602164173794404789e+00
3.375016898103585516e-01 -3.390204001589118832e+00
3.047079209158132240e-01 -3.421293635658857468e+00
1.428831245308102571e-01 -3.503776404506930398e+00
1.735301934332431073e-01 -3.595510027171587630e+00
1.661900887120898174e-01 -3.148967657857660196e+00
1.882955850208200277e-01 -3.195730987484845187e+00
9.814681405279089554e-02 -3.171357594437020477e+00
4.755935393766305003e-02 -3.136021011724994256e+00
2.523568938525459493e-01 -3.194264573617330960e+00
5.809126737475467372e-02 -3.177610114835589084e+00
9.524149215591248829e-02 -3.066215337170592470e+00
3.612850131833184042e-01 -3.193143632734722903e+00
1.985366355133590111e-01 -3.295249436528072895e+00
3.108492708601278687e-01 -3.145530633646246077e+00
8.205579344344154924e-02 -3.198083537291460221e+00
2.471480483058012267e-01 -3.100405091638721355e+00
1.686706143835851046e-01 -3.319924188781719909e+00
3.527654571730207134e-01 -3.235222675298484951e+00
1.520024528092671010e-02 -3.263756456651472071e+00
1.231394133022800652e-01 -3.179414779771484678e+00
3.281263589800336722e-01 -2.908237589029574188e+00
3.832630849935257378e-01 -3.040485956039567839e+00
1.644203988109150805e-01 -2.893515613857517543e+00
2.034423142920761818e-01 -2.966221526962343091e+00
1.543507919719480648e-02 -2.876628938440017436e+00
3.780081024458545325e-01 -2.925619182797028817e+00
2.816198857297462221e-01 -2.791340769043652692e+00
3.331950710364364188e-01 -2.931939580032182135e+00
4.066318686776009272e-01 -3.011766072531052885e+00
3.678625760891445773e-01 -2.953696758808709077e+00
3.795875137852682824e-01 -2.961669706397088042e+00
3.120789645399050793e-01 -2.954823668293548700e+00
3.809750091471959532e-01 -2.852422130773774267e+00
3.803776399880309245e-01 -2.780460554168289189e+00
3.476646710726043199e-02 -2.883289133402195059e+00
3.581008044493356191e-01 -2.665725064813885048e+00
2.349226831437895568e-01 -2.743895533664839181e+00
4.997852108262359344e-02 -2.761078188509482612e+00
4.092801890269462950e-01 -2.682233775393443320e+00
3.655640708279164208e-01 -2.586606213253820563e+00
1.465208402277255462e-01 -2.630201650671052160e+00
3.040820684565584409e-02 -2.701004354077161551e+00
3.871257280604274986e-01 -2.721004169499541270e+00
3.000156504598838758e-01 -2.589416626758451301e+00
2.550366912232019390e-01 -2.523501106392064042e+00
2.810858110737586846e-01 -2.523617139936872533e+00
1.231667197327749319e-01 -2.604830448468276494e+00
2.366954267314481941e-01 -2.608643635769704705e+00
7.293729179080832292e-02 -2.535757914968207682e+00
2.801446920339615843e-01 -2.560669794781244679e+00
5.993561562246609714e-02 -2.591400541566326599e+00
3.286416505104786112e-01 -2.645280605536557417e+00
3.577410288437371522e-01 -2.694159049130647965e+00
5.807901061804019438e-01 -2.250817035663670751e+00
6.113048625142782910e-01 -2.482810071828815968e+00
5.644473379681175240e-01 -2.168759035125054080e+00
4.844711841904504879e-01 -2.089279025820019786e+00
4.383749238447016694e-01 -2.392827964979282740e+00
7.668702032293014392e-01 -2.254618158771033887e+00
6.638953026381516631e-01 -2.212067976314446849e+00
4.320489056239786851e-01 -2.464867179938577735e+00
6.314208481966300246e-01 -2.346412221570489010e+00
7.110134751148581289e-01 -2.444119763275175217e+00
7.586906028963699145e-01 -2.170823276801034485e+00
6.216008889307739205e-01 -2.176781859646424788e+00
6.820992865545432160e-01 -2.133271010029400117e+00
4.902807879788966816e-01 -2.369034465843473658e+00
5.487942790564591666e-01 -2.171967493322283893e+00
5.232241553021023117e-01 -2.284957671790896150e+00
4.704812107088190976e-01 -2.288766519189957549e+00
6.206049787691061415e-01 -2.459973588981237747e+00
7.390376863587511114e-01 -1.712459479170342469e+00
6.754716793244136541e-01 -1.670134018964817058e+00
7.776759975179505791e-01 -1.672289895441749330e+00
8.091253680849561647e-01 -2.023924270006833837e+00
4.664832678757718787e-01 -1.801138370126504462e+00
4.622932982328114560e-01 -1.965903373808666865e+00
4.384114025722294361e-01 -1.819548889330780073e+00
8.096532602724674232e-01 -1.912755151936061493e+00
6.079159318598243988e-01 -1.733592092849807198e+00
6.800981789208742079e-01 -1.802445574832111097e+00
5.540709997518021845e-01 -2.030728304001057971e+00
7.885632630131341747e-01 -1.826300324923411988e+00
7.968109271600801735e-01 -1.918185531029181323e+00
1.129493964265535055e+00 -2.326968212030256833e+00
1.221877344408186294e+00 -2.101696949576171036e+00
9.237918094255181956e-01 -2.125679235563343816e+00
1.219248242774092272e+00 -2.170150311279155808e+00
1.243044456241307216e+00 -2.220592273122083515e+00
9.301372252410846642e-01 -2.406571954837899874e+00
8.832454234500419776e-01 -2.348620271801746817e+00
1.083782851784125700e+00 -2.099738185995645878e+00
1.244758737137568572e+00 -2.469882670295020066e+00
1.140014635552614841e+00 -2.457916461543115272e+00
1.026321162698815792e+00 -2.324636776851482622e+00
8.636736322251530318e-01 -2.383480483706792885e+00
1.208604322287356592e+00 -2.255308696497323684e+00
9.809751124727620342e-01 -2.233016399803307461e+00
1.201546641646022540e+00 -2.119503175517738036e+00
8.504717157543428829e-01 -2.320216727447462546e+00
9.535855287248227175e-01 -1.923617694221594565e+00
1.225777221340512702e+00 -2.078664199758291975e+00
1.180355807388048461e+00 -1.739882179391877282e+00
1.078502398436047116e+00 -1.873559547159966643e+00
9.925323270901320605e-01 -1.704562646675706228e+00
8.871486531329459968e-01 -1.735629085739036626e+00
8.802271485810204688e-01 -1.678032059307380752e+00
9.655855516097606728e-01 -2.063077414895262862e+00
1.067529339349305495e+00 -1.842453579168744859e+00
9.371484374175523824e-01 -1.985792776009307259e+00
9.228441181834248219e-01 -1.683562592170675831e+00
1.220381993885367278e+00 -1.798363925209578440e+00
8.661935442089678805e-01 -1.890328940769562927e+00
9.383692811008893520e-01 -1.848284507289637446e+00
8.338134027097476864e-01 -1.769167967515303141e+00
9.537154450934719474e-01 -1.924136554329542115e+00
1.095274448289702107e+00 -1.979526078220698482e+00
1.112346547006831443e+00 -1.757140636478083051e+00
1.159001756902207303e+00 -2.019377082357137532e+00
8.707849491892662996e-01 -1.804196746114725913e+00
1.216489298094198368e+00 -2.082082917727315241e+00
1.437290679704417151e+00 -1.557024950182080980e+00
1.300136684383043306e+00 -1.505711877915638874e+00
1.454318271662842221e+00 -1.598748531285897334e+00
1.322806588646300296e+00 -1.448898659282937151e+00
1.370727680444955077e+00 -1.622258997109090384e+00
1.409981743556335321e+00 -1.576405406967102074e+00
1.292586751802305089e+00 -1.658600486403020824e+00
1.291150960723520535e+00 -1.407530986522009364e+00
1.444097472771941559e+00 -1.482805407751172311e+00
1.250487230443571685e+00 -1.474878408085948056e+00
1.375810223047001291e+00 -1.494710873911454518e+00
1.254943409128631782e+00 -1.394191762315486027e+00
1.374504452749468530e+00 -1.480820843722072455e+00
1.544917077605132416e+00 -1.449716430929403277e+00
1.656567781184217214e+00 -1.579562344841783705e+00
1.484666576411258987e+00 -1.479409962037715909e+00
1.643133710248241730e+00 -1.502881182047590469e+00
1.658245432608824954e+00 -1.603426734163655443e+00
1.561846288458789145e+00 -1.647116452846564050e+00
1.619605096397021438e+00 -1.610504266376061810e+00
1.653185436530872243e+00 -1.499503954203311062e+00
1.659719472306452115e+00 -1.609747043750377138e+00
1.636206954800226265e+00 -1.571427715872051545e+00
1.654754311887935536e+00 -1.402997400595705102e+00
1.582416860578096163e+00 -1.394373225889167456e+00
1.553541120596424019e+00 -1.564719398695378461e+00
1.617395145614769492e+00 -1.464095687448155436e+00
1.572940952397375858e+00 -1.594950066648920028e+00
1.820407228106126318e+00 -1.638466117808798250e+00
1.694180890330704070e+00 -1.389461219911910739e+00
1.746628981158420135e+00 -1.479946365606142678e+00
1.757136537062842896e+00 -1.438845546039650758e+00
1.865025617474332709e+00 -1.464844022271630353e+00
1.704510550105832634e+00 -1.446885039529718142e+00
1.677071038569415196e+00 -1.512136628281962158e+00
1.829476310119038329e+00 -1.548456819797162876e+00
1.680256695141230550e+00 -1.631492625144529418e+00
1.832244022584802678e+00 -1.398943567071822436e+00
1.865806119559804577e+00 -1.542892039986403674e+00
1.801708683620804052e+00 -1.393658970303866873e+00
1.873730705670527019e+00 -1.628522124382999037e+00
1.787630089080308293e+00 -1.445730116706197776e+00
1.279993333803945088e+00 -1.361966356153078817e+00
1.441865906274344633e+00 -1.338403848232512461e+00
1.393396615567564334e+00 -1.229108545337343816e+00
1.273836096836359788e+00 -1.162798771804503861e+00
1.364091474573553731e+00 -1.352651105357043804e+00
1.300646124011709981e+00 -1.245875199011798884e+00
1.328945283486314910e+00 -1.216439668511127836e+00
1.406481014669654028e+00 -1.349076685294713362e+00
1.461518950806528938e+00 -1.170568313655984793e+00
1.623590768535221107e+00 -1.295294526236003829e+00
1.577923134815088169e+00 -1.279862380166677527e+00
1.492846832826818515e+00 -1.279091894059570134e+00
1.503431031971435461e+00 -1.295968661112434805e+00
1.656471403588660296e+00 -1.242117657907203521e+00
1.604990082383406458e+00 -1.300312099119988352e+00
1.646444616490873258e+00 -1.246291374561470544e+00
1.661159601159078569e+00 -1.322693796648495290e+00
1.547976405646753983e+00 -1.112358965627317176e+00
1.769030833134261016e+00 -1.131816220913942850e+00
1.831161252772676606e+00 -1.296773410414042038e+00
1.682585630269011423e+00 -1.145658997161581372e+00
1.789220775231604943e+00 -1.237903633389424662e+00
1.811837679865513140e+00 -1.376742814138020687e+00
1.857086126674027948e+00 -1.212942735716996623e+00
1.871495123914196368e+00 -1.143809992985862056e+00
1.762126123088751051e+00 -1.156144290815963593e+00
1.865185481987750915e+00 -1.373008729357016344e+00
1.804477919041380218e+00 -1.287669918124598523e+00
1.815832947264047537e+00 -1.284378384676315044e+00
1.806233554518933193e+00 -1.300532637953625725e+00
1.826587629555955994e+00 -1.202580690648908490e+00
1.423164479498320034e+00 -1.047560180857352696e+00
1.316114155721460843e+00 -8.838260179585633036e-01
1.297070379560152809e+00 -8.707972850908044515e-01
1.277677358430863608e+00 -9.479129580880230055e-01
1.357161717998149442e+00 -8.678161265691252124e-01
1.310618534182569350e+00 -9.089712236942345536e-01
1.273410836260402190e+00 -8.949160003074017045e-01
1.358721370522523175e+00 -8.400828172330128130e-01
1.419588365902315408e+00 -9.621780156548128682e-01
1.472150039716137337e+00 -1.025811840357164773e+00
1.508210496827321778e+00 -1.079760837712360422e+00
1.595154319880665472e+00 -1.026543252359231051e+00
1.606895967759199184e+00 -1.097343353681895284e+00
1.479607475798159211e+00 -1.024525445353533071e+00
1.638220488728194812e+00 -1.104526559755764747e+00
1.627639500021559993e+00 -1.094019188209498283e+00
1.552352335237095371e+00 -1.010531771118609923e+00
1.639911817073478328e+00 -1.060112763998565244e+00
1.529744612324930753e+00 -1.013701335566258521e+00
1.847687569269521379e+00 -8.983399317840767839e-01
1.787169665859754453e+00 -9.324094402253771952e-01
1.744648481234527093e+00 -9.783632287316383902e-01
1.786066032650955870e+00 -9.304742187984778035e-01
1.672836280873925219e+00 -8.382621971107715453e-01
1.760630604958391299e+00 -8.808722911923377863e-01
1.788826426855422147e+00 -1.018577488998706704e+00
1.728901781807900440e+00 -1.090260887095944486e+00
1.872029997263562118e+00 -1.019360695671126971e+00
1.817524269309507279e+00 -1.007764825519627427e+00
1.844610538614860795e+00 -1.001696028747104172e+00
1.813257953673073297e+00 -1.040471622806263152e+00
1.859663640932375905e+00 -1.037748999615957235e+00
2.049207895348039710e+00 -8.875424054286636943e-01
1.900401059542627724e+00 -8.439066843590159461e-01
1.950438433228783852e+00 -9.870164795429547944e-01
1.954668301984436862e+00 -8.999171985424021525e-01
1.876952848708756338e+00 -9.886150389852641496e-01
1.917277546398924226e+00 -9.535688656249404760e-01
1.913989861190642738e+00 -9.269219772235821608e-01
2.028762618309584376e+00 -9.785205367433005286e-01
2.054468858807031673e+00 -1.079352035537065380e+00
1.898802923559856470e+00 -1.021098451467836954e+00
2.011330439145645244e+00 -8.492298638165576286e-01
1.963581413023288702e+00 -9.425363797341589356e-01
2.034036556642207838e+00 -8.624360575656262462e-01
2.267005924890240554e+00 -8.478143504386792539e-01
2.265749416257666571e+00 -8.595811453353912057e-01
2.108346423067026354e+00 -9.180405687943324899e-01
2.128562525910144387e+00 -9.984853615433847418e-01
2.269381610437082752e+00 -9.793861659836602396e-01
2.258082789658221401e+00 -1.022539824117448815e+00
2.226178978587955548e+00 -8.523770856074882607e-01
2.174903554315695597e+00 -1.082357519447951777e+00
2.183161219007450971e+00 -1.077961628695084606e+00
2.177018199113245789e+00 -8.787282633521701358e-01
2.129800577152686447e+00 -1.081650769870633022e+00
2.256218448180024705e+00 -8.379609235859803995e-01
2.120941834942810189e+00 -9.079989851460298356e-01
2.111553714336938281e+00 -1.042794917259795007e+00
2.358662144473727018e+00 -8.843697150900593495e-01
2.391671981936986047e+00 -1.047201909924949659e+00
2.409720722302238549e+00 -1.020515835652887393e+00
2.293080336505936234e+00 -1.098393826345660962e+00
2.448616595895652726e+00 -1.109547166356784631e+00
2.448994885498910090e+00 -1.050760964414311216e+00
2.360890606592132013e+00 -9.974806648026428579e-01
2.485560702773493169e+00 -9.517649423323499835e-01
2.488886560888232680e+00 -8.547208308048064307e-01
2.378950664173847152e+00 -1.078814821097944243e+00
2.376569792367877909e+00 -1.054384415478907489e+00
2.337460353897107268e+00 -1.063666337543431650e+00
2.344041119514012728e+00 -8.594862062362809141e-01
2.313108207455387699e+00 -9.771923679728498069e-01
2.379304560316538364e+00 -9.922943664076183667e-01
2.425980103468505789e+00 -1.036592267614866003e+00
1.973135785869756464e+00 -7.003870519050703347e-01
2.047556481439051002e+00 -5.591435287983106406e-01
1.998018320190786623e+00 -6.575348311443414140e-01
1.915954433763419562e+00 -8.106779736927787194e-01
1.880890071494715210e+00 -6.292787018350223249e-01
2.012620269962068331e+00 -6.351997796996915469e-01
2.041232749393547152e+00 -6.855745558567316600e-01
2.047707635028523931e+00 -7.194002257453764315e-01
1.947210780416242626e+00 -6.808086761269611653e-01
2.009132567134765512e+00 -8.135539869859010897e-01
1.890001031459489722e+00 -6.898311813790127811e-01
2.173946727373164745e+00 -5.887297762766772191e-01
2.156867739936419337e+00 -6.391085547711909953e-01
2.180084364335018954e+00 -5.560583572860110513e-01
2.281848594526813656e+00 -8.256502612358900262e-01
2.126371512439559908e+00 -7.551320833822657841e-01
2.187597282442478530e+00 -7.055836143451548192e-01
2.248059267632535274e+00 -7.746881474208962004e-01
2.288611993966936264e+00 -6.177101124891241080e-01
2.342409527339911701e+00 -6.919912965320516030e-01
2.458089238889410666e+00 -7.147442940871573391e-01
2.481687276480052162e+00 -7.384285042159908219e-01
2.342177873655109988e+00 -7.809840281838615894e-01
2.377628191527709323e+00 -8.100822677468165756e-01
2.466892038824386013e+00 -6.445633658068768979e-01
2.330940169474274626e+00 -7.881101716491923925e-01
2.295155946771961109e+00 -7.422101141040550187e-01
2.352103648719121143e+00 -5.961693330023635218e-01
2.366707975427178479e+00 -6.300012578981845079e-01
2.301474965146587337e+00 -6.517899536194533550e-01
2.499036893113999014e+00 -6.486951743587581198e-01
1.839666356681999015e-01 1.517519534102376610e+00
5.049589737617546370e-02 1.586816451999835786e+00
9.703401265040749457e-02 1.562988498916321412e+00
1.214714253576357067e-01 1.347405733372222469e+00
6.352220554568820121e-02 1.323450414803252873e+00
1.414223711235242098e-01 1.416345068036071631e+00
1.569544832436945980e-01 1.556641719541617119e+00
1.472198782865954680e-01 1.460809435365438613e+00
5.285655492556005919e-02 1.606449059630233211e+00
1.933841030824415830e-01 1.509711849837711117e+00
1.095987437033061757e-01 1.586199058045896670e+00
4.053999245534025131e-01 1.422934184102805144e+00
2.870688058671290732e-01 1.428645402744625814e+00
2.515819544853252210e-01 1.497655310303400711e+00
3.844770771302770118e-01 1.458390030926737468e+00
3.957983662600261798e-01 1.437475036117799032e+00
3.325851343369234936e-01 1.381459297568693456e+00
2.690023706436286410e-01 1.496519850665155138e+00
4.062653023424751542e-01 1.371998185055771868e+00
3.642895453341139511e-01 1.392335436505916846e+00
3.565666539971359961e-01 1.647227011953340980e+00
4.140671801595571799e-01 1.323816292192526278e+00
3.808023405774906278e-01 1.519728720176496184e+00
2.313946268672689710e-01 1.515685872465347472e+00
2.660241848876516713e-01 1.393350125842169884e+00
2.911594313023857516e-01 1.342075800790702989e+00
4.588413016029782576e-01 1.211415693177977149e+00
5.107604909811254146e-01 1.144971507433644176e+00
4.553715947672551945e-01 1.272598209055898044e+00
6.168975747082247052e-01 1.202921629278181692e+00
4.445228865896383996e-01 1.336112790769869552e+00
4.978091751099033013e-01 1.150125791841961842e+00
4.448133061733737237e-01 1.193795736867393265e+00
4.172265564625504131e-01 1.293613460445279140e+00
4.930084314945992197e-01 1.232273279860768511e+00
5.532822740706950793e-01 1.373200690063888896e+00
7.900952740037660016e-01 1.141400382371636990e+00
7.975888738830069213e-01 1.168313462182065887e+00
7.324782982251463181e-01 1.189183185415898514e+00
6.787208085156333226e-01 1.282140759334030378e+00
7.693636786312042508e-01 1.175237398954723789e+00
8.153894795417805375e-01 1.348180829822294591e+00
7.114339964063666200e-01 1.291727823824626809e+00
6.654089585119689065e-01 1.199796276010453022e+00
7.918826336865764093e-01 1.135581472975571105e+00
7.336568845041528952e-01 1.327989881923304916e+00
7.750786906224309547e-01 1.147817606993859929e+00
6.309983129320038131e-01 1.256798484502946067e+00
7.906533387441196936e-01 1.235645318108396173e+00
7.227814029678181207e-01 1.198863682576949863e+00
7.786595578873162227e-01 1.255438375902443671e+00
5.252627119977205661e-01 1.503320178200131085e+00
5.509261996312252441e-01 1.664352988330872529e+00
4.826453969463847526e-01 1.597625622684612168e+00
4.761768385947540705e-01 1.480723372604334509e+00
5.230376516798667108e-01 1.535756174643913008e+00
4.446268903615753776e-01 1.640163253494209217e+00
4.586230781174075455e-01 1.478202738451514398e+00
4.960576116615257325e-01 1.606826393421373567e+00
5.355035468069573312e-01 1.466749094697347378e+00
4.614134174898020246e-01 1.660912232974655733e+00
5.307909989101404769e-01 1.654483956786386933e+00
5.600517201972651238e-01 1.596818864049406539e+00
5.580220199852217178e-01 1.622354901246176428e+00
6.421379968418435835e-01 1.660093210336263558e+00
5.805476695169905499e-01 1.511430279438598978e+00
5.938987842997240918e-01 1.453583535107843661e+00
6.077386413260040809e-01 1.498379651611721375e+00
5.577460846579616049e-01 1.403979034592198083e+00
6.248905189868092513e-01 1.392136244564003533e+00
5.855493155508602054e-01 1.572804559410979630e+00
6.116217772958068011e-01 1.418941739702472837e+00
7.276138263482407886e-01 1.456811193879794297e+00
7.964027093995473816e-01 1.507199547871604928e+00
7.821621957184982099e-01 1.508040077498964404e+00
8.103329968658514737e-01 1.508905256738373613e+00
7.810906413669397308e-01 1.507998865287203394e+00
7.077440924837561376e-01 1.622506703712019993e+00
7.465824685425798135e-01 1.577620858774417378e+00
7.240437771152996582e-01 1.498220568790062490e+00
6.984972274087908328e-01 1.658498200886155516e+00
8.626204271613858721e-01 1.372538451924311786e+00
9.459383100332225958e-01 1.383726923621447114e+00
8.907963640409612971e-01 1.118146259195298642e+00
8.337234199445425764e-01 1.380141305575401933e+00
9.134524569353910106e-01 1.367102921631333068e+00
8.334893416887760864e-01 1.128416544992674408e+00
8.333386680229244448e-01 1.189365485344505036e+00
9.555276442319036168e-01 1.330039781854184255e+00
9.198952056065798910e-01 1.126634269131058019e+00
9.690458630068768953e-01 1.341549978193359749e+00
1.012640356522532592e+00 1.262263567093470984e+00
1.013100889967808227e+00 1.379021487993415951e+00
1.008724978923803750e+00 1.345441568472578675e+00
1.003527399382041274e+00 1.153946411126473004e+00
1.010617421734284704e+00 1.283011142567920260e+00
1.067520611223233162e+00 1.277883849872667676e+00
1.055997457835127662e+00 1.349672973629167050e+00
1.092866506508706870e+00 1.134051910642592143e+00
1.092835190369610965e+00 1.157134687531603534e+00
1.050985297945380648e+00 1.319210691501885302e+00
1.205623751019484935e+00 1.143474074281517483e+00
1.237461708091151413e+00 1.220029417128549287e+00
1.220432351327415788e+00 1.223869159639218829e+00
1.166058274680985996e+00 1.198560380953846760e+00
1.174859120546815294e+00 1.166564155647858758e+00
1.180917615599632819e+00 1.358841010281665485e+00
1.164152539300905342e+00 1.183727239438244982e+00
1.180289847259059943e+00 1.144202365956802137e+00
1.171065949233937920e+00 1.188376196505687821e+00
1.115479266873678821e+00 1.339981549869340594e+00
1.187707371212199270e+00 1.122058057877295401e+00
2.022286057713936103e+00 7.641853022741821322e-01
1.969084969513625882e+00 8.145005446400670479e-01
1.912415096791675317e+00 6.532284437782964748e-01
1.974916676758015521e+00 7.559802409083077324e-01
1.997630882685596632e+00 6.078577138015492931e-01
1.928308597817544712e+00 7.866922700024533421e-01
1.934524965257609752e+00 5.837937906832261215e-01
1.897621542376652704e+00 5.795362798472756261e-01
2.290070227209188403e+00 8.173419383481229650e-01
2.291400804316739759e+00 7.218388329154463712e-01
2.189403068986655487e+00 8.298511676444331187e-01
2.222912061140090323e+00 5.995982513226983945e-01
2.207459393178837104e+00 5.742698125910967732e-01
2.091457102181245808e+00 6.216366663647345803e-01
2.268736291947997863e+00 8.004811249954189023e-01
2.186990125474149949e+00 6.635839386160484743e-01
2.269455845789097648e+00 6.124792678998348672e-01
2.252824048820355696e+00 6.537766274337190042e-01
2.494386555021110397e+00 8.247992998657940333e-01
2.473454206602744954e+00 7.415235298155022914e-01
2.323584808419366432e+00 5.912480673431843581e-01
2.302599998302229167e+00 6.844255983669151888e-01
2.474225802999809876e+00 6.675702673825488764e-01
2.306940212997605766e+00 6.285495053496357176e-01
2.307038311850349022e+00 7.214368353400193445e-01
2.396339712718547510e+00 6.662086659176688075e-01
2.419725771567286188e+00 7.486812724981535272e-01
2.420534997629286700e+00 6.226333874138822999e-01
2.353734532782504107e+00 6.352767325600634507e-01
2.332433580622727654e+00 5.588313764068750800e-01
2.417181352849701703e+00 7.570567597543915728e-01
1.296958429861775564e+00 1.116000373971239856e+00
1.377363435793569568e+00 9.501462755808154359e-01
1.318881825477141279e+00 1.122031353666588682e+00
1.411524448357724060e+00 8.410246832014328655e-01
1.343716807000401747e+00 8.820435630214635836e-01
1.377024651439279657e+00 1.120565887957859719e+00
1.434007632681619127e+00 1.069292393786308581e+00
1.427440088551958919e+00 1.212479730244848897e+00
1.287683868813384258e+00 1.092099105708214557e+00
1.439117342470612071e+00 1.085969242917115052e+00
1.316726868276779427e+00 1.186065389737202658e+00
1.650958872967344560e+00 8.526116611976382043e-01
1.529729846550124561e+00 1.071841935016060399e+00
1.504279476429891238e+00 9.550586183345343150e-01
1.482504273858083810e+00 1.099518588557838461e+00
1.666098851987992457e+00 1.155889338408168987e+00
1.535334860698630122e+00 1.188301989040670525e+00
1.595709447405405212e+00 1.060382647479743756e+00
1.559144213557426051e+00 9.631184186212934373e-01
1.534553416357961719e+00 1.020401567441950874e+00
1.655161316916346603e+00 8.555560195035343263e-01
1.584342804614204514e+00 1.232203796392487893e+00
1.463935130668498230e+00 8.751854760526305288e-01
1.841182131283060075e+00 1.171506897815372428e+00
1.752314521113878865e+00 8.998505572648363149e-01
1.823274058065483150e+00 9.382051886816765718e-01
1.710657624024681800e+00 8.875182314430867248e-01
1.730975488428588616e+00 1.123095501645453798e+00
1.693303150293766990e+00 8.347912448852446987e-01
1.832681607631587939e+00 1.033230554000373225e+00
1.864142135292234936e+00 9.563697678379187161e-01
1.687834790619330283e+00 9.658894072781760709e-01
1.961825988734770876e+00 1.020364205194200791e+00
1.947821249000036614e+00 9.244020209898635709e-01
1.982097744860001898e+00 1.073161991720608111e+00
1.981214769490372118e+00 1.071086203231344181e+00
2.017983090772089927e+00 8.354936941302539832e-01
2.055872113057315431e+00 1.040938312635636187e+00
1.885107975089901799e+00 9.383841268303317884e-01
1.935019798738341734e+00 9.982673783167725912e-01
1.920744894201519282e+00 1.021646810520198345e+00
1.951643747764171488e+00 1.045484668415014751e+00
1.884635267744453113e+00 9.381662694890074983e-01
1.978882478622663310e+00 8.449568589920536388e-01
2.070887747285649283e+00 1.006959405676711050e+00
1.899537919703729205e+00 8.563552000695080491e-01
1.881007964211210082e+00 1.071153857593318826e+00
2.135347773805778004e+00 1.096975176989259282e+00
2.280226025754693797e+00 8.674999906866105448e-01
2.107520335712653292e+00 1.104522683009908857e+00
2.106844832069246998e+00 8.484524967659311523e-01
2.099822125258981043e+00 1.106959348798040921e+00
2.223091717843092230e+00 8.590464329754302630e-01
2.254057403219099420e+00 1.024712232775582210e+00
2.149380075699605985e+00 9.546123687071346176e-01
2.177350563394379268e+00 1.011421126686571581e+00
2.155426394354874819e+00 9.092744440752673629e-01
2.091388435065536733e+00 1.066790761617896877e+00
2.140175475668765426e+00 8.590630051785438370e-01
2.247958362829875600e+00 9.969396239714887198e-01
2.289711173882703399e+00 1.091542566541482850e+00
2.229931580524331824e+00 9.065675455242332426e-01
2.275658764028654524e+00 1.107124136878496756e+00
2.190035050395888305e+00 1.017979163497094275e+00
2.256708096380659612e+00 1.076279341709851955e+00
2.365154489635179935e+00 1.076647434256159608e+00
2.366406718394224562e+00 1.092407325009439933e+00
2.295347853394271276e+00 8.797062322406378199e-01
2.321654121474578503e+00 9.807650025453249487e-01
2.455817847025790090e+00 8.642300480969339338e-01
2.420442252819323681e+00 1.024589125640075205e+00
2.338458489916433347e+00 1.033429120167626447e+00
2.354263945682238734e+00 1.020757716952906957e+00
2.337739726334282953e+00 1.075213291440681340e+00
2.465730854082090584e+00 8.624867438400222186e-01
2.390850013827715781e+00 1.081545229541338360e+00
2.326955049660753616e+00 9.036150051690560181e-01
2.565381534047948886e+00 -8.100586049317562987e-01
2.647540709283627169e+00 -6.965895607425417468e-01
2.525384195028042456e+00 -4.471313319942982756e-01
2.579467432278092165e+00 -4.488609548395188220e-01
2.545192631315952525e+00 -8.084442029383467343e-01
2.614984068390679095e+00 -4.492443843086179611e-01
2.640966983857048866e+00 -5.770818496631922034e-01
2.568836534362266999e+00 -7.843260138841114948e-01
2.561751196460552382e+00 -6.592182058233572173e-01
2.843251610834383047e+00 -5.421084065205995506e-01
2.847270675486589742e+00 -8.070684796711566911e-01
2.894212014230147290e+00 -7.699206993739868832e-01
2.754069021556192709e+00 -6.507939866900187553e-01
2.795178087710028070e+00 -7.080811716493946584e-01
2.908487904317528017e+00 -5.875721750826001788e-01
2.815871400602945052e+00 -4.358378750327430717e-01
2.729191203993668768e+00 -7.980719631991000096e-01
2.777261266988756638e+00 -6.461638670609600732e-01
2.836793166524067100e+00 -7.338227321218444565e-01
2.806728047410609772e+00 -8.254145138038113672e-01
2.736550029403430173e+00 -7.732334905283191340e-01
2.753207275710664703e+00 -6.247483401428146621e-01
3.018780794374785970e+00 -8.282965346853956579e-01
3.033889335916281738e+00 -8.324514884282738780e-01
3.020181023385128061e+00 -7.265232275652199201e-01
3.121247395775228917e+00 -7.015595498370071903e-01
3.060895178748720191e+00 -4.421277312240542434e-01
3.012548015865560203e+00 -7.166529503874626839e-01
2.947517656868519964e+00 -7.631523042886181329e-01
3.025532411533542909e+00 -8.018179347926710498e-01
3.045655238824359401e+00 -7.957630734503678971e-01
2.934473848391130790e+00 -7.865609425842484681e-01
3.042299854754610955e+00 -5.732653274578667357e-01
3.115379222358408029e+00 -5.680224586423094912e-01
2.551178028590633584e+00 -3.646393554841845241e-01
2.656640801983783717e+00 -9.549301087603312421e-02
2.589928357893455768e+00 -9.355043348242059187e-02
2.681373925143394121e+00 -2.973242556116138524e-01
2.622785363931965819e+00 -2.131562417205156157e-01
2.510048713533775011e+00 -2.205244494059274973e-01
2.658547360621158262e+00 -3.737422349183551207e-01
2.602859707701797198e+00 -1.167584688123118331e-01
2.609442757622376874e+00 -1.893789181235465136e-01
2.543173082844490285e+00 -3.628498875839851756e-01
2.631136413323224232e+00 -1.594862471947772198e-01
2.669902216909512127e+00 -3.540989369844993462e-01
2.531798055568663663e+00 -1.459120768226589426e-01
2.796988748627909693e+00 -1.852273858352736779e-01
2.764547983572506418e+00 -1.687021804603921205e-01
2.847789681474237167e+00 -2.558330881218898734e-01
2.740371670412204974e+00 -2.756047325475301513e-01
2.871137316678474161e+00 -1.640032970091104270e-02
2.876296109422016745e+00 -2.922887893618806299e-01
2.760608195985809754e+00 -2.592025531190647047e-01
2.903946718183007203e+00 -1.986815483694032436e-01
2.718879517920505418e+00 -6.745779777527138865e-02
2.794752671062554317e+00 -2.922384997825538955e-02
2.778875440362075899e+00 -5.277325573119184821e-02
2.761636837014783019e+00 -2.824978655421667151e-01
2.983640166089046364e+00 -3.183658143863222212e-01
2.941103724107269723e+00 -1.684283903983816444e-01
3.090967624327876084e+00 -3.596659636614721323e-01
2.939161444309561499e+00 -1.590101496113329738e-01
2.963704018716961652e+00 -8.310804254201870078e-02
3.029951248295329247e+00 -1.989611236391565230e-01
2.956689511147420291e+00 -3.038376353905377636e-01
2.931373326140121360e+00 -1.376209535206573964e-02
3.076137237712680772e+00 -3.434002332469903163e-01
3.306473403187909721e+00 -3.544599337556169072e-01
3.183992091989385376e+00 -4.052107363798450601e-01
3.279948269364600488e+00 -4.325938346235820298e-01
3.200423615107839126e+00 -4.221317091825709245e-01
3.330501706760637504e+00 -3.238874581250746898e-01
3.296828789858063047e+00 -4.764208240556311869e-01
3.363113268051864058e+00 -4.714772188162630329e-01
3.399643179207400667e+00 -2.978950853217123274e-01
3.378005007668904991e+00 -3.906159348984968860e-01
3.323672122516732053e+00 -3.565717738297078387e-01
3.411035848969207418e+00 -2.804280946436892852e-01
3.235536147213603719e+00 -5.375543827794586615e-01
3.148876737525803104e+00 -5.011818350619970941e-01
3.302622670808674332e+00 -3.314821104449251488e-01
3.282679375128603194e+00 -3.740738195706732050e-01
3.181416286089455703e+00 -3.278159490468673942e-01
3.462557186377912544e+00 -3.840793039699490485e-01
3.604790612338007794e+00 -3.481187444322608737e-01
3.668939676015184226e+00 -4.092571146249647240e-01
3.691413982237974789e+00 -4.286791129824901736e-01
3.711055841207503203e+00 -2.812689298659347692e-01
3.742012427746597147e+00 -4.872221057529811938e-01
3.447863393970597379e+00 -5.530280824343301038e-01
3.620000029136139830e+00 -2.940709380637963055e-01
3.508230243164874196e+00 -5.502818103723416954e-01
3.438137999679793388e+00 -5.090008570316771896e-01
3.708472127119738726e+00 -3.496048955332551333e-01
3.502788793530206224e+00 -4.258061838060424598e-01
3.695499874679515351e+00 -4.692590964642175955e-01
3.702847527946768302e+00 -3.705199019792941861e-01
3.615089576512585001e+00 -5.348024341581361085e-01
3.695704296851746395e+00 -3.625095330479305433e-01
3.130906626539177839e+00 -7.936668375450839363e-02
3.196781905530588386e+00 -8.110630634462581701e-02
3.380169604232728275e+00 -1.606785658338688860e-01
3.295196696841648176e+00 -2.552688027349859778e-01
3.392485197947817888e+00 -1.584032602171568382e-01
3.177694278042971998e+00 -1.259585487607607357e-01
3.390482037786505920e+00 -1.713732900291093930e-01
3.428250956248441561e+00 -2.460424101086318149e-01
3.138399943127748948e+00 -4.635286285121059668e-02
3.261320769426551358e+00 -7.242456558299981140e-02
3.238382853763905445e+00 -2.765450679627254882e-01
3.156732263665036786e+00 -5.324994600535737366e-02
3.371871166282475851e+00 -1.037647999373628727e-01
3.420613352324612499e+00 -2.019637473736191069e-01
3.331032769592751741e+00 -6.667396646170198338e-02
3.256211487556702089e+00 -5.467802436491520091e-02
3.517717098654785879e+00 -4.640047732916349754e-02
3.657063113558774337e+00 -1.231605311092205390e-01
3.478887536054219964e+00 -2.766650829710268211e-01
3.676066254097984931e+00 -1.320958310827413940e-01
3.628924180411025269e+00 -1.907874764946133617e-01
3.564458637152802645e+00 -1.654300011922478775e-01
3.735549454069785558e+00 -2.175780292858092435e-01
3.438776029846470017e+00 -7.387953911744196689e-02
3.679659129228500358e+00 -1.133646401741469634e-01
3.627271229039997991e+00 -2.066390369893237045e-01
3.622924824721093007e+00 -5.979419218124498725e-02
3.581953744983063626e+00 -1.647919693923006745e-01
3.704801352983809082e+00 -2.645284218458254788e-02
3.597488481327114851e+00 -1.406929657111255505e-01
3.733635656382785051e+00 -6.623952310344338734e-02
3.674293676596706248e+00 -1.670295948736447711e-01
3.634989173029802956e+00 -9.520198603668461601e-02
3.831230332376661440e+00 -8.560227385070673378e-03
3.928670454111836463e+00 -6.455369860358739498e-02
3.787865087428204269e+00 -6.893838631324654409e-02
3.928595204868708279e+00 -8.586982715651464426e-02
3.849044155641513143e+00 -9.937683682103903848e-03
3.782954778758569336e+00 -4.813850537571157107e-02
3.950274362009567941e+00 -1.382820119002369785e-01
3.766502576470172059e+00 -6.206852157379953716e-02
3.889957202095514877e+00 -1.643642525106528418e-01
3.845806484913771417e+00 -1.839232520445716057e-02
3.902853143741402686e+00 -1.689168528528157132e-01
3.789943944828056299e+00 -8.342757745964890503e-02
3.899122630129000289e+00 -1.220235757099333851e-01
3.786808312018945077e+00 -1.199081141413457230e-01
4.119707458141053991e+00 -8.071457955671204609e-02
4.111713773462955857e+00 -1.723246952796318454e-01
4.078092548316681665e+00 -1.262059026242430548e-01
4.062416216798399482e+00 -5.886099587249590814e-02
4.069327190895974944e+00 -3.815964351809383870e-02
4.012340666825349622e+00 -1.416619475538969386e-01
4.086209478197471157e+00 -8.398703709169150211e-02
4.155291184142956951e+00 -8.924748063841268786e-02
3.967349461989451154e+00 -1.544561320292076601e-01
3.993437671557406698e+00 -8.146398253678226176e-02
4.062227865862566567e+00 -9.577289326685894943e-02
4.161241423961399732e+00 -8.510235097227478174e-02
4.060216675252692475e+00 -1.236077019151464174e-01
3.996369240836236791e+00 -1.185478607427522535e-01
4.089595943566060932e+00 -1.521187108576524949e-01
4.145669961896125244e+00 -8.266064521744509452e-02
4.287753073732426756e+00 -6.823082972451471884e-02
4.199561159671589827e+00 -3.192299736192399928e-02
4.240651825593434232e+00 -3.643962506776585175e-02
4.171056532022422658e+00 -1.685261016629883424e-01
4.194949354184354995e+00 -1.286384944291311672e-01
4.293588962104363915e+00 -8.789435372440004834e-02
4.282796753920646182e+00 -4.010732346479956023e-02
4.234719599069633134e+00 -8.637337476517302493e-02
4.209841861096486504e+00 -7.599315919794343011e-02
4.290131820090619996e+00 -1.842168420873392942e-01
4.256014297880376773e+00 -5.678199407047448966e-02
4.291815790751842385e+00 -4.387195224347606448e-03
4.265730985236632300e+00 -1.062739689385367448e-01
4.260165159742438590e+00 -4.768017811366725978e-02
4.199120008231732371e+00 -1.071444323111785807e-01
4.175631436857122125e+00 -9.887515581441040646e-02
4.174977023824360423e+00 -1.564868887207506165e-01
4.400234524906608158e+00 -1.503620411094773734e-01
4.420596265617898979e+00 -9.210904418403088878e-02
4.416423317079097188e+00 -1.105567817240974138e-01
4.398213431494355952e+00 -2.076534761674081464e-02
4.404116553386717037e+00 -1.450531764485365749e-01
4.359433531699103526e+00 -5.320480270873129136e-02
4.385058675878243939e+00 -1.317000496787699149e-01
4.315918427471356011e+00 -1.211147307724680516e-01
4.396564849543582731e+00 -3.927691354805223911e-03
4.433889652816166205e+00 -1.188859533098321486e-02
4.326830518042239504e+00 -1.301712183286792279e-01
4.374545644787464660e+00 -1.363801388835158557e-01
4.332878711368727487e+00 -3.402363508362393762e-02
4.514991797088923065e+00 -1.601586064558445377e-01
4.455698198793901277e+00 -1.111643116477270543e-02
4.461483253754990663e+00 -1.035116376161104995e-01
4.489899181578176801e+00 -1.003185422929830928e-02
4.569635615570721399e+00 -6.564497011458694797e-02
4.446523747570944707e+00 -1.144790263721080364e-01
4.557812008796878978e+00 -1.208936517065067467e-01
4.496534854609250509e+00 -1.032794604411596540e-01
4.535804169868101532e+00 -1.269943128282070011e-01
4.446716359667060914e+00 -1.385135735284478420e-01
4.533078468233219027e+00 -4.813635819451683728e-02
4.459726903659040786e+00 -1.838829896952881571e-02
4.552952717109100433e+00 -9.899957723925190134e-02
4.710265758698312766e+00 -1.582929254911137895e-01
4.592488643710175289e+00 -1.391655339957947324e-01
4.599490125151913134e+00 -1.609317305919815699e-01
4.702890066611891129e+00 -1.370446086873273184e-01
4.739847176750464186e+00 -2.659318598124085220e-01
4.685279169705853342e+00 -2.160552149867555893e-01
4.637302180105689509e+00 -2.249321557116273074e-01
4.629902659248258168e+00 -3.999803712350488705e-02
4.699610936318988408e+00 -1.391742195974033924e-01
4.683112297758181164e+00 -1.782251359550013348e-03
4.651666775883486871e+00 -7.062225820687101363e-02
4.738531088548735504e+00 -1.599718562495462959e-01
4.641781366705349576e+00 -1.661941554016741207e-01
4.740767821536799431e+00 -6.413043842564261632e-02
4.761076017802006177e+00 -6.863361246693680529e-02
4.619979091346542610e+00 -1.186663962223018509e-01
4.738277624444500624e+00 -9.936704422389525115e-02
4.619183218497783017e+00 -2.566123105300007201e-01
4.730366339603429005e+00 -1.480920467585952749e-01
4.639543746578635108e+00 -2.300564626931353995e-01
4.706068119320113041e+00 -2.711198293640828538e-01
4.740990048145853564e+00 -1.558701908499287025e-01
4.951771206421182292e+00 -6.484073698260350849e-02
4.920725063661902432e+00 -5.284174848555983628e-02
4.899924382085644403e+00 -2.045662296157385041e-01
4.896547814562072887e+00 -1.287282078761273485e-01
4.969877249915400697e+00 -2.388374525481961053e-01
4.985961195781548838e+00 -2.455202939092893111e-02
4.955992060315584702e+00 -7.408690854373620183e-02
4.950057099012172834e+00 -5.705464130408069434e-02
4.845735285398511394e+00 -2.612368327331066054e-01
4.821765092501474115e+00 -7.059345581586842777e-02
4.845511416738165877e+00 -6.364280563347241015e-02
4.966614683824361443e+00 -1.124678243039130832e-01
4.942689662693754649e+00 -1.524075091508461099e-01
4.983792979668764112e+00 -2.471680814029131312e-02
4.856125765952612028e+00 -1.358852757321276084e-01
4.921012855650918283e+00 -1.710870818465589638e-01
4.908354729613378709e+00 -2.631075343174527070e-02
2.749482306513166385e+00 7.398422885280550032e-01
2.685068845907299995e+00 5.513826154478578268e-01
2.560620633558947645e+00 6.381215047465523815e-01
2.556897785619649532e+00 6.116439235767203719e-01
2.597494124005250260e+00 4.812773274725244965e-01
2.650251399407120179e+00 5.368731307792329321e-01
2.629705290564655851e+00 6.412972938953513946e-01
2.638556662416217780e+00 6.335256301883598340e-01
2.593917722275069782e+00 8.130896578653692419e-01
2.557525007275553541e+00 6.803779004581729239e-01
2.575609656960605953e+00 7.889281581880519534e-01
2.559403004547032179e+00 7.418518325656641155e-01
2.531978310805953925e+00 8.059226995513358860e-01
2.797518152798222690e+00 4.274984579402162366e-01
2.538881492495970615e+00 4.730377163536687024e-01
2.840091188326494542e+00 7.772078525854608788e-01
2.934139358555760690e+00 8.156711600673801632e-01
3.082670968592150285e+00 6.697638536023862166e-01
2.847850703411034523e+00 6.547912945674061458e-01
2.860541440009666481e+00 6.745524019589359543e-01
3.025302563498683650e+00 8.100135005038531233e-01
3.076381198260857097e+00 7.238496557485867289e-01
2.818577710669583514e+00 6.057548717325582643e-01
3.015177285673961372e+00 4.956795505679724712e-01
2.960644474830463224e+00 7.573213273570112980e-01
2.859701867640024542e+00 7.305354649812975110e-01
2.930731720342093283e+00 6.714563053485829158e-01
3.178667800844733993e+00 3.858534840934060295e-01
3.427730113182167138e+00 4.511850687449718844e-01
3.422630262489688491e+00 4.950705065480809353e-01
3.343023902131468272e+00 4.583669190321193465e-01
3.129840322588523183e+00 4.103633052293502725e-01
3.151521046994468556e+00 3.700616241677656126e-01
3.354869266721326682e+00 2.804318467038739993e-01
3.350514099345842656e+00 4.727452985797911955e-01
3.325933055334911348e+00 3.399415889051950468e-01
3.429941558930411638e+00 4.321574663180195452e-01
3.151785057298273518e+00 3.829937254289387250e-01
3.419933667144156253e+00 4.829488799275390987e-01
3.155946093594584667e+00 3.633034687555937725e-01
3.356800587835218064e+00 4.413011737580349036e-01
3.342275916625735199e+00 3.752939203155881143e-01
3.627680911755318593e+00 3.687405192195769010e-01
3.738313567374583979e+00 3.552522692588037101e-01
3.498545690420280962e+00 4.109249754027778367e-01
3.451578823366516779e+00 3.499390888016732371e-01
3.736075505295236798e+00 4.638048469442858091e-01
3.563369019709305974e+00 4.119700799795255053e-01
3.610412650220209407e+00 4.487915412995424069e-01
3.572330516130834965e+00 3.523956829129263890e-01
3.442080253434605552e+00 3.284445649627514840e-01
3.575014316160427086e+00 4.445968376417364643e-01
3.485412802565202028e+00 3.258375244187428632e-01
3.855503688487024405e+00 9.604230833892482555e-02
3.890234209427736012e+00 4.396777198014048538e-02
3.863866731292749712e+00 4.995132740956914619e-02
3.875613993866452223e+00 3.399445283547801455e-02
3.776848217253986562e+00 7.175086379090866995e-02
3.872106336938549997e+00 4.157519166928955734e-01
3.769147827361754466e+00 1.957187881904100257e-01
3.778745833768161866e+00 2.738838963722144970e-01
3.944173765932720954e+00 3.111318336370345605e-01
3.768577823274030347e+00 1.280832902246499538e-01
3.759414141701603373e+00 2.617270592034913745e-01
3.917397175949304255e+00 2.480585277173819603e-01
3.750274310940221234e+00 7.323887160828984610e-02
3.757985078987475358e+00 2.513084846164201913e-01
3.985900498178605478e+00 1.598730242504241839e-01
4.059785047404216307e+00 1.707363803392794588e-02
3.958506164280123141e+00 3.453739419591404791e-02
3.998738512919331356e+00 4.003923137361312667e-01
4.078406035362331927e+00 2.701176247172789591e-01
3.997923153949213049e+00 9.986008322583408980e-02
4.162838243904658952e+00 2.567070039510869206e-01
4.063875578830473678e+00 2.420774277452277801e-01
4.049959258286640384e+00 3.072336789787720179e-01
3.974384448061061281e+00 4.055640066841362801e-01
4.338435581524615614e+00 3.720839865524326884e-01
4.189672682676606641e+00 2.723074852194621309e-01
4.331422495031084452e+00 4.782989236554660573e-02
4.307588556391361401e+00 9.880189223726645875e-02
4.228860273858895624e+00 1.905484818285842763e-01
4.261434366059256185e+00 1.980206524877831109e-01
4.267292523071582799e+00 4.187549053641413666e-02
4.313426417672985735e+00 1.220633589088455373e-01
4.177609444811468009e+00 2.288211372641505426e-01
4.616919598361717725e+00 1.447124025183837981e-01
4.533916134154984512e+00 1.911572875846734576e-01
4.564480051578288844e+00 2.009245921836779747e-01
4.445743522886267840e+00 1.540018401666063963e-01
4.680879264224372172e+00 1.572103126770171555e-01
4.562488134946056206e+00 2.709609430727618062e-01
4.511876876557463945e+00 1.805543366345315204e-01
4.433107219886912809e+00 1.352367801702261396e-01
4.630080456429262803e+00 6.345435272320289199e-02
4.448280312099166522e+00 6.630749314130966049e-03
4.678494538595765029e+00 1.494717684809947766e-01
4.467091051924309220e+00 2.405454734891079305e-01
4.949822663699698033e+00 1.167956682733904683e-01
4.744743601941814326e+00 1.697661036920033485e-03
4.920789666986467026e+00 2.547385856962041117e-01
4.993604866168715795e+00 1.129588169857856234e-01
4.688961891497803514e+00 8.795152454376896356e-02
4.723107417627550930e+00 1.515873225462272822e-01
4.768565454269942272e+00 2.524824818003926774e-01
4.955704312338256479e+00 4.880984473166520392e-03
4.777230212353961392e+00 4.369771836632795753e-02
4.934197428752818304e+00 2.319580672217284589e-01
4.955379385564168793e+00 1.231701150425917046e-01
4.739569826833328392e+00 1.712893618435102489e-02
4.890396261196043426e+00 1.027154669794163033e-01
4.990159042209969975e+00 6.198682872155852897e-02
4.882834175838954849e+00 9.331497713850633868e-02
4.741942416169292684e+00 2.581801038797055248e-01
4.893205428572474425e+00 1.613649336403503998e-01
4.946167792222238901e+00 1.616874109124600278e-01
4.663844460612105891e+00 3.421519309976256973e-01
4.573893476007703462e+00 4.290138568403447650e-01
4.415522762630667231e+00 4.815689865807836756e-01
4.649010942558970960e+00 3.856825812066022596e-01
4.517294010206063248e+00 3.997885765719119133e-01
4.638084999738888214e+00 4.210420651526859404e-01
4.496198244388090792e+00 3.269760219957644765e-01
4.481673404216686585e+00 4.796819631882091595e-01
4.515903010054699962e+00 4.041370643855873301e-01
4.405318771617221074e+00 5.440308255419213923e-01
4.587086812419094883e+00 3.357544419367863298e-01
4.613060111443269662e+00 5.337379747957315956e-01
4.567795928790440385e+00 4.350588640057166945e-01
4.599448297451411705e+00 4.576198262993600996e-01
4.616761299285155218e+00 3.696472602912954097e-01
4.474717294919989818e+00 5.511669306887732045e-01
4.580289446010382903e+00 4.272172896821173627e-01
4.972650952680851333e+00 4.114582026579799434e-01
4.917621402061449487e+00 3.033941092584526711e-01
4.866859369548597769e+00 5.317695840601689428e-01
4.748605665551681732e+00 5.312287998258331534e-01
4.724931298580877126e+00 5.382814679813833214e-01
4.737120302591609544e+00 3.320510233211853013e-01
4.819718534792504450e+00 3.156424371210355129e-01
4.814834495867595265e+00 4.091574933253735447e-01
4.832190795735628264e+00 5.137485344108654317e-01
4.980140088835333323e+00 2.916184555439035875e-01
4.939554742391225162e+00 3.243906685342837770e-01
4.713568059271067590e+00 4.860437916139338510e-01
4.816112353339899066e+00 5.453216058768410868e-01
4.726269351832635301e+00 3.908461329001692852e-01
4.804475493647268003e+00 4.255143519448991718e-01
4.875892594774189348e+00 3.862565399698053015e-01
4.828021537509911809e+00 3.089647775404636421e-01
1.572389503204925029e-02 1.908851177246841058e+00
1.528410274748148445e-01 1.884625261924770756e+00
5.712539540613027073e-02 1.933087396101445643e+00
4.289251363177112170e-02 1.707162376576961904e+00
2.026436168145005212e-01 1.909843049518310520e+00
7.348778588418417024e-02 1.891557879587820290e+00
1.771009682746476910e-01 1.709864889557949796e+00
2.544891657700124044e-02 1.922917665649179986e+00
1.891398727840562510e-01 1.872161845392497082e+00
1.019411296532147654e-01 1.728002531950024068e+00
4.866453176375999667e-02 1.699155305107653113e+00
1.869498636218496629e-02 1.839005161399505761e+00
1.472619892729946922e-01 1.856598534862271332e+00
1.857228461677055617e-02 1.687451027769826917e+00
1.937038854574499314e-01 1.709989493705978303e+00
4.168908594746982381e-03 1.777183303860736308e+00
3.997024517670745847e-01 1.708937126835961884e+00
4.019765824933827503e-01 1.831559232564499595e+00
2.698068582321510034e-01 1.796471562875460837e+00
2.611319639626094036e-01 1.840520683854871997e+00
2.444786813673383019e-01 1.816967245456704516e+00
2.852556471059461418e-01 1.667018025004134429e+00
2.383365496843532494e-01 1.731963657306035520e+00
3.589701293416698302e-01 1.942661259902873638e+00
3.800950025676021471e-01 1.805374687913453791e+00
3.404027026933333921e-01 1.918409142625686403e+00
2.824266749799986265e-01 1.875863996621029095e+00
2.977947429185020534e-01 1.896294793773951604e+00
3.129976608575399388e-01 1.755089269409991770e+00
2.653661332288284602e-01 1.846158932505975514e+00
3.913704850774635258e-01 1.735924550699422531e+00
9.893014901796810812e-02 2.143085597942901099e+00
1.159746513763229570e-01 2.160895556255165051e+00
4.129510206383980864e-02 2.038422492724258905e+00
8.921449842545982334e-03 2.071187348023245001e+00
6.370978728878938513e-02 2.009408953430594114e+00
1.089233707830732645e-01 1.990162389685518951e+00
1.322586064073255907e-01 2.191134422705418583e+00
5.514241371425211702e-02 2.219333437847681001e+00
5.720993712114164076e-02 2.090671065404528406e+00
3.791541661811664160e-02 2.169286402862185881e+00
5.293700051835825704e-02 2.086560273290672285e+00
6.626599236506515445e-02 2.193268699196856630e+00
1.174613644553955949e-01 2.129616629819186979e+00
2.033680801815092587e-01 2.201883563505951269e+00
2.731060319126980551e-01 1.995647550932678982e+00
2.127213601048926483e-01 1.964396738880804572e+00
1.800996009907415984e-01 2.155127631026938495e+00
2.735853773422453061e-01 1.951556457655722721e+00
2.404690007521762818e-01 2.183983735965821182e+00
2.327737738065443207e-01 2.029636803573365178e+00
2.777394839747604482e-01 1.951989877686120423e+00
1.848188153255977406e-01 2.180732836158346011e+00
2.408284702576972969e-01 2.152261921481850138e+00
2.514033411125015105e-01 2.185739888088844118e+00
1.880213795204513372e-01 2.086797722373646469e+00
1.765440789188972293e-01 2.114196897816712717e+00
3.165299811977382305e-01 2.040631369338975709e+00
3.544801668180879162e-01 2.219883124225074500e+00
3.919591882145424533e-01 2.058829666276612347e+00
2.848827683437325509e-01 1.961235309862606524e+00
3.284675230546557634e-01 2.021904716994741502e+00
3.014096240648770353e-01 2.181605396444063594e+00
3.007449780686362040e-01 1.980543465127697855e+00
2.944143746842747267e-01 2.041161237927624938e+00
3.982551680087753065e-01 1.983212557786180996e+00
3.992426211644436451e-01 2.133779435295525051e+00
2.790970498573122627e-01 2.168167543406501974e+00
3.522824222447911713e-01 2.083469552295124316e+00
3.692520597255782855e-01 2.129325933315311392e+00
3.648477811002364679e-01 2.029927422787779712e+00
3.711154804328535284e-01 2.004163674760573777e+00
3.821018457087695941e-01 1.965535841954086482e+00
3.718603213726033307e-01 2.105016660316263888e+00
4.044678342950938643e-01 2.220696025452558509e+00
1.494333667339412149e-02 2.417008328828771813e+00
3.923234685752623185e-02 2.225984927734722341e+00
9.226097021768663031e-02 2.245283559112155380e+00
3.766831493934492958e-02 2.224240273976340276e+00
6.300741398520215419e-02 2.451078323328763187e+00
7.853007771400519199e-02 2.248811994407711179e+00
2.601004057520839730e-03 2.365707897057939046e+00
3.610207748744855439e-03 2.239385325927351733e+00
1.344845072120850506e-02 2.364287809770537319e+00
5.049293446875061792e-02 2.291179225606405634e+00
3.739437075048893111e-02 2.329673875357908042e+00
2.098123810449501955e-02 2.276767046091432434e+00
7.377742071860087826e-03 2.361994610810181250e+00
3.929166521337996987e-02 2.230491631781577500e+00
1.165764070328293711e-01 2.485322237398341017e+00
1.847359107857458882e-01 2.383653950498617391e+00
1.062313388125717684e-01 2.227333682028768802e+00
1.039556948060625097e-01 2.301941450911761500e+00
1.693818460188191155e-01 2.231342119050331974e+00
1.471317273542659121e-01 2.267096362744131621e+00
1.839609137324166310e-01 2.229438176073264888e+00
1.788457401881508591e-01 2.314139473860193696e+00
1.173414213159910680e-01 2.391040826683284326e+00
1.795258590608973526e-01 2.347221521973188008e+00
1.630771995411649522e-01 2.456330287989679562e+00
1.680064181082579766e-01 2.431168300849898767e+00
1.473467306653994668e-01 2.445678424931045924e+00
1.686039992943894339e-01 2.357621045991896036e+00
1.472491567187054762e-01 2.486411746258299971e+00
1.275684160532027656e-01 2.349587777409261946e+00
1.206495967562878080e-01 2.323013176980929462e+00
2.196747542248922713e-01 2.476209497045254171e+00
2.384211078129237216e-01 2.321820327274846996e+00
2.143953048976665887e-01 2.307575665857442893e+00
2.742908682358148886e-01 2.319747568727005937e+00
2.419720274965579399e-01 2.402629143141579604e+00
2.698483462738601180e-01 2.390161982758220560e+00
2.669418022530676282e-01 2.280513790876147695e+00
2.599580199729227825e-01 2.224501672310438050e+00
2.571047477924398583e-01 2.278187617908165041e+00
1.979377664122893565e-01 2.468634227493102795e+00
2.678031842594761347e-01 2.382320604313105772e+00
2.106764982483045057e-01 2.468469564869565147e+00
2.160462859363683485e-01 2.481111508207721084e+00
4.466542530170524578e-02 2.645722135761063853e+00
5.482844520601672794e-02 2.631673666010882595e+00
9.251576557891283154e-04 2.592057571441765518e+00
3.206861382495911766e-02 2.523918693018800674e+00
3.015466239289779291e-02 2.775296029904519290e+00
1.205339524902490633e-02 2.618808825175940047e+00
1.325003107072382502e-02 2.769584943507889641e+00
6.059206504074314548e-02 2.693481264811878884e+00
5.723658049983865528e-03 2.612489674067947742e+00
8.480989360124177590e-02 2.574289096763336726e+00
5.516953624130254558e-02 2.646081384043823981e+00
6.006666610283271923e-02 2.503122518242880901e+00
2.277235483154088636e-02 2.767268578532928736e+00
7.913256707371857379e-02 2.623883028454335520e+00
5.760609028021584921e-02 2.727175727775368763e+00
6.831725374062791456e-02 2.747728703993532307e+00
1.585203678017525208e-01 2.722340206390645445e+00
1.373815706599895714e-01 2.750024288367055814e+00
1.319204551973216233e-01 2.595725931572443912e+00
1.076329549409985459e-01 2.500949891884730825e+00
9.989601998225697277e-02 2.753138255995708938e+00
1.270160955510880874e-01 2.708146192405635588e+00
1.372764557628358695e-01 2.762087772516224948e+00
1.319717261318206214e-01 2.755090809383272443e+00
1.762583439111569117e-01 2.630923781315328114e+00
1.627349187097904271e-01 2.587249071774318399e+00
1.692281218604935189e-01 2.560259607417290084e+00
1.605425330395200967e-01 2.736367367915282678e+00
1.511719757882108439e-01 2.762191171688046953e+00
2.426735995771180654e-01 2.694019930833153609e+00
2.616007705254503879e-01 2.678461665606432174e+00
2.343154901519451383e-01 2.652796010658441173e+00
2.546147031262834814e-01 2.579393730487288039e+00
2.504725111722166941e-01 2.694768206934124777e+00
1.906801072877711833e-01 2.521415933508357465e+00
2.727749088390026833e-01 2.531777241858484295e+00
2.714111515226724780e-01 2.706064780258877089e+00
2.056622941489841261e-01 2.653252605638631856e+00
2.354060754186799720e-01 2.626427169416654994e+00
2.328927693448950564e-01 2.721729298383924522e+00
2.226163617795653693e-01 2.771382455732854133e+00
2.375152661392656017e-01 2.559303707687084817e+00
2.424231715745478744e-01 2.610891529370206854e+00
1.577658073705942854e-01 3.020726845350635514e+00
1.327248992584764142e-01 2.886261202885070265e+00
2.587136804107386112e-01 2.866659957602184061e+00
1.536892475074080333e-01 2.890098371262570964e+00
1.629930592900855069e-02 2.867709192541819441e+00
1.525312535536347269e-01 2.953458665612491263e+00
2.081129398192310409e-01 3.055220657655308258e+00
8.631903943205787577e-02 2.831706138923327121e+00
3.583024477344161351e-02 2.788947355486834923e+00
5.343759748162243972e-03 2.787322660346968295e+00
2.017148845685505509e-01 2.908584818417901285e+00
2.607063694559702549e-01 2.810372769684246652e+00
1.490323161529360507e-01 2.992438553709194871e+00
2.733390245330441504e-01 3.006901199650542367e+00
1.226516233681155393e-01 2.866875159253233551e+00
5.535542527512274380e-02 2.966136808558281768e+00
1.638670469598185742e-01 2.856263854160705495e+00
3.909387255986246368e-02 3.017066594507888944e+00
7.287504463935889909e-03 2.805086392449969157e+00
5.053349658498372809e-01 2.810320057041991504e+00
4.338934053885999953e-01 2.897709853619098830e+00
5.326002994530698587e-01 2.810088071664615494e+00
4.068806293030423626e-01 2.995045926518272505e+00
6.063892408991282679e-01 2.994466004404659820e+00
3.681216934155091547e-01 2.809260801551860975e+00
4.420710756392097207e-01 2.814497908230531031e+00
4.740274862694614511e-01 2.832133359412091878e+00
4.689343609522853007e-01 2.853667743555254876e+00
4.243890054388859689e-01 2.909373478242659239e+00
3.234006210665139047e-01 3.044567491550569827e+00
6.137656699077552735e-01 2.841186828499558281e+00
5.909734936146879836e-01 2.840452031687496159e+00
3.592844699881819759e-01 2.888957767725894854e+00
5.956530226292953145e-01 2.950876143063309698e+00
5.701782126862193767e-01 2.863060011575186081e+00
5.514915055455549275e-01 2.933061326664918589e+00
3.508269831139856909e-01 2.783094162437398822e+00
1.821297694249741916e-01 3.108103158529320620e+00
2.130376197143540873e-02 3.067150059379949223e+00
2.334605312489444473e-01 3.106182830220459490e+00
1.524494239143521779e-01 3.262259978300102059e+00
2.204211405215364683e-01 3.261422853884055062e+00
2.049166526754775952e-01 3.198707790993655653e+00
3.060553996312372904e-01 3.190413090202601776e+00
1.700590276219035579e-02 3.213959118781835933e+00
5.709223495849298502e-02 3.257366899109685132e+00
8.494570254275531085e-02 3.237862773317325082e+00
6.364819841364000030e-02 3.199280998416088817e+00
1.404993350561357102e-01 3.274093328118830026e+00
2.454478604628967386e-01 3.320605566170573120e+00
2.908769023343699134e-01 3.306417892398735514e+00
5.361928759301355374e-01 3.071526334856696572e+00
3.942007243590794907e-01 3.328869466866984705e+00
3.812892551702075083e-01 3.319130964509818593e+00
4.642320983473978147e-01 3.215770575218995120e+00
4.927328716979078038e-01 3.327689053998936330e+00
5.767338944832025582e-01 3.177744870775969233e+00
5.231764153755560365e-01 3.089411572503247161e+00
5.376486250507683806e-01 3.257153628279752855e+00
5.400402573488722879e-01 3.162814588268310523e+00
6.065028352695864822e-01 3.118010769649027569e+00
5.821863100262281154e-01 3.220743858051795527e+00
3.236074208128506546e-01 3.310879382818272099e+00
5.778839221346245836e-01 3.243824439400075477e+00
5.590855150112873373e-01 3.127410330412399020e+00
5.700786858380120226e-01 3.190891014390978775e+00
4.038907342863464756e-01 3.156446927753735476e+00
3.990396625441690048e-01 3.313359209049838050e+00
4.710802806517563890e-01 3.140594856166394777e+00
1.925978401525061529e-02 3.362640458725179027e+00
3.310178743391768708e-03 3.601611803441616910e+00
9.161727242448525210e-02 3.442072476178300366e+00
6.706835944232623914e-03 3.417892380977504807e+00
2.012968063552863507e-01 3.434071326152315695e+00
7.689289466122427308e-02 3.452644745589775965e+00
2.655769344111826857e-01 3.526278703938840575e+00
6.698469075509451420e-02 3.453986199506093424e+00
4.575016283751433266e-02 3.401517038178447638e+00
1.021114269255864876e-01 3.445711455216201369e+00
1.840509519146747708e-01 3.451016055474988686e+00
9.046082918812668738e-02 3.419257634039345906e+00
6.856093534776654119e-02 3.441573212745728139e+00
2.443719417262890103e-01 3.539811713401204152e+00
2.049216634468281617e-01 3.527613525152647700e+00
1.093001308925421050e-01 3.444376022976159302e+00
1.616640266606045317e-01 3.427031239518106620e+00
4.915110032226180370e-02 3.610179518933661402e+00
4.217314368724969231e-01 3.396454720223053503e+00
3.907056164276971888e-01 3.560359180979216998e+00
6.037865768412720158e-01 3.492433894086032442e+00
5.064673012219370607e-01 3.358131957627219055e+00
3.945508806487529330e-01 3.594895833612257174e+00
3.588206486123024508e-01 3.467419518427467651e+00
4.656488805104561646e-01 3.582179974574413173e+00
5.453071195595968756e-01 3.553166266952228369e+00
5.546952579071349199e-01 3.606462892012470167e+00
3.987297578337508641e-01 3.413762853080050341e+00
3.936892818954369488e-01 3.486156156276472906e+00
4.918362334159490090e-01 3.419914526266359722e+00
5.224993424474571047e-01 3.494943602939774685e+00
5.212397094972438527e-01 3.591220726071922886e+00
4.404200724312957171e-01 3.380179966584718088e+00
5.952063241332812282e-01 3.413593715300340392e+00
3.362744864296243752e-01 3.474496558829708537e+00
5.643360565201099854e-01 3.558710569388839229e+00
4.260378492124669569e-01 3.369122877601798738e+00
5.754247751263097399e-01 3.510227494193522091e+00
4.942168302331805679e-02 3.850587700138228264e+00
1.072324720435077483e-01 3.622045837107883859e+00
1.909881753150282635e-01 3.773025529421745627e+00
2.906897032136108172e-01 3.617253789788628549e+00
2.244520625089707899e-01 3.877364739805354787e+00
2.806562132241436358e-01 3.773588015203526158e+00
2.397125535653382711e-02 3.636279100944948883e+00
2.079277049109117814e-01 3.845591590481523880e+00
7.732808792724150948e-02 3.693547955472372024e+00
1.439028225869893318e-01 3.858381647662636471e+00
5.463558164646040161e-02 3.801960550569857045e+00
2.678287226930187170e-01 3.727903202993023690e+00
8.252910239280195070e-02 3.814091827154309833e+00
6.503424170630434098e-02 3.766186721733726372e+00
2.312434536111929173e-01 3.886947598005890292e+00
4.772062289302943516e-01 3.623739681423274739e+00
3.292601405520113600e-01 3.704701658755651383e+00
3.178842089174420127e-01 3.754562511297191207e+00
3.956682406983824674e-01 3.694651851069277626e+00
4.703038209781016388e-01 3.706053401384583168e+00
3.584227190688235032e-01 3.627032636166198643e+00
5.628736323766478922e-01 3.643402579427694743e+00
5.723789500676322861e-01 3.682142719103477901e+00
4.811288889652629575e-01 3.878198696004618640e+00
5.449350911109414053e-01 3.845348615145237847e+00
3.555663451773957151e-01 3.615656090462882055e+00
3.352502361323780322e-01 3.779993279031321318e+00
5.603140301512337107e-01 3.806356173577856605e+00
4.586347304656118173e-01 3.780494485897825552e+00
4.771973461373693604e-01 3.834279343624091396e+00
4.229669103632178739e-01 3.705923496925228822e+00
6.812587874747269567e-02 4.105496013814810219e+00
6.329880118981959236e-02 4.160793106711576428e+00
1.192104090593462673e-02 4.085255833700878192e+00
8.971316028866985204e-02 4.068495010278225799e+00
3.013506067996881144e-01 3.977034065703841215e+00
1.319295813847268517e-01 3.960879530750235133e+00
1.775123635220859364e-01 4.103380172881685439e+00
1.043997931700881010e-02 3.915979621981164005e+00
1.822783618771223191e-01 4.112606578612577835e+00
3.766614941593755816e-02 3.943743530239933293e+00
4.973719947196225677e-02 4.135711588783678394e+00
1.546786897001620198e-02 3.906831288887579134e+00
1.195312410448574197e-01 3.951849472219069792e+00
2.977260043163099112e-01 4.024521258268227264e+00
2.630232175698067332e-01 4.066548473819078247e+00
3.061584820622713643e-01 4.155567820187279438e+00
2.235494947713764780e-01 3.942488277146992459e+00
2.800480074777638162e-01 4.087154135055427240e+00
3.400864669762263537e-01 3.926760901851851671e+00
3.564961002068564033e-01 4.069408241696584660e+00
4.090230145445761245e-01 4.057353888119403784e+00
5.055151278976893758e-01 4.075572487804832278e+00
5.857015079731044960e-01 3.946890333832790532e+00
5.529492281887143923e-01 4.149017626675980175e+00
5.113884946123323783e-01 3.950882747969032938e+00
4.767868755997130004e-01 3.998771390440215345e+00
3.625933514559573356e-01 3.976689642788026280e+00
3.877208070948684471e-01 4.111178285429763157e+00
4.334093588038299139e-01 4.110765376670580729e+00
5.399277426485477038e-01 4.029201603043259361e+00
5.054801617923019297e-01 4.094001573054904419e+00
5.983281499973475137e-01 4.112211337554382062e+00
4.112732721133589564e-01 4.110448515207872688e+00
5.269327943230519562e-01 4.154771517392697788e+00
7.350722340535575938e-03 4.414564931649133328e+00
1.396132729805764638e-01 4.281854546360418290e+00
5.552542115062144429e-02 4.286285149636930747e+00
2.236659335904400414e-01 4.178673250517773496e+00
2.104847972438497750e-02 4.287435611938309243e+00
2.886273521739642911e-01 4.397554668543559586e+00
1.086740272854914702e-01 4.313403174344927926e+00
2.634955651926102482e-01 4.370580736231163499e+00
2.781577955195865259e-01 4.321891218538058688e+00
1.472693947531457381e-01 4.357805738406010043e+00
1.450750451068988367e-03 4.309528693831691015e+00
1.988496259613921346e-01 4.267045074882508615e+00
3.047678132861346700e-01 4.367020036861948284e+00
1.581839317560160274e-01 4.280318506861231498e+00
4.742448049951215605e-01 4.357264042448408148e+00
3.448468341215217281e-01 4.422101457223420518e+00
6.243136232386585771e-01 4.318927134695164760e+00
4.026888686543864115e-01 4.283275548825680623e+00
5.653384303476544082e-01 4.388814902797765427e+00
4.771184823156035537e-01 4.345131027023430015e+00
3.582373500557548551e-01 4.254389848639376304e+00
5.648829488929987264e-01 4.308710668212435202e+00
5.474890026412964072e-01 4.292307332399085240e+00
4.837131077549930991e-01 4.314992916491182662e+00
5.101700001537791129e-01 4.324012793798596377e+00
5.161631100065376954e-01 4.215657926443827641e+00
4.645498645208842037e-01 4.275581061539704741e+00
5.995540324515065134e-01 4.439429861614232919e+00
7.228465277495532693e-02 4.701166202774592406e+00
2.360943603011712022e-01 4.636479839564848326e+00
2.078311054419559323e-01 4.550801938075381692e+00
2.547178550713704442e-02 4.520811944067698818e+00
2.104058493562074861e-01 4.676664650908285203e+00
1.695929558181721308e-01 4.509113027809664054e+00
2.084382043073311486e-01 4.687735101502179091e+00
2.523307062000752499e-01 4.481526992400262088e+00
6.685187362668043587e-03 4.589097689753774745e+00
1.110536007408194359e-02 4.550946046364639841e+00
3.040385617972887755e-01 4.594051063895109976e+00
8.369876603774861756e-03 4.454527125017441413e+00
1.333088172930356474e-01 4.666662178757614576e+00
3.948906368439630832e-01 4.459005061834499628e+00
4.788426925007894797e-01 4.687075069808548378e+00
5.805457638699575984e-01 4.579943545465284593e+00
3.240776136526530293e-01 4.555586293041254287e+00
3.850770768068892957e-01 4.470170096057132447e+00
5.070246237834161729e-01 4.580427610826189877e+00
5.714310991223798819e-01 4.552856535182047359e+00
4.356446060048244084e-01 4.701717386510471108e+00
4.528188532851226134e-01 4.569422622458942485e+00
3.502215468680432986e-01 4.468909170742222159e+00
5.511908723828091716e-01 4.625955715474552754e+00
3.642496586265385750e-01 4.553468318516945779e+00
3.708251227644154824e-01 4.585343748043127832e+00
3.679049994877214846e-01 4.790059657538567883e+00
3.377010147657616423e-01 4.841079403982949003e+00
7.836863089229581525e-02 4.993392988774252750e+00
4.731090100257059894e-02 4.960123552891041676e+00
7.760440160059334236e-02 4.929533087636047028e+00
2.555481389514766000e-01 4.759114925551072517e+00
1.300605168508187637e-01 4.864382115422364983e+00
9.859103523794994495e-02 4.837520736010481492e+00
2.203546364603792829e-01 4.827180667595977859e+00
1.509639354333018602e-01 4.864139573927297455e+00
2.552084047194529970e-01 4.894742668368970762e+00
2.832418463966173694e-01 4.903136526501861603e+00
5.840621443427252979e-01 4.776918652722323522e+00
5.310647906774615401e-02 4.759996857545093718e+00
3.875946380489442844e-01 4.936249530639498673e+00
5.674663152712924319e-01 4.802118718888678472e+00
2.111260002447224449e-01 4.874471141723230261e+00
5.409433042546968329e-01 4.901880381376638063e+00
4.357550582972375963e-01 4.909682371589247474e+00
2.270999114080179959e-01 4.841015101231502804e+00
9.008564138761429585e-02 4.941670498742219308e+00
