-1.813912413079191310e+01
-1.160218823938132360e+01
4.626517997141549898e+01
-1.479189041433951068e+01
-5.846760400536878421e+01
-8.440366388747342796e+01
2.252587919073925526e+00
1.735812466525658593e+01
3.390449183937028721e+01
-8.097857901308668716e+01
3.949584230583026567e+01
-6.168993558223012030e+01
-2.121008640841343151e+01
-9.951097323645123893e+00
-2.495347101641593568e+00
2.380847737279394494e+01
4.896347346531666034e+00
-4.771010790198745966e+00
6.329560917070608639e+01
-6.086059745069920268e+01
-2.008567600904278549e+01
-1.266205133365220625e+01
-1.596478301023333657e+00
1.727330539581468116e+01
5.419840976978596814e+01
4.626517997141549898e+01
-1.479189041433951068e+01
2.252587919073925526e+00
1.735812466525658593e+01
3.390449183937028721e+01
-1.071803852088576718e+02
-5.819955187033899335e+01
-7.126788238704409650e+01
-1.125985557671131403e+02
-1.174219096651487462e+02
-1.813912413079191310e+01
-1.160218823938132360e+01
-5.846760400536878421e+01
-8.440366388747342796e+01
-8.097857901308668716e+01
-8.095078654746949098e+00
2.227679809091370089e+01
2.777049349753319518e+00
1.586040163837141392e+01
4.048338264242821083e+01
2.744366608397874074e+01
3.771762433425848116e+01
3.949584230583026567e+01
2.380847737279394494e+01
4.896347346531666034e+00
-4.771010790198745966e+00
-6.566604481103878754e+01
-3.095893219666518448e+01
-2.364234088716694515e+01
-6.271717518191282892e+01
-3.328706007463934213e+01
-7.784967854516942509e+00
-6.243545087638970870e+01
-6.168993558223012030e+01
-2.121008640841343151e+01
-9.951097323645123893e+00
-2.495347101641593568e+00
-6.086059745069920268e+01
2.823378593988694973e+01
8.120875670334736895e+00
5.719194130546804899e+01
2.108584767879585442e+01
7.706635435852773242e+01
5.399406878871587878e+01
6.506015028931406619e+01
6.329560917070608639e+01
3.729815278706003312e+01
5.870858824849064916e+01
2.954412864939162731e+01
4.542966145129804545e+01
4.833518270177066967e+01
6.253268793099255873e+01
4.840382009802227969e+01
4.264345064063732593e+01
2.199680081090480144e+01
-8.640772659552247603e+00
1.727330539581468116e+01
5.419840976978596814e+01
4.626517997141549898e+01
1.735812466525658593e+01
3.390449183937028721e+01
5.156335439907506668e+01
-1.595320911725821134e+01
-1.071950781013079634e+01
5.231133271263045970e+01
-2.864467565934280202e+00
-1.146910593013165425e+01
-1.248338925309293401e+01
4.776608572925787399e+01
3.193453516693844207e+01
4.544573054379615940e+01
-2.008567600904278549e+01
-1.479189041433951068e+01
-1.001709427735201707e+01
1.561791986476078620e+01
3.498855494779473219e+01
1.881303946143167138e+01
2.349745742197703890e+01
-7.168563488488364221e+00
-1.329947787147947835e+01
1.574871836574864847e+00
-1.309684098308504474e+01
3.201341698304870675e+01
-1.266205133365220625e+01
-1.596478301023333657e+00
2.252587919073925526e+00
4.609530538493640250e+00
-1.242616154660036614e+02
-9.728871495007246040e+01
-1.092800161355442867e+02
-2.998048448668907184e+01
2.414569877911273821e+01
-1.034284921266750530e+02
-1.071803852088576718e+02
-5.819955187033899335e+01
-1.125985557671131403e+02
-1.174219096651487462e+02
-1.160218823938132360e+01
1.480331285444940015e+01
-6.131632049255961192e+01
-1.056198277233877860e+02
-6.461247253574836691e+01
-6.426630942580331407e+01
1.238709629686544034e+01
3.954577378442100155e+01
-1.813912413079191310e+01
-8.440366388747342796e+01
-8.097857901308668716e+01
2.141025529047191789e+00
-5.947905578164462526e+01
-5.812483295085686308e+01
5.384324447061142216e+00
7.661582914152393897e-01
-4.516536126521689454e+01
-4.980091097815750345e+01
-7.126788238704409650e+01
-5.846760400536878421e+01
-2.186864493178049429e+00
5.940979890631137295e-01
1.871506844255237922e+01
2.154727261897563650e+01
2.283560416308147722e+01
2.150702233236484240e+00
1.580982053805876753e+01
2.227679809091370089e+01
2.777049349753319518e+00
4.896347346531666034e+00
-4.771010790198745966e+00
2.036171119849099398e+01
-2.742809812493153032e+01
4.270518660851313086e+01
1.659878076821585324e+01
2.685263508147259159e+01
-2.675002868032303383e+01
1.155203731399116407e+01
-8.095078654746949098e+00
1.586040163837141392e+01
4.048338264242821083e+01
2.744366608397874074e+01
3.771762433425848116e+01
3.949584230583026567e+01
2.380847737279394494e+01
6.492986803474657620e+00
-4.902751987442935189e+01
-5.118808789580756979e+01
-5.318644029689637875e+01
-8.426733936711684692e+00
-7.105273846347497368e+00
-4.591727202129521146e+01
-6.566604481103878754e+01
-6.271717518191282892e+01
-9.951097323645123893e+00
-2.495347101641593568e+00
-5.893725715445050639e+01
-2.224954524050441051e+01
-6.346306655000897479e+01
-3.975465097824493910e+01
-2.077849344312276614e+01
-2.596578419192743326e+01
1.175297715571420554e+01
-3.095893219666518448e+01
-2.364234088716694515e+01
-3.328706007463934213e+01
-7.784967854516942509e+00
-6.243545087638970870e+01
-6.168993558223012030e+01
-2.121008640841343151e+01
-6.086059745069920268e+01
6.484847341944299615e+01
-1.259723705072198285e+01
-1.346103752573448809e+01
-4.288079508840648657e+01
-1.640688678324324812e+01
2.823378593988694973e+01
8.120875670334736895e+00
5.719194130546804899e+01
2.108584767879585442e+01
7.706635435852773242e+01
5.399406878871587878e+01
6.506015028931406619e+01
6.329560917070608639e+01
3.041677436308984994e+01
1.662492572730647211e+01
5.339965618862122199e+01
2.303295280010900115e+01
2.256339361932528575e+01
3.729815278706003312e+01
5.870858824849064916e+01
2.954412864939162731e+01
4.542966145129804545e+01
4.833518270177066967e+01
6.253268793099255873e+01
4.840382009802227969e+01
4.264345064063732593e+01
2.199680081090480144e+01
-8.640772659552247603e+00
1.727330539581468116e+01
5.419840976978596814e+01
4.626517997141549898e+01
1.735812466525658593e+01
3.390449183937028721e+01
-3.136285674291872994e+00
-2.053684066635999628e+01
2.845519488706971245e+00
-2.158368124821159739e+01
-1.890149027873247789e+01
-2.300621731610474541e+01
-2.241425581193725236e+01
-1.595320911725821134e+01
-1.071950781013079634e+01
-2.864467565934280202e+00
-1.146910593013165425e+01
-1.248338925309293401e+01
-2.008567600904278549e+01
-1.479189041433951068e+01
3.688827679941368842e+01
6.346384016366957326e+01
4.050807097179211524e+01
6.181783970050472021e+01
3.524417738625481178e+01
6.527256624709634991e+01
5.311886496163931071e+01
5.156335439907506668e+01
5.231133271263045970e+01
4.776608572925787399e+01
3.193453516693844207e+01
4.544573054379615940e+01
6.112559577448329895e-01
-7.491667136496110935e+00
-7.762246633280940333e-01
-1.499184978954940206e+01
4.414646066084660703e+00
-1.582350968144842085e+01
3.618461539304882013e+00
-2.820673093757830152e+00
-1.818720788772481356e+01
1.598939257372927747e+00
-7.168563488488364221e+00
-1.329947787147947835e+01
-1.309684098308504474e+01
2.252587919073925526e+00
3.272052354468576141e+01
1.762247436973024328e+00
1.545780695151734108e+01
2.996602393079750470e+01
-6.951530694965442514e+00
2.172624766019653464e+01
1.061765536365664531e+01
-9.401935826835815746e+00
2.208716430145997833e+01
2.125219741950080632e+01
1.881303946143167138e+01
-1.596478301023333657e+00
4.310193975449973891e+01
4.276607321967270003e+00
2.701702073334172027e+01
2.161501219100338389e+01
3.081374596678982947e+00
3.913480978810439836e+01
2.845196254333071550e+01
1.475737763337950526e+01
1.142298132318251547e+01
3.019255581851758308e+01
-1.001709427735201707e+01
1.561791986476078620e+01
3.498855494779473219e+01
2.349745742197703890e+01
1.574871836574864847e+00
3.201341698304870675e+01
-1.266205133365220625e+01
1.212342664487576371e+01
-7.431001054390807781e+01
-3.276845382606447288e+01
-5.562494362115276658e+01
-6.702857002157323052e+01
4.609530538493640250e+00
-2.998048448668907184e+01
2.414569877911273821e+01
-5.819955187033899335e+01
-1.160218823938132360e+01
-9.638724301282171325e+01
-1.226377271875016675e+02
-1.122380188442987929e+02
-1.209490622198138965e+02
-1.153063855355152896e+02
-1.242616154660036614e+02
-9.728871495007246040e+01
-1.092800161355442867e+02
-1.034284921266750530e+02
-1.071803852088576718e+02
-1.125985557671131403e+02
-1.174219096651487462e+02
4.781168912416756456e+00
-7.739619644949482336e+01
-6.221712453089843109e+01
-5.008336393614625592e+01
-3.356445162381328373e+01
-5.096293548073774105e+01
-5.525219780155713067e+01
1.480331285444940015e+01
-6.131632049255961192e+01
-6.426630942580331407e+01
1.238709629686544034e+01
3.954577378442100155e+01
-1.813912413079191310e+01
-8.097857901308668716e+01
-7.138706717040025751e+01
-8.252312853806306236e+01
-4.429086943118359443e+01
-6.839005797860602343e+01
-9.419914258130027918e+01
-8.636472347828390639e+01
-8.702375245953514593e+01
-1.056198277233877860e+02
-6.461247253574836691e+01
-8.440366388747342796e+01
-3.115501617453340799e+01
-3.289337162803472125e+01
-3.439407560055519752e+01
-4.040890905985893511e+01
-2.288261853076273056e+00
-2.763185949910550221e+01
-2.743389464817954249e+01
5.384324447061142216e+00
-4.413915580940355454e+01
-5.339664639162167958e+01
-5.480503986100172398e+01
-6.728867212427725519e+01
-6.622325600119674505e+01
-5.857701123233901797e+01
-6.274758740055846573e+01
-5.947905578164462526e+01
-5.812483295085686308e+01
-4.516536126521689454e+01
-4.980091097815750345e+01
-5.846760400536878421e+01
-2.651683252850346406e+01
-4.062819698792970513e+01
-4.208972732166740371e+01
-2.430471713535445133e+01
-3.589992122250276907e+01
-3.105878569230180375e+01
8.958928840872015797e-02
2.141025529047191789e+00
7.661582914152393897e-01
-7.126788238704409650e+01
2.020771754158631239e+01
-8.218082271304224307e+00
-4.886764343029493141e+00
2.340423035543526264e+00
2.743968565163473983e+01
-4.963551218083244621e+00
1.105674572929459742e+01
-5.161455976376163601e-01
-2.305796066505450437e+00
2.204051145470332429e+01
5.940979890631137295e-01
2.150702233236484240e+00
2.227679809091370089e+01
4.896347346531666034e+00
1.327911630935382803e+01
1.939581928098059649e+01
-6.532566166534598651e+00
2.574867698385521919e+01
1.296583832128918878e+01
2.302625038905800992e+01
2.460713738880489032e+01
1.137316648191085378e+01
1.887715480448203920e+00
1.196991968373938420e+01
-2.186864493178049429e+00
1.871506844255237922e+01
2.154727261897563650e+01
2.283560416308147722e+01
1.580982053805876753e+01
2.777049349753319518e+00
-4.771010790198745966e+00
3.613468283924903801e+01
-2.943759136364653628e+01
4.086857936904497990e+01
2.342416563874706625e+01
3.985144563148668340e+01
1.998934061779385019e+01
3.656056294198715761e+01
1.659878076821585324e+01
2.685263508147259159e+01
1.155203731399116407e+01
-8.095078654746949098e+00
1.586040163837141392e+01
3.949584230583026567e+01
2.380847737279394494e+01
2.316167667303087541e+01
2.381951902556627942e+01
4.295920066398157644e+01
-2.637379507861480832e+01
3.284581497637189074e+01
1.502109680334010378e+01
3.722471210979299450e+00
2.036171119849099398e+01
-2.742809812493153032e+01
4.270518660851313086e+01
-2.675002868032303383e+01
4.048338264242821083e+01
2.744366608397874074e+01
3.771762433425848116e+01
-1.160516093458129028e+01
-1.694157793030928616e+00
-1.336374832102073107e+01
-1.019091675065414648e+00
1.648307266034393948e+01
1.142109213243166010e+01
2.971564737224326791e+00
-9.159161573336819018e+00
-9.942969228123073933e+00
-2.294278117256343563e+00
6.492986803474657620e+00
-8.426733936711684692e+00
-7.105273846347497368e+00
-9.951097323645123893e+00
-2.495347101641593568e+00
-4.330036758437643130e+01
-3.215510040365874289e+01
-4.509144412334677554e+01
-4.338402038527008386e+01
-2.255221524524644394e+01
-1.826837908847386061e+01
-4.753607632778001602e+01
-2.612847008614217259e+01
-1.684964265207106138e+01
-1.456033834894148526e+01
-4.591727202129521146e+01
-4.863532017780105576e+01
-6.456553231163724149e+01
-6.582944909141660617e+01
-5.354608195883712085e+01
-5.304833358112017550e+01
-4.858845839496691354e+01
-6.681182536795309090e+01
-4.911009917304613737e+01
-5.548558870266050036e+01
-4.826201060247485941e+01
-4.902751987442935189e+01
-5.118808789580756979e+01
-5.318644029689637875e+01
-6.566604481103878754e+01
-6.271717518191282892e+01
-5.676576445368034740e+01
-1.728070319057248128e+01
-3.577199817216619238e+01
-5.847692385351520983e+01
-5.882667735275204279e+01
1.233226141978681412e+01
-6.979552601543912260e+01
-5.893725715445050639e+01
-6.346306655000897479e+01
-3.975465097824493910e+01
-2.077849344312276614e+01
-6.243545087638970870e+01
-6.168993558223012030e+01
-2.121008640841343151e+01
-1.819197743634631337e+01
-4.420475728291878426e+01
-7.064910631069373892e+00
-1.807674070593337134e+01
-6.232322415202116161e+00
-2.250044328706331598e+01
-1.878514730138705247e+01
-2.224954524050441051e+01
-2.596578419192743326e+01
1.175297715571420554e+01
-3.095893219666518448e+01
-2.364234088716694515e+01
-3.328706007463934213e+01
-7.784967854516942509e+00
-6.086059745069920268e+01
4.393051884544839680e+01
-5.569190156770471134e+01
3.097201487165715506e+01
-9.142636803902487230e+00
-3.027437851865491325e+01
-1.930776271650555742e+01
-3.070044392018962398e+01
-1.346103752573448809e+01
-4.288079508840648657e+01
8.120875670334736895e+00
2.210823686569639079e+01
3.443293903028529002e+01
-5.848921677654540474e+01
-2.079182860106692132e+01
2.665253468396638681e+00
6.560639084731835879e+00
-1.977764260394711826e+01
-1.259723705072198285e+01
-1.640688678324324812e+01
5.719194130546804899e+01
5.399406878871587878e+01
2.740463080056381528e+01
2.795285564112622367e+01
1.484448507942221340e+01
4.673487124150363314e+01
3.623737085318941809e+01
1.787055059599335038e+01
5.134826887379394122e+01
6.484847341944299615e+01
2.823378593988694973e+01
2.108584767879585442e+01
7.706635435852773242e+01
6.506015028931406619e+01
6.329560917070608639e+01
-3.609973797329362633e+00
2.805875322722647880e+01
2.419923286823493314e+01
2.005188353528627587e+01
-1.589467552273660367e+01
1.489117236393326493e+01
2.156875263529965636e+01
1.662492572730647211e+01
2.954412864939162731e+01
4.264345064063732593e+01
-8.640772659552247603e+00
1.735812466525658593e+01
3.390449183937028721e+01
1.762770241376416180e+01
1.676160160898955098e+01
1.347636152749558391e+00
1.079073440500246228e+01
1.983644694137714737e+01
1.792058427037449064e+01
1.165031522749092652e+01
3.041677436308984994e+01
2.303295280010900115e+01
2.256339361932528575e+01
3.729815278706003312e+01
2.199680081090480144e+01
1.727330539581468116e+01
5.708005240535855762e+01
5.853277374715753467e+01
3.511752593976459025e+01
6.176686763078561171e+01
2.904993100307296316e+01
5.036219101631139949e+01
5.439530019003347405e+01
5.339965618862122199e+01
5.870858824849064916e+01
4.542966145129804545e+01
4.833518270177066967e+01
6.253268793099255873e+01
4.840382009802227969e+01
5.419840976978596814e+01
4.626517997141549898e+01
1.857767862225100153e+00
-5.465823636791698803e+00
-4.676529118971094690e+00
-2.238656832058196144e+01
-8.818965763270067981e-01
-2.754237358706392058e+01
3.691856421788077824e-01
-2.830269747897768084e+01
1.649549106699119250e+01
-2.528952468163370781e+01
-3.136285674291872994e+00
-2.053684066635999628e+01
-1.146910593013165425e+01
-1.479189041433951068e+01
-4.115739469767127900e+00
-1.142156554179813099e+00
4.444461975046024804e+00
-2.050732461009576468e+01
-7.496726469567192908e+00
-1.125664511870053275e+01
-1.814097335543764800e+01
-2.109972786041864623e+01
-9.973974197471328296e+00
-1.515685897346465261e+01
-1.890149027873247789e+01
-1.071950781013079634e+01
-2.864467565934280202e+00
-2.008567600904278549e+01
-1.595431622009815520e+01
-1.968274393215922657e+01
-2.018034176922210321e+01
-2.462744041410226004e+01
-2.208386365953463226e+01
-2.337071706029293594e+01
-2.281027640130300327e+01
-2.025302764168612413e+01
-2.309732781762836140e+01
-1.927448401881888884e+01
2.845519488706971245e+00
-2.158368124821159739e+01
-2.300621731610474541e+01
-2.241425581193725236e+01
-1.595320911725821134e+01
-1.248338925309293401e+01
4.699421475149772220e+01
4.797421174423792678e+01
4.572755942152467412e+01
6.485266609349122291e+01
3.862255356429793807e+01
3.688827679941368842e+01
6.346384016366957326e+01
4.050807097179211524e+01
6.181783970050472021e+01
3.524417738625481178e+01
6.527256624709634991e+01
5.311886496163931071e+01
5.156335439907506668e+01
5.231133271263045970e+01
4.776608572925787399e+01
3.193453516693844207e+01
4.544573054379615940e+01
-1.897843992961855264e+01
-3.515164853500781117e+00
-1.389735847698727866e+01
-1.107405870766898026e+01
-2.112112997059072583e+01
-2.213978225535321798e+01
-1.588310998106908789e+00
-9.619442190514941871e+00
-2.083694542569318031e+01
-2.455274246004220373e+01
-7.491667136496110935e+00
-1.499184978954940206e+01
-1.582350968144842085e+01
-1.329947787147947835e+01
-2.675523526639146388e-01
1.044019823738711494e+00
2.567227965551291735e+00
-1.529286588983399575e+01
-1.031437596786594568e+01
7.574161822059828353e+00
-4.979216337121054714e+00
-1.896686587112551337e+01
-1.282371367018106767e+01
3.735429023626837264e+00
6.112559577448329895e-01
4.414646066084660703e+00
-1.818720788772481356e+01
-7.168563488488364221e+00
-1.309684098308504474e+01
-2.105364797553873846e+00
-1.598853303253959357e+00
7.146867683372135183e+00
1.843213412578490917e+00
2.641298679473232269e+00
-4.039504219923456318e+00
3.607549789921086880e+00
-7.864035450380346681e-01
2.028536295365130471e+00
-3.670512377742880084e+00
-7.762246633280940333e-01
3.618461539304882013e+00
-2.820673093757830152e+00
1.598939257372927747e+00
2.252587919073925526e+00
2.085209073852965034e+01
-5.327616114167492256e+00
1.897817487880795539e+01
5.159248511412455329e+00
-2.452416182800797095e+00
-2.530113706259857764e-01
1.648308410859601736e+01
3.272052354468576141e+01
2.996602393079750470e+01
-6.951530694965442514e+00
-9.401935826835815746e+00
2.208716430145997833e+01
-1.596478301023333657e+00
1.661700869155737337e+01
2.301509557832234165e+01
2.334471229657899016e+01
2.341658586777090534e+01
1.450243819434350279e+01
1.414551128896033561e+01
-2.977981044259686350e+00
1.762247436973024328e+00
1.545780695151734108e+01
2.172624766019653464e+01
1.061765536365664531e+01
2.125219741950080632e+01
1.881303946143167138e+01
3.139724516688175271e+01
1.324649372321002261e+01
2.032499904869176888e+01
1.564875339973372625e+01
2.482080933235256737e+01
4.310193975449973891e+01
4.276607321967270003e+00
2.701702073334172027e+01
2.161501219100338389e+01
3.081374596678982947e+00
3.913480978810439836e+01
2.845196254333071550e+01
1.475737763337950526e+01
1.142298132318251547e+01
3.019255581851758308e+01
-1.001709427735201707e+01
1.561791986476078620e+01
3.498855494779473219e+01
2.349745742197703890e+01
1.574871836574864847e+00
3.201341698304870675e+01
-1.266205133365220625e+01
-3.535914536534608743e+01
2.290304770362343234e+01
-4.972694077880894525e+01
-2.795828719277979602e+01
-8.798205377534766569e+01
-1.546144437264835858e+01
-3.422540782355277145e+01
1.212342664487576371e+01
-3.276845382606447288e+01
-5.562494362115276658e+01
4.609530538493640250e+00
-2.998048448668907184e+01
2.414569877911273821e+01
-5.819955187033899335e+01
-1.160218823938132360e+01
3.885782707500614208e+01
3.986960543404626378e+01
-6.585090077125339292e+01
-8.388222566278085424e+01
-1.181207065579016557e+00
2.240747198903046211e+01
-2.935268222718576681e+01
-7.431001054390807781e+01
-6.702857002157323052e+01
-1.145697607949254575e+02
-1.053209045629193810e+02
-1.001062005276709641e+02
-1.223347648554144484e+02
-1.152669955761441969e+02
-1.226377271875016675e+02
-1.122380188442987929e+02
-1.209490622198138965e+02
-1.242616154660036614e+02
-1.092800161355442867e+02
-1.072025059373656859e+02
-1.078582370190080155e+02
-9.735275361529454585e+01
-1.148117993572290629e+02
-9.925738275647788100e+01
-9.638724301282171325e+01
-1.153063855355152896e+02
-9.728871495007246040e+01
-1.034284921266750530e+02
-1.071803852088576718e+02
-1.125985557671131403e+02
-1.174219096651487462e+02
1.962472184027484801e+00
-8.424990220317081935e+01
-8.127034761473817071e+01
-5.949571110626723680e+01
-5.116059338606904561e+01
-8.056997225509064720e+01
-3.634104879704922553e+01
-5.008336393614625592e+01
-6.131632049255961192e+01
-6.426630942580331407e+01
3.954577378442100155e+01
-8.097857901308668716e+01
-6.572201837854711926e+01
-2.999128967556586289e+01
-6.905722358803319594e+01
2.284238118782290883e+01
1.317666147091092199e+00
-6.817802229216280807e+01
-3.524283665293064161e+01
4.781168912416756456e+00
-7.739619644949482336e+01
-6.221712453089843109e+01
-3.356445162381328373e+01
-5.096293548073774105e+01
-5.525219780155713067e+01
1.480331285444940015e+01
1.238709629686544034e+01
-1.813912413079191310e+01
-9.700656088275448496e+01
-9.853844632349709798e+01
-6.010147777651452827e+01
-1.114488035019200822e+02
-9.189904533374470930e+01
-7.802656022274969416e+01
-1.071933600253222636e+02
-1.056198277233877860e+02
-6.461247253574836691e+01
-6.137186821858773556e+01
-8.004512528919460124e+01
-8.677662371551663512e+01
-6.810527366952797479e+01
-8.018315990154766837e+01
-6.104974633647330506e+01
-9.865199658612924338e+01
-7.138706717040025751e+01
-8.252312853806306236e+01
-9.419914258130027918e+01
-8.636472347828390639e+01
-8.702375245953514593e+01
-8.440366388747342796e+01
-7.404940200511104820e+01
-7.857359068897652321e+01
-3.301806263853387691e+01
-7.543216268514896683e+01
-7.577191676034193790e+01
-4.269103495866495024e+01
-8.536378796587457884e+01
-4.429086943118359443e+01
-6.839005797860602343e+01
-5.019927135066318158e+01
-1.746200055195438949e+01
-4.434846755891358328e+01
-1.953788780835564154e+01
-3.634100891490439267e+01
-4.044047558708409440e+01
-8.418699865398181714e+00
-6.848617839261210705e+00
-3.290817509100146054e+01
-5.257782236531204489e+01
-3.115501617453340799e+01
5.384324447061142216e+00
-4.465815822122221590e+01
-4.081861205383115276e+01
-2.457648912670049413e+01
-3.340861522308515674e+01
-4.061368852747233404e+01
-8.562170481236758945e+00
-4.905710685010139116e+01
-4.984320123619164633e+01
-5.326247119634860638e+01
-5.145367343775832580e+01
-3.289337162803472125e+01
-3.439407560055519752e+01
-2.288261853076273056e+00
-2.763185949910550221e+01
-2.743389464817954249e+01
-2.845091800591858444e+01
-5.230902202394897671e+01
-5.688290259783696001e+01
-2.355830798017699834e+01
-4.282242703175334952e+01
-2.912017032435296926e+01
-3.593132135980317798e+01
-5.829624017725947027e+01
-6.036051697651948444e+01
-2.130857691641912766e+01
-4.040890905985893511e+01
-6.979360057446686483e+01
-7.078276808172657297e+01
-7.102410564311742291e+01
-6.211304749437363171e+01
-6.502351864029867556e+01
-6.728867212427725519e+01
-6.622325600119674505e+01
-5.857701123233901797e+01
-6.274758740055846573e+01
-5.947905578164462526e+01
-5.812483295085686308e+01
-5.863250648052179059e+01
-6.257726997631542076e+01
-6.167823372512411595e+01
-6.014662724490838741e+01
-6.184068536041301201e+01
-4.413915580940355454e+01
-5.339664639162167958e+01
-5.480503986100172398e+01
-4.516536126521689454e+01
-4.980091097815750345e+01
-5.846760400536878421e+01
-4.534092682696535981e+00
-4.264981843789064442e+01
-2.569927729613313971e+01
-6.180675549938487734e+01
-4.368823696581456062e+01
-2.081744351295527551e+01
-3.740766925930336129e+01
-4.062819698792970513e+01
-3.105878569230180375e+01
8.958928840872015797e-02
7.661582914152393897e-01
-7.126788238704409650e+01
-1.141847453021443037e+01
1.715868154431764658e+00
-2.842454408912784203e+01
-4.537562861072514409e+01
-1.963541539132139135e+01
-2.388943396542915565e+01
1.037821640213910612e+01
-2.651683252850346406e+01
-4.208972732166740371e+01
-2.430471713535445133e+01
-3.589992122250276907e+01
2.141025529047191789e+00
-4.626553012472871984e+00
-6.753172160134370827e+00
-5.145066566907376071e+00
-5.774494987601091367e+00
-5.701188725919044131e+00
-1.427205520790675086e+00
3.022773520405482195e+00
-8.218082271304224307e+00
-4.963551218083244621e+00
-5.161455976376163601e-01
-2.305796066505450437e+00
2.150702233236484240e+00
4.896347346531666034e+00
1.053116457982256904e+01
-2.257354282248792643e+00
-4.017927798524842942e+00
1.814426521788461955e+01
7.166924775368917366e+00
1.669644867737527250e+01
1.322467852652221154e+01
2.020771754158631239e+01
-4.886764343029493141e+00
2.340423035543526264e+00
2.743968565163473983e+01
1.105674572929459742e+01
2.204051145470332429e+01
5.940979890631137295e-01
2.227679809091370089e+01
2.494648143460759826e+01
2.574966532766538663e+01
2.101269184345661500e+01
2.395305891402866294e+01
2.147676822497069793e+01
2.229025963356897932e+01
2.004657015143767040e+01
1.327911630935382803e+01
2.574867698385521919e+01
1.296583832128918878e+01
2.302625038905800992e+01
2.460713738880489032e+01
1.887715480448203920e+00
1.196991968373938420e+01
2.154727261897563650e+01
2.283560416308147722e+01
1.580982053805876753e+01
-5.046706760732678099e+00
-1.047914592919821786e+01
1.083014325302151093e+01
-2.796959279197531956e+00
-6.031129929316112026e+00
2.056789366807596053e+00
-4.459562526981985187e+00
1.939581928098059649e+01
-6.532566166534598651e+00
1.137316648191085378e+01
-2.186864493178049429e+00
1.871506844255237922e+01
2.777049349753319518e+00
-4.771010790198745966e+00
4.065606849848845172e+01
3.237287989170992830e+01
2.498140672855721789e+01
2.112393422932319353e+01
3.808437904197673873e+01
6.533394937817672776e+00
3.645427253155611425e+01
3.613468283924903801e+01
4.086857936904497990e+01
2.342416563874706625e+01
3.985144563148668340e+01
3.656056294198715761e+01
1.659878076821585324e+01
3.231937397849391402e+01
1.464677474087217846e+01
-9.425258363274512163e+00
-5.817886444955433056e+00
1.189234874594107083e+01
-1.431327446522852043e+00
3.750788561625900286e+01
-2.943759136364653628e+01
1.998934061779385019e+01
2.685263508147259159e+01
1.155203731399116407e+01
-8.095078654746949098e+00
1.586040163837141392e+01
3.949584230583026567e+01
2.380847737279394494e+01
3.254523196476861813e+01
3.251741800678323102e+01
1.300319205967717906e+01
1.739125251423648422e+01
-1.826787591943507039e+01
-1.933156539427957910e+01
2.078600374663144734e+01
4.295920066398157644e+01
-2.637379507861480832e+01
1.502109680334010378e+01
3.722471210979299450e+00
2.036171119849099398e+01
-2.742809812493153032e+01
-2.675002868032303383e+01
3.164523794353381447e+01
1.642104355450944198e+01
4.241761382400959945e+01
2.667020640438141399e+01
1.975814189260263021e+01
3.809455667536911960e+01
3.675426492972247416e+01
2.316167667303087541e+01
2.381951902556627942e+01
3.284581497637189074e+01
4.270518660851313086e+01
4.048338264242821083e+01
2.744366608397874074e+01
3.771762433425848116e+01
1.285804239806829230e-01
-4.468650767970883564e+00
1.673839943374354533e+01
1.885588791483127835e+01
1.587272526389488903e+01
8.098686602701171466e+00
1.516388674937827474e+01
1.455270072522573876e+01
9.059205278118213300e+00
3.001025608455374805e+00
-1.019091675065414648e+00
1.648307266034393948e+01
1.142109213243166010e+01
2.971564737224326791e+00
-9.159161573336819018e+00
-8.426733936711684692e+00
-1.118725912093319508e+01
-1.531641701975229886e+01
-1.143358998681989647e+00
-1.072585488973825107e+01
-1.172740490073173802e+01
-1.265767276084331883e+01
-6.842556542357836946e+00
-1.587458915000977200e+01
-1.669262527785201300e+01
7.168130227900656237e+00
-1.160516093458129028e+01
-1.694157793030928616e+00
-1.336374832102073107e+01
-9.942969228123073933e+00
-2.294278117256343563e+00
6.492986803474657620e+00
-7.105273846347497368e+00
-9.951097323645123893e+00
-2.495347101641593568e+00
-1.299506215219986771e+01
-3.334856708471696862e+01
-3.027430553728994411e+01
-1.528678505776191443e+01
-2.611269112350737487e+01
-3.970644864144652786e+01
-2.495148858593138286e+01
-4.509144412334677554e+01
-4.338402038527008386e+01
-2.255221524524644394e+01
-4.753607632778001602e+01
-1.456033834894148526e+01
-4.591727202129521146e+01
-4.334960162057650734e+01
-3.210174840153020170e+01
-1.914292280831048032e+01
-1.496767440299587548e+01
-1.657365239408949975e+01
-2.355576699654853812e+01
-1.937944595721565122e+01
-4.330036758437643130e+01
-3.215510040365874289e+01
-1.826837908847386061e+01
-2.612847008614217259e+01
-1.684964265207106138e+01
-6.621062287201932861e+01
-6.466602657815538180e+01
-5.811641412990164213e+01
-6.014131343034425470e+01
-5.954352443858051913e+01
-5.555649970957665573e+01
-6.102627100002722216e+01
-6.582944909141660617e+01
-5.354608195883712085e+01
-6.681182536795309090e+01
-4.826201060247485941e+01
-6.566604481103878754e+01
-5.058689714737307241e+01
-6.398322543128138307e+01
-4.919835906029391026e+01
-4.712283979213285079e+01
-6.102117875786494494e+01
-5.773648573871722789e+01
-5.964573022423419957e+01
-4.863532017780105576e+01
-6.456553231163724149e+01
-5.304833358112017550e+01
-4.858845839496691354e+01
-4.911009917304613737e+01
-5.548558870266050036e+01
-4.902751987442935189e+01
-5.118808789580756979e+01
-5.318644029689637875e+01
-6.271717518191282892e+01
-2.044785067536930967e+01
-3.811556761422480122e+01
-5.950697052711429080e+01
-2.683702085998258724e+01
-3.574640359388503441e+01
-3.017248931910139120e+01
-3.678952967492976001e+01
-1.728070319057248128e+01
-5.882667735275204279e+01
-6.979552601543912260e+01
-3.975465097824493910e+01
-2.077849344312276614e+01
-2.121008640841343151e+01
6.817355680737296808e+00
-6.707647276567001882e+00
-4.866670234723304134e+01
-8.024693398996490146e+01
-8.327591070210810642e+01
-8.249415850328975353e+01
-7.706777841465417112e+01
-5.676576445368034740e+01
-3.577199817216619238e+01
-5.847692385351520983e+01
1.233226141978681412e+01
-5.893725715445050639e+01
-6.346306655000897479e+01
-6.243545087638970870e+01
-6.168993558223012030e+01
-2.134000140542130453e+01
-2.542624457043690001e+01
-1.353957895019354396e+01
-1.672199175319802933e+01
-1.973825620269144920e+01
-8.559728308042629408e+00
-1.809769594320858488e+01
-2.164941638328548379e+01
-3.791144750800157937e+01
-2.366645574329056601e+01
-7.064910631069373892e+00
-1.878514730138705247e+01
-2.224954524050441051e+01
-2.596578419192743326e+01
-7.784967854516942509e+00
5.479225247903890761e+00
-5.402127545852692236e+01
8.557016244871771704e+00
4.197792694867423791e+00
7.077999901229336643e+00
-3.577165604311639413e+01
-4.280289785534328928e+00
-4.761038302619542151e+01
-1.909212124856242099e+01
-1.918366099437964323e+01
-1.819197743634631337e+01
-1.807674070593337134e+01
-6.232322415202116161e+00
-2.250044328706331598e+01
-2.364234088716694515e+01
-3.328706007463934213e+01
-8.234492367585500006e+01
-1.696091742030590055e+01
-8.072884217320094535e+01
-8.467233102070898099e+01
-3.297045996102348653e+01
2.763469507806755132e+01
3.119409633525931014e+01
1.293737006085700258e+01
-8.566785127986464943e+01
-7.605319497294956932e+01
-4.420475728291878426e+01
1.175297715571420554e+01
-3.095893219666518448e+01
-6.086059745069920268e+01
-6.160074914973745308e+01
-5.815176227098655914e+01
-6.030172539246714791e+01
-6.272355579959762650e+01
-5.442220608342047683e+01
-5.561515795411587249e+01
-6.409674223006233262e+01
-5.569190156770471134e+01
-3.429443203590976452e+01
-1.158212559595329338e+01
-2.559332493444642509e+01
-1.868287460093146990e+01
-4.442901179464323036e+01
-1.334434812167636508e+01
-2.932385599017830913e+01
-9.142636803902487230e+00
-3.027437851865491325e+01
-1.930776271650555742e+01
-3.070044392018962398e+01
-1.346103752573448809e+01
-4.288079508840648657e+01
7.700111730840918156e+00
1.506699444023725754e+01
1.842393228604350952e+01
3.772049567714913110e+01
2.576934225530424527e+01
1.287109821438801660e+01
2.355191026834831902e+01
4.393051884544839680e+01
3.097201487165715506e+01
8.120875670334736895e+00
-3.444893890422221716e+01
-4.981969841805654653e+01
-5.109045699718672040e+01
-4.162142147958422811e+01
-4.765836566484521342e+01
-3.887215126099107465e+01
-4.044113995832224617e+01
-5.848921677654540474e+01
2.665253468396638681e+00
-1.259723705072198285e+01
-1.475282593514489271e+01
1.406914828879382640e+01
3.241440240505465198e+00
6.618584150801460453e+00
-2.248435238728080421e+01
2.331348705077321171e+00
1.978619728348355977e+01
-2.079182860106692132e+01
6.560639084731835879e+00
-1.977764260394711826e+01
-1.640688678324324812e+01
2.424441312363700618e+01
2.906355503365358928e+01
2.956631788145191209e+01
3.232802334820858903e+01
2.219422474208225893e+01
2.057435925041367142e+01
2.126282519716556152e+01
2.210823686569639079e+01
3.443293903028529002e+01
5.719194130546804899e+01
5.399406878871587878e+01
8.278245367992580483e+00
1.178715717142797104e+00
4.057150226366621126e+01
2.656365600783046332e+01
6.052709116040497150e+01
4.207958080061528960e+01
2.814369258165340781e+00
1.484448507942221340e+01
1.787055059599335038e+01
2.108584767879585442e+01
7.706635435852773242e+01
5.669885286963341287e+01
2.337297117511803179e+01
3.540884747481216266e+01
6.462848753270802149e+01
3.687830143151594342e+01
4.397907507523039072e+01
5.855935900426127461e+01
2.740463080056381528e+01
2.795285564112622367e+01
3.623737085318941809e+01
2.823378593988694973e+01
6.329560917070608639e+01
5.250484293091153631e+01
3.621887254212636265e+01
4.685624276706894165e+01
5.640173018144574257e+01
8.306257636779172060e+01
5.493228988794522394e+01
2.951497972946419424e+01
4.673487124150363314e+01
5.134826887379394122e+01
6.484847341944299615e+01
6.506015028931406619e+01
4.932663969476345756e+01
3.512478878218786349e+01
4.734664777897123855e+01
3.368550592252423570e+01
4.817526773302508758e+01
3.043085891620020789e+01
4.872039943450548094e+01
2.156875263529965636e+01
4.264345064063732593e+01
1.401066411541025936e+01
1.494435499510474052e+00
2.362245450943777314e+01
3.277561740627939457e+01
2.844792742634412974e+01
2.448684330267110454e+01
6.825853777329504268e+00
-3.609973797329362633e+00
2.805875322722647880e+01
2.419923286823493314e+01
1.489117236393326493e+01
2.954412864939162731e+01
3.390449183937028721e+01
-1.330547837972445002e+01
1.994061746036170746e+01
-2.616674107493330403e+00
-1.186148587775230290e+01
2.352385326898019358e+01
7.153036785736862413e+00
-1.066527546440241103e+01
2.005188353528627587e+01
-1.589467552273660367e+01
1.662492572730647211e+01
-8.640772659552247603e+00
1.735812466525658593e+01
5.132162610995749930e+01
4.039084335048484320e+01
1.048893972020093557e+01
2.958374636860111906e+01
2.235723691915739764e+01
3.077064840235041032e+01
3.417065184086178675e+01
1.676160160898955098e+01
1.347636152749558391e+00
1.792058427037449064e+01
3.041677436308984994e+01
2.303295280010900115e+01
2.234862147808089006e+01
2.877751359582806501e+01
2.359561954876166823e+01
3.804339945422826474e+01
3.400672806813229698e+01
1.961608308009946100e+01
3.517084990442428705e+01
1.762770241376416180e+01
2.256339361932528575e+01
1.686551110711952361e+01
2.299778847246004432e+01
2.788852569922179114e+01
1.532663445525879808e+01
4.297806922248085471e+01
4.187762251840214844e+01
1.847911645363664945e+01
1.079073440500246228e+01
1.983644694137714737e+01
1.165031522749092652e+01
3.729815278706003312e+01
2.199680081090480144e+01
1.727330539581468116e+01
1.330527874482178419e+01
1.672447428963926797e+01
4.163275180828222943e+01
4.412324132479405137e+01
3.821720325404483987e+01
3.961441820350110277e+01
4.126863926292219276e+01
3.511752593976459025e+01
2.904993100307296316e+01
4.829970953646386533e+01
4.459489912256917421e+01
4.891726283670340081e+01
4.952056274825984872e+01
5.062778409439363259e+01
4.580382488363495241e+01
5.159968826855775603e+01
5.708005240535855762e+01
5.036219101631139949e+01
5.439530019003347405e+01
5.339965618862122199e+01
4.542966145129804545e+01
4.833518270177066967e+01
4.840382009802227969e+01
5.419840976978596814e+01
4.626517997141549898e+01
4.790877782644291472e+01
6.144350069574592510e+01
6.151408177607513750e+01
5.998388327748691040e+01
6.240435068872641011e+01
5.321561508709977772e+01
6.066947197036900974e+01
5.853277374715753467e+01
6.176686763078561171e+01
5.870858824849064916e+01
6.253268793099255873e+01
-4.351338552390410896e+00
-1.830408713791052477e+01
-2.150016896875611039e+01
-1.799978275537752026e+01
-9.474067290984603318e+00
-5.718257959255414136e+00
-1.309344727898896998e+01
-1.106433015541609777e+01
-1.388684231974366057e+01
-1.604958599851825696e+01
1.857767862225100153e+00
-5.465823636791698803e+00
-2.238656832058196144e+01
-2.754237358706392058e+01
-2.830269747897768084e+01
-2.528952468163370781e+01
-2.053684066635999628e+01
-1.146910593013165425e+01
-1.479189041433951068e+01
2.320395509568397685e+00
-7.845590816517216126e-01
4.602402119559613425e+00
-4.111757752328257354e+00
7.254177114783715297e-01
1.267297214028948282e+01
1.169840547845794099e+01
5.973079849602912716e+00
-3.019479941064156847e+00
6.220381990331175004e+00
-4.676529118971094690e+00
-8.818965763270067981e-01
3.691856421788077824e-01
1.649549106699119250e+01
-3.136285674291872994e+00
-2.298185479101958961e+01
-2.067934155785986761e+01
-2.211504519442445371e+01
-2.224398350355413001e+01
-2.441674092373327554e+01
-2.102358999865254674e+01
-2.331872604663152870e+01
-1.801706686526003054e+01
-2.397585791157388613e+01
-1.642029617941324915e+01
-2.050732461009576468e+01
-1.814097335543764800e+01
-1.515685897346465261e+01
-2.008567600904278549e+01
-1.194143321487963583e+01
-1.160210240057714159e+01
-1.407564942881076320e+01
-1.789881579775538611e+01
-1.536454519944477681e+01
4.318361340287935946e+00
3.639015080636326616e+00
4.331872597135317804e+00
3.273994532574615590e-01
-1.354422076052530954e+01
-4.115739469767127900e+00
-1.142156554179813099e+00
4.444461975046024804e+00
-7.496726469567192908e+00
-1.125664511870053275e+01
-2.109972786041864623e+01
-9.973974197471328296e+00
-1.890149027873247789e+01
-1.071950781013079634e+01
-2.864467565934280202e+00
-1.598240719487035122e+01
-2.084814790023997588e+01
-2.048601410037660031e+01
-2.018602779034721095e+01
-2.204138731916094684e+01
-1.661728775309236639e+01
-1.648496856686256251e+01
-2.232161156313711814e+01
-2.283155711477323280e+01
-1.663677762725218656e+01
-2.018034176922210321e+01
-2.025302764168612413e+01
-1.927448401881888884e+01
-2.158368124821159739e+01
-2.300621731610474541e+01
-1.595320911725821134e+01
-2.163178058888360411e+01
-2.457431339278986826e+01
-2.463805498628064683e+01
-2.084827510499518866e+01
-2.383608442461358479e+01
-1.930947455629945608e+01
-2.411425843680233783e+01
-2.350532401139242111e+01
-2.147069498687765687e+01
-2.048946913795900926e+01
-2.462744041410226004e+01
-2.208386365953463226e+01
-2.337071706029293594e+01
-2.281027640130300327e+01
-2.309732781762836140e+01
-2.241425581193725236e+01
-1.560932517272648923e+01
4.261145884704843567e+00
9.458376576400338465e+00
-2.220466276790272975e+00
-6.896023287059840357e+00
-1.790434850331234884e+01
-9.286402178699621146e+00
-2.342434052022061231e+00
-1.857792466049286517e+01
6.813271215131267766e+00
-1.595431622009815520e+01
-1.968274393215922657e+01
2.845519488706971245e+00
-1.248338925309293401e+01
3.871793638993052866e+01
4.961006401308912928e+01
1.977824440958198693e+01
6.548640637543779519e+01
6.559747619581860079e+01
5.818196350874961809e+01
6.398911852061460337e+01
6.485266609349122291e+01
3.862255356429793807e+01
3.688827679941368842e+01
6.346384016366957326e+01
6.527256624709634991e+01
5.311886496163931071e+01
5.231133271263045970e+01
5.067882048913872950e+01
5.789906096227387167e+01
5.389427427110212676e+01
5.033970829491157417e+01
3.518361662800209899e+01
5.309936936805365804e+01
4.929019035372715507e+01
4.797421174423792678e+01
4.572755942152467412e+01
4.050807097179211524e+01
6.181783970050472021e+01
1.399953687670977764e+01
4.927427413852140603e+01
3.793282712201113327e+01
4.632293797704504357e+01
4.580084121700696187e+01
3.064145175130074250e+01
2.728761518834563304e+01
4.699421475149772220e+01
3.524417738625481178e+01
5.156335439907506668e+01
4.776608572925787399e+01
3.193453516693844207e+01
4.544573054379615940e+01
-1.142146358338310819e+01
-2.443296178380219619e+00
-6.864680029894683067e+00
-1.130092836801168765e+01
-5.486037931284004632e-01
-4.334036739107334668e+00
-4.204410600751187665e+00
-3.710148416848744191e+00
-5.338039635892426915e+00
1.782909608141483915e+00
-3.515164853500781117e+00
-1.107405870766898026e+01
-1.588310998106908789e+00
-7.491667136496110935e+00
-1.499184978954940206e+01
-1.329947787147947835e+01
-2.034361963332768752e+01
-1.973728461457764283e+01
-1.596584055839520566e+01
-2.172341748405295192e+01
-1.946201625807907831e+01
-1.710527161177094513e+01
-1.499017121117524809e+01
-1.199135886321587030e+01
-2.054995155929905337e+01
-8.900721731344987120e+00
-1.389735847698727866e+01
-9.619442190514941871e+00
-2.083694542569318031e+01
-1.582350968144842085e+01
-2.337247657323522532e+01
-2.353275785466070857e+01
-2.134066088224196989e+01
-1.795010055465030163e+01
-2.093732456952786691e+01
-2.488136439210737905e+01
-1.640825915723419115e+01
-2.083962121715491378e+01
-2.471529931473455122e+01
-2.195900539067143953e+01
-1.897843992961855264e+01
-2.112112997059072583e+01
-2.213978225535321798e+01
-2.455274246004220373e+01
5.517240319122476144e+00
-4.355186326022715271e+00
2.558741285424352530e+00
-1.994535087406165141e+00
5.236137009142298737e+00
3.003583260569848701e+00
-1.303368662681164025e+00
3.475685882230762580e+00
-1.234079151347519110e-01
2.599665792279274301e-01
-2.675523526639146388e-01
1.044019823738711494e+00
2.567227965551291735e+00
7.574161822059828353e+00
-4.979216337121054714e+00
3.735429023626837264e+00
6.112559577448329895e-01
4.414646066084660703e+00
-1.053873038378801752e+01
-1.294740007453533437e+01
-5.459389780311927787e+00
-1.386367245739536358e+01
-1.191037063578496991e+01
-1.850614117529570990e+01
-1.231593534716834881e+01
-1.203976822300151994e+01
-1.467042619975248563e+01
-1.596943375815629551e+01
-1.529286588983399575e+01
-1.031437596786594568e+01
-1.896686587112551337e+01
-1.282371367018106767e+01
-1.818720788772481356e+01
-7.168563488488364221e+00
-1.309684098308504474e+01
2.563697338523937219e+00
2.267154633537446173e+00
1.055225321970341135e-01
5.876152707222962235e+00
1.835760573860753420e+00
2.024391768032389294e+00
2.862908783712696525e+00
-2.105364797553873846e+00
-1.598853303253959357e+00
7.146867683372135183e+00
1.843213412578490917e+00
3.607549789921086880e+00
2.028536295365130471e+00
-7.762246633280940333e-01
3.618461539304882013e+00
-2.820673093757830152e+00
1.598939257372927747e+00
5.242879314427528747e+00
1.211757167340628660e+00
-6.820763376601409078e+00
1.825376478187139551e+00
-7.394957855756216780e+00
-3.815382322664681247e+00
-5.714808154480677693e+00
2.641298679473232269e+00
-4.039504219923456318e+00
-7.864035450380346681e-01
-3.670512377742880084e+00
2.252587919073925526e+00
-9.253407055092882416e+00
-5.322637370362569342e+00
-1.573434836905965639e+01
3.427868434725880320e+00
-1.650589192827033713e+01
-6.066249656835658755e+00
8.360100173196268969e+00
-5.327616114167492256e+00
5.159248511412455329e+00
-2.452416182800797095e+00
-2.530113706259857764e-01
-6.951530694965442514e+00
-9.401935826835815746e+00
-1.596478301023333657e+00
2.583783716897313809e+01
2.619313229725210235e+01
3.153459181411728807e+01
2.789192807091014004e+01
2.296638427421469686e+01
2.546324140071828879e+01
2.539496756674397204e+01
2.085209073852965034e+01
1.897817487880795539e+01
1.648308410859601736e+01
3.272052354468576141e+01
2.996602393079750470e+01
2.208716430145997833e+01
5.303536844488625945e+00
1.494288172401536130e+01
1.411400222332208543e+01
-2.938764079507405924e+00
1.114279975595298744e+01
7.954665674795866614e+00
8.050754005378761846e+00
1.661700869155737337e+01
1.450243819434350279e+01
1.414551128896033561e+01
-2.977981044259686350e+00
1.762247436973024328e+00
1.545780695151734108e+01
1.061765536365664531e+01
2.312018539406011897e+01
2.336758099418985779e+01
1.940661715945869759e+01
2.455177365286909819e+01
2.351163915516979230e+01
2.383581717031835012e+01
2.396164644344913697e+01
2.301509557832234165e+01
2.334471229657899016e+01
2.341658586777090534e+01
2.172624766019653464e+01
2.125219741950080632e+01
1.881303946143167138e+01
2.653184505545851124e+01
8.675167038648414319e+00
2.289234560540637631e+01
3.626645665759742343e+01
1.918795767758703619e+01
3.541037416974420182e+01
3.026746758835874118e+01
3.139724516688175271e+01
2.482080933235256737e+01
4.310193975449973891e+01
3.081374596678982947e+00
3.913480978810439836e+01
2.845196254333071550e+01
1.475737763337950526e+01
3.019255581851758308e+01
3.498855494779473219e+01
3.201341698304870675e+01
-6.235250656288798154e+00
5.590236620719791993e+00
-9.912790376820241889e+00
-3.087879139136695539e+00
1.543280262538553060e+01
3.165328310433467074e+00
4.254454134707325252e+00
1.324649372321002261e+01
2.032499904869176888e+01
1.564875339973372625e+01
4.276607321967270003e+00
2.701702073334172027e+01
2.161501219100338389e+01
1.142298132318251547e+01
-1.001709427735201707e+01
1.561791986476078620e+01
2.349745742197703890e+01
1.574871836574864847e+00
-1.266205133365220625e+01
8.643095220557327707e+00
7.531276582965212185e+00
3.654604703708556457e+01
3.164584006453174680e+01
1.889771340593637206e+01
9.052489047386632848e+00
1.745090397101789392e+01
2.418256494610928087e+01
2.270596080658399529e+01
2.664712512908101161e+01
2.290304770362343234e+01
1.212342664487576371e+01
4.609530538493640250e+00
2.414569877911273821e+01
-1.612838418925031903e+01
-3.601318271848055730e+01
-2.980916794113925761e+01
-3.284300954275907714e+01
-3.115541646804464193e+01
-4.519240442194848129e+01
-2.240435237216839326e+01
-3.187945351753366907e+01
-2.220970304446655774e+01
-1.249971907013317107e+01
-3.535914536534608743e+01
-2.795828719277979602e+01
-1.546144437264835858e+01
-3.422540782355277145e+01
-3.276845382606447288e+01
-2.998048448668907184e+01
-1.160218823938132360e+01
-5.777777792380000221e+01
-4.563672634281476093e+01
-9.320631963549624288e+01
-6.093540873851948447e+01
-9.047535624790133113e+01
-6.820506657767494119e+01
-8.762842201227883265e+01
-5.543108660622704065e+01
-8.093274538554359765e+01
-8.325894106513842985e+01
-4.972694077880894525e+01
-8.798205377534766569e+01
-5.562494362115276658e+01
-5.819955187033899335e+01
3.642375364665399928e+01
3.959387520337727295e+01
2.357389147789540118e+01
3.441457831235545939e+01
3.270203810881878326e+01
4.095651627443228904e+01
3.692566925298872604e+01
3.885782707500614208e+01
3.986960543404626378e+01
2.240747198903046211e+01
4.353351978970607661e+00
-3.350839882917742329e+01
-4.090232030480254366e+01
-2.273818721410999544e+01
-1.453495421576452529e+01
-3.860980079634774853e-01
-2.685774822964695119e+01
-1.181207065579016557e+00
-2.935268222718576681e+01
-8.414566420662941937e+01
-8.533027554996776587e+01
-9.279974678963179713e+01
-9.147357398605788603e+01
-5.214676571036424235e+01
-8.406254440776292824e+01
-7.454339238008165580e+01
-6.585090077125339292e+01
-8.388222566278085424e+01
-7.431001054390807781e+01
-6.702857002157323052e+01
-1.111437369994559674e+02
-1.067251370036780997e+02
-1.103675307359646496e+02
-9.733574607315965466e+01
-1.020765737062500449e+02
-1.198434963380191647e+02
-1.187297615715485790e+02
-1.145697607949254575e+02
-1.152669955761441969e+02
-1.122380188442987929e+02
-1.239874559246657668e+02
-1.251416986587111637e+02
-1.247462505881998851e+02
-1.222518108670727628e+02
-1.256004424211934918e+02
-1.246665703970754322e+02
-1.246318864151681396e+02
-1.226377271875016675e+02
-1.242616154660036614e+02
-1.074421985501112431e+02
-1.203406932418487827e+02
-1.175006868477632622e+02
-1.047581867591726592e+02
-1.208657963774673476e+02
-1.148059463504536524e+02
-1.109956676560113209e+02
-1.053209045629193810e+02
-1.001062005276709641e+02
-1.223347648554144484e+02
-1.209490622198138965e+02
-1.092800161355442867e+02
-1.191987723203744451e+02
-1.006129144198647225e+02
-1.229477980259455165e+02
-1.055756404122547423e+02
-1.033409895865966348e+02
-9.735275361529454585e+01
-1.148117993572290629e+02
-9.925738275647788100e+01
-1.153063855355152896e+02
-9.728871495007246040e+01
-1.034284921266750530e+02
-1.071803852088576718e+02
-8.772298932846851471e+01
-1.018707606842634732e+02
-1.174734426941581518e+02
-1.161539980828339651e+02
-7.808749185856878228e+01
-1.072025059373656859e+02
-1.078582370190080155e+02
-9.638724301282171325e+01
-1.125985557671131403e+02
-1.174219096651487462e+02
1.881069407719893505e+01
6.733210283978493749e+00
2.818769922161976638e+01
4.102542242217891300e+01
1.288539264550666452e+01
3.684321962134744410e+01
3.585534948820543377e+01
1.962472184027484801e+00
3.954577378442100155e+01
-3.170917749545834141e+01
-1.371909136540186047e+01
-3.451967110891592938e+01
6.844261715740342922e-01
-3.653682707459297063e+01
-1.266299669296282104e+01
-2.026815956783804751e+01
-3.634104879704922553e+01
-8.437851184188093612e+01
-8.034263364747774006e+01
-6.130007786076505027e+01
-8.224780586528716242e+01
-7.223527428082172719e+01
-6.143047237242097935e+01
-8.193982016296089910e+01
-8.424990220317081935e+01
-8.127034761473817071e+01
-5.949571110626723680e+01
-5.116059338606904561e+01
-8.056997225509064720e+01
-5.008336393614625592e+01
-6.131632049255961192e+01
-6.426630942580331407e+01
-8.097857901308668716e+01
1.976593979749171126e+01
1.214532709343475503e+01
-7.431063418445891244e+00
-2.024269320900781821e+01
-2.377567015354509650e+00
1.894555380768997210e+01
-1.675920267130378249e+01
2.284238118782290883e+01
1.317666147091092199e+00
4.781168912416756456e+00
1.480331285444940015e+01
1.238709629686544034e+01
-1.813912413079191310e+01
-2.809316669957770074e+01
-3.333223345465897580e+01
-5.114752974406079034e+01
-5.229000793685622739e+01
-5.067980446688252982e+01
-6.125101862423523613e+01
-7.364790073369313461e+01
-6.572201837854711926e+01
-2.999128967556586289e+01
-6.905722358803319594e+01
-6.817802229216280807e+01
-3.524283665293064161e+01
-7.739619644949482336e+01
-6.221712453089843109e+01
-3.356445162381328373e+01
-5.096293548073774105e+01
-5.525219780155713067e+01
-9.421262061883018646e+01
-9.541755072099459767e+01
-1.063123504482830270e+02
-9.307456956844445983e+01
-1.008608962736638972e+02
-1.044640399020146617e+02
-1.013729338397893116e+02
-9.700656088275448496e+01
-9.189904533374470930e+01
-1.071933600253222636e+02
-1.004541192239762921e+02
-1.080059458780210662e+02
-1.097272541283241054e+02
-1.105639838669263924e+02
-1.015008111751623545e+02
-9.593167539658648479e+01
-9.803463665060064613e+01
-9.853844632349709798e+01
-1.114488035019200822e+02
-1.056198277233877860e+02
-9.767546000746352775e+01
-7.682071632164094410e+01
-7.575667715692554793e+01
-9.297950904040722264e+01
-6.675592905611594574e+01
-8.316966656580777340e+01
-8.321377457332563665e+01
-6.010147777651452827e+01
-7.802656022274969416e+01
-6.461247253574836691e+01
-8.585215109969347225e+01
-8.460705576792025795e+01
-8.809163806021989274e+01
-8.893877703247324007e+01
-9.931110399634040675e+01
-8.018315990154766837e+01
-9.865199658612924338e+01
-8.252312853806306236e+01
-9.419914258130027918e+01
-8.636472347828390639e+01
-8.702375245953514593e+01
-8.440366388747342796e+01
-8.431990399126701163e+01
-5.773187037751625894e+01
-8.909790454133553794e+01
-5.553739621809795324e+01
-7.813496976780039915e+01
-6.137186821858773556e+01
-8.004512528919460124e+01
-8.677662371551663512e+01
-6.810527366952797479e+01
-6.104974633647330506e+01
-7.138706717040025751e+01
-7.472314984610939348e+01
-7.122210517371665617e+01
-7.327183282314783241e+01
-7.448371197590306281e+01
-7.359028421173731260e+01
-7.498699225678078051e+01
-7.598903467051428606e+01
-7.404940200511104820e+01
-7.857359068897652321e+01
-7.543216268514896683e+01
-7.577191676034193790e+01
-8.536378796587457884e+01
-6.839005797860602343e+01
-3.304614909282456381e+01
-3.572550776519137372e+01
-3.222023065192865943e+01
-7.432711227785900121e+01
-7.170312491664796539e+01
-5.493715032866727910e+01
-4.741037907525712569e+01
-3.301806263853387691e+01
-4.269103495866495024e+01
-4.429086943118359443e+01
-2.051209215897369376e+00
1.750719362084231534e+01
-1.890792266422790391e+01
-2.050623864127572915e+01
4.694512328197948392e+00
-6.151352435357040349e-01
-6.134179420835710772e+00
-1.953788780835564154e+01
-8.418699865398181714e+00
-6.848617839261210705e+00
5.384324447061142216e+00
-3.159750260709797587e+01
-4.506470343603270834e+01
-4.232643678054905934e+01
-3.347069779997479344e+01
-3.087079759824387182e+01
-2.219456305602960100e+01
-3.254822697915438567e+01
-5.019927135066318158e+01
-1.746200055195438949e+01
-4.434846755891358328e+01
-3.634100891490439267e+01
-4.044047558708409440e+01
-3.290817509100146054e+01
-5.257782236531204489e+01
-3.115501617453340799e+01
-2.221183076664553369e+01
-2.582154447725156032e+01
-1.011953038584726805e+01
-2.326538527334616546e+01
-2.729693572778499799e+01
-1.992599517357830052e+01
-5.381545269544231402e+00
-2.457648912670049413e+01
-3.340861522308515674e+01
-8.562170481236758945e+00
-3.289337162803472125e+01
-2.288261853076273056e+00
-2.763185949910550221e+01
-2.743389464817954249e+01
-3.465440193094951127e+01
-3.968991414834410136e+01
-4.669138725227723796e+01
-4.851113655694705074e+01
-5.075130045203214024e+01
-3.942663569251480737e+01
-4.755484215250025670e+01
-4.465815822122221590e+01
-4.081861205383115276e+01
-4.061368852747233404e+01
-4.905710685010139116e+01
-4.984320123619164633e+01
-5.326247119634860638e+01
-5.145367343775832580e+01
-3.439407560055519752e+01
-4.647966530529924256e+01
-3.463367749940234575e+01
-3.643932211315705416e+01
-3.478451932301115335e+01
-3.407582991353508106e+01
-2.511069075502506820e+01
-3.846946389927089882e+01
-2.845091800591858444e+01
-2.355830798017699834e+01
-4.282242703175334952e+01
-2.912017032435296926e+01
-3.593132135980317798e+01
-2.130857691641912766e+01
-4.040890905985893511e+01
-5.118861089662321007e+01
-5.837933209830978853e+01
-4.628315461169844980e+01
-5.841127563938051281e+01
-5.693377200331818955e+01
-5.700447106529969687e+01
-4.304502251712106897e+01
-5.230902202394897671e+01
-5.688290259783696001e+01
-5.829624017725947027e+01
-6.036051697651948444e+01
-6.540818825051124463e+01
-5.288712638136742328e+01
-6.460770565855386849e+01
-6.023514905161129462e+01
-6.568797442014648880e+01
-6.211304749437363171e+01
-6.502351864029867556e+01
-5.857701123233901797e+01
-5.947905578164462526e+01
-6.660049598635148982e+01
-6.011905935258218392e+01
-6.328618000181072034e+01
-7.105305183686803616e+01
-6.985685661508102839e+01
-6.979360057446686483e+01
-7.078276808172657297e+01
-7.102410564311742291e+01
-6.728867212427725519e+01
-6.622325600119674505e+01
-6.274758740055846573e+01
-5.812483295085686308e+01
-6.254391515509149713e+01
-6.028507563823855264e+01
-6.211336086348540420e+01
-6.203607769674677286e+01
-6.150509598860375604e+01
-6.146826616525984832e+01
-6.222317861465334232e+01
-5.863250648052179059e+01
-6.014662724490838741e+01
-6.184068536041301201e+01
-5.996378104836376366e+01
-5.151967309033276621e+01
-4.874196405512384445e+01
-4.947724599552104507e+01
-5.977729951924892049e+01
-5.388473414705280362e+01
-5.151340767186687231e+01
-6.257726997631542076e+01
-6.167823372512411595e+01
-4.413915580940355454e+01
-5.339664639162167958e+01
-5.480503986100172398e+01
-4.516536126521689454e+01
-4.980091097815750345e+01
-5.846760400536878421e+01
-4.331353237717691229e+01
-5.557686383695591559e+01
-4.552160639166682898e+01
-5.116033225702661724e+01
-5.136955244111122454e+01
-6.301429479075007123e+01
-5.599756987469117320e+01
-4.264981843789064442e+01
-6.180675549938487734e+01
-4.368823696581456062e+01
-7.126788238704409650e+01
-2.532269059328232075e+01
-1.571765197599419395e+01
-2.972357764581009576e+01
-2.609752038321544632e+01
-1.319426765747379093e+01
-2.139967620354715194e+01
-6.417587008035079421e+00
-4.534092682696535981e+00
-2.569927729613313971e+01
-2.081744351295527551e+01
-3.740766925930336129e+01
-4.062819698792970513e+01
-3.105878569230180375e+01
8.958928840872015797e-02
7.661582914152393897e-01
-3.401368346741666926e+01
-3.114121601230883485e+01
-4.279216298008277874e+01
-3.181121194110514594e+01
-1.906664809411232397e+01
-3.430140572599886895e+01
-4.590438516812177028e+01
-3.169508100089883129e+01
-2.347487626080335588e+01
-2.504702220747097741e+01
-2.842454408912784203e+01
-4.537562861072514409e+01
-2.388943396542915565e+01
-4.208972732166740371e+01
-2.430471713535445133e+01
-3.589992122250276907e+01
-2.903357508924651142e+01
-1.425643055865780440e+01
-9.862570079694721326e-01
-2.088095725445140438e+00
7.206989108508555120e+00
-2.164675300406370795e+01
-1.982794200789406602e+01
-6.468524839096895462e+00
-2.713641331647644961e+01
-1.279595735141873636e+00
-1.141847453021443037e+01
1.715868154431764658e+00
-1.963541539132139135e+01
-2.651683252850346406e+01
1.958883064457210565e+01
1.420403264867661441e+01
2.265898488959656021e+01
1.733569334364739589e-01
1.085407259475094932e+01
1.625461085558736585e+01
1.047108843481110085e+01
1.237033548104349734e+01
8.817452838460438258e+00
2.906761517718627630e+01
1.037821640213910612e+01
2.141025529047191789e+00
6.638792510739200958e-01
-6.358752300034902660e+00
-7.796118524487654078e+00
-5.029987069539754607e+00
-4.262723423886524365e+00
-3.536324716599982931e+00
-6.791578086597611641e-01
2.852160951402922251e+00
-3.619661428120886981e+00
5.207394026661915643e-01
-6.753172160134370827e+00
-5.145066566907376071e+00
-5.701188725919044131e+00
-8.218082271304224307e+00
-4.963551218083244621e+00
-5.161455976376163601e-01
2.150702233236484240e+00
1.086227837283360032e-01
-6.642225213488974767e+00
-1.995985760942834863e+00
-3.075587021013248989e+00
-4.386806926214122271e+00
-7.940485299703724742e+00
-5.182301530619805696e+00
3.410590183742327142e+00
-2.655278104469199985e+00
-1.468108524753529487e+00
-4.626553012472871984e+00
-5.774494987601091367e+00
-1.427205520790675086e+00
3.022773520405482195e+00
-2.305796066505450437e+00
4.896347346531666034e+00
2.376370592357370271e+01
2.120282269725591107e+01
1.635347514757231835e+01
2.277538126997739809e+01
1.472209441050758016e+01
2.189649561525576971e+01
1.742046863513650123e+01
1.814426521788461955e+01
7.166924775368917366e+00
1.669644867737527250e+01
2.340423035543526264e+00
2.743968565163473983e+01
1.105674572929459742e+01
2.204051145470332429e+01
2.227679809091370089e+01
-6.749524167937082098e-02
2.262619336155562877e+01
-1.601721321461466729e+00
1.095873254525828955e+01
2.756921779175878839e+01
9.942618933962403815e+00
9.247433241988680663e+00
1.053116457982256904e+01
-2.257354282248792643e+00
-4.017927798524842942e+00
1.322467852652221154e+01
2.020771754158631239e+01
-4.886764343029493141e+00
5.940979890631137295e-01
1.270543716003798629e+01
8.358110123918480738e+00
2.048143624505735616e+00
1.105499556244136272e+01
1.103706555008785983e+01
2.263370468900108534e+01
1.972689821745199268e+01
2.147676822497069793e+01
2.004657015143767040e+01
1.327911630935382803e+01
1.296583832128918878e+01
1.887715480448203920e+00
1.196991968373938420e+01
2.154727261897563650e+01
2.283560416308147722e+01
1.580982053805876753e+01
2.331535389042546313e+01
2.284042681188095258e+01
2.497957272482423008e+01
2.364466254151371771e+01
2.250756654241992294e+01
2.092316306433790629e+01
2.565498315095983273e+01
2.494648143460759826e+01
2.574966532766538663e+01
2.101269184345661500e+01
2.395305891402866294e+01
2.229025963356897932e+01
2.574867698385521919e+01
2.302625038905800992e+01
2.460713738880489032e+01
-3.358103403855249525e+00
-1.723524554245317475e+00
-1.789451883270229970e+00
-9.887100499558135525e+00
9.969024512005972838e+00
1.251562428620233192e+01
-9.020354441200256090e+00
-1.047914592919821786e+01
-2.796959279197531956e+00
-6.031129929316112026e+00
2.056789366807596053e+00
-4.459562526981985187e+00
-6.532566166534598651e+00
1.137316648191085378e+01
2.777049349753319518e+00
-4.771010790198745966e+00
-4.436114657784765214e+00
2.424191954083491751e+00
-2.352956762930683610e+01
2.046870802474113304e+01
-1.490669771585595527e+01
-1.028022749181416984e+01
-6.978107544836769094e+00
-5.046706760732678099e+00
1.083014325302151093e+01
1.939581928098059649e+01
-2.186864493178049429e+00
1.871506844255237922e+01
2.992887509498036991e+01
3.260287645891584418e+01
1.666869484840737670e+01
-3.583226333037528910e+00
7.506878815739423061e+00
2.134307810367684866e+01
2.397037425435734903e+01
3.237287989170992830e+01
2.498140672855721789e+01
2.112393422932319353e+01
6.533394937817672776e+00
2.342416563874706625e+01
1.659878076821585324e+01
3.885747551701946634e+01
2.857930034647401385e+01
4.428712911819523868e+01
3.219502452839692808e+01
3.668142064932711577e+01
3.283492100049205931e+01
3.111985611417066622e+01
4.065606849848845172e+01
3.808437904197673873e+01
3.645427253155611425e+01
3.613468283924903801e+01
4.086857936904497990e+01
3.985144563148668340e+01
3.656056294198715761e+01
-1.697261606218229701e+01
-8.768815390173134716e+00
5.395739045086878960e+00
-2.010444373129099915e+01
-9.306892528030779488e+00
-3.020254389479069701e+01
-1.686346025850873431e+01
-9.425258363274512163e+00
-5.817886444955433056e+00
-2.943759136364653628e+01
-8.095078654746949098e+00
3.163744439465369851e+01
4.058800022739765012e+01
1.273093405270977563e+01
5.949030357244314615e+00
1.132775601674480725e+01
1.566768940160238799e+01
2.034794614757216280e+01
3.231937397849391402e+01
1.464677474087217846e+01
1.189234874594107083e+01
-1.431327446522852043e+00
3.750788561625900286e+01
1.998934061779385019e+01
2.685263508147259159e+01
1.155203731399116407e+01
1.586040163837141392e+01
3.949584230583026567e+01
2.380847737279394494e+01
4.064326899783805658e+01
1.331699339232881663e+01
3.853133611572761907e+01
2.470025815771871081e+00
1.473248392516866545e+01
2.699522505236862102e+00
1.362028434908249430e+01
5.929561616200446750e+00
3.086339909700721407e+01
-1.155676949667769549e+01
3.254523196476861813e+01
3.251741800678323102e+01
1.300319205967717906e+01
1.739125251423648422e+01
2.078600374663144734e+01
4.295920066398157644e+01
3.722471210979299450e+00
2.036171119849099398e+01
-3.572688877603822277e+01
7.873385293653003991e+00
-2.043557515963942706e+01
-3.373689254931187520e+01
-3.005980661863184622e+01
-2.272357155464516509e+01
5.999996234949893648e+00
-1.896868837935183905e+01
-4.774379708216992668e+01
-3.517498072514990071e+01
-1.826787591943507039e+01
-1.933156539427957910e+01
-2.637379507861480832e+01
1.502109680334010378e+01
-2.742809812493153032e+01
-2.675002868032303383e+01
4.009460466627934494e+01
3.795732975885395177e+01
3.362096154867455056e+01
2.569835114566166823e+01
3.568565764498292481e+01
3.164523794353381447e+01
1.642104355450944198e+01
4.241761382400959945e+01
2.667020640438141399e+01
1.975814189260263021e+01
3.809455667536911960e+01
3.675426492972247416e+01
2.316167667303087541e+01
2.381951902556627942e+01
3.284581497637189074e+01
4.270518660851313086e+01
4.048338264242821083e+01
2.744366608397874074e+01
3.771762433425848116e+01
2.016197412495313301e+01
1.979682953319598937e+01
1.423426975885721824e+01
1.696262518555593246e+01
1.619275192483475934e+01
1.758316210762082221e+01
9.037872021424849578e+00
1.673839943374354533e+01
1.885588791483127835e+01
1.587272526389488903e+01
8.098686602701171466e+00
1.516388674937827474e+01
1.455270072522573876e+01
9.059205278118213300e+00
1.648307266034393948e+01
1.142109213243166010e+01
3.393772609095902837e+00
6.022695290711223670e+00
2.578302224477846405e+00
2.155681548388612256e+00
-3.134572423057944590e+00
-1.316167488048765044e+01
-4.574513878525968025e+00
1.285804239806829230e-01
-4.468650767970883564e+00
3.001025608455374805e+00
-1.019091675065414648e+00
2.971564737224326791e+00
-9.159161573336819018e+00
-8.426733936711684692e+00
8.876715522842323125e+00
-3.643312498702837132e+00
1.739456892068014682e+00
-5.699694536360127017e-01
-1.930456662830804504e+01
-6.133423972360017018e-01
-2.483836021553340601e+00
-9.109601613484468174e+00
4.201739616998136917e+00
7.505976298155071724e+00
-1.143358998681989647e+00
-1.587458915000977200e+01
-1.669262527785201300e+01
7.168130227900656237e+00
-2.294278117256343563e+00
6.492986803474657620e+00
-2.495347101641593568e+00
-1.338217695218105519e+01
-1.308783852998937647e+01
-1.135765955344704992e+01
-1.138290149745484925e+01
-1.149123708037537739e+01
-2.979392410631263033e-01
-1.671592646621825295e+01
-1.872088991779584433e+00
-6.367658077968485486e+00
-8.264969870384462070e+00
-1.118725912093319508e+01
-1.531641701975229886e+01
-1.072585488973825107e+01
-1.172740490073173802e+01
-1.265767276084331883e+01
-6.842556542357836946e+00
-1.160516093458129028e+01
-1.694157793030928616e+00
-1.336374832102073107e+01
-9.942969228123073933e+00
-7.105273846347497368e+00
-9.951097323645123893e+00
-2.830040785887723231e+01
-2.119991412721365265e+01
-1.576492871729363898e+01
-2.246948133426502281e+01
-2.554908470296708956e+01
-9.678751012191700198e+00
-2.155188352912614391e+01
-1.299506215219986771e+01
-3.027430553728994411e+01
-1.528678505776191443e+01
-2.611269112350737487e+01
-2.495148858593138286e+01
-2.255221524524644394e+01
-1.456033834894148526e+01
-4.603905677533899876e+01
-4.299062902638923589e+01
-3.613424238610769379e+01
-3.653989390703801377e+01
-4.813403291600246803e+01
-2.991601931019149063e+01
-4.154996692178261952e+01
-3.334856708471696862e+01
-3.970644864144652786e+01
-4.509144412334677554e+01
-4.338402038527008386e+01
-4.753607632778001602e+01
-4.591727202129521146e+01
-1.509139758848469626e+01
-1.534451779904451740e+01
-2.060080117826832691e+01
-1.691612593153595867e+01
-2.260986435737847700e+01
-2.330494527807015004e+01
-2.157203364142520741e+01
-1.586359941273209273e+01
-1.514834536370468498e+01
-1.844666853879490276e+01
-1.914292280831048032e+01
-1.496767440299587548e+01
-1.657365239408949975e+01
-2.355576699654853812e+01
-1.937944595721565122e+01
-1.826837908847386061e+01
-2.612847008614217259e+01
-1.684964265207106138e+01
-2.399050140270879083e+01
-3.708256411029483246e+01
-2.812395436476723631e+01
-3.218103122028541208e+01
-2.233251041123742908e+01
-4.037930709242174743e+01
-2.790071978227194194e+01
-3.120773921234770398e+01
-2.420404196277388564e+01
-2.057597792940341819e+01
-3.210174840153020170e+01
-4.120928856612434288e+01
-3.266577546341005700e+01
-4.772109142415801131e+01
-4.109436188238938570e+01
-4.431048376838589320e+01
-3.856999787166884630e+01
-2.631039798997744228e+01
-3.819114598943070149e+01
-3.636458191252934569e+01
-3.111355838684686503e+01
-4.334960162057650734e+01
-4.330036758437643130e+01
-3.215510040365874289e+01
-6.299001585583449980e+01
-6.353084843325982689e+01
-4.751065602340573690e+01
-5.735416998853486348e+01
-6.128752520470760601e+01
-5.599885669813997424e+01
-5.765098437890743810e+01
-5.811641412990164213e+01
-5.555649970957665573e+01
-6.102627100002722216e+01
-5.354608195883712085e+01
-4.826201060247485941e+01
-6.327266126458627582e+01
-6.671492467000720694e+01
-6.563321446267667625e+01
-6.659743042881244435e+01
-6.669246422338966340e+01
-6.645896443356070904e+01
-6.525217767934647384e+01
-6.621062287201932861e+01
-6.466602657815538180e+01
-6.014131343034425470e+01
-5.954352443858051913e+01
-6.582944909141660617e+01
-6.681182536795309090e+01
-6.566604481103878754e+01
-5.224972974104782963e+01
-3.999347144893100392e+01
-5.210118276266942416e+01
-3.555371046329194940e+01
-5.105201201562943680e+01
-4.299892109455032596e+01
-4.889737672620388764e+01
-4.919835906029391026e+01
-5.304833358112017550e+01
-4.911009917304613737e+01
-4.902751987442935189e+01
-6.124045955026522137e+01
-6.486496406023387351e+01
-5.730776940542570230e+01
-4.350989645935051442e+01
-6.290693628772137913e+01
-4.783762859797634803e+01
-6.406563630413081967e+01
-5.058689714737307241e+01
-6.398322543128138307e+01
-4.712283979213285079e+01
-6.102117875786494494e+01
-5.773648573871722789e+01
-5.964573022423419957e+01
-4.863532017780105576e+01
-6.456553231163724149e+01
-4.858845839496691354e+01
-5.548558870266050036e+01
-5.118808789580756979e+01
-5.318644029689637875e+01
-6.271717518191282892e+01
-4.648897009407711778e+01
-3.856747053723167795e+01
-5.225500998733234326e+01
-2.896790284699179452e+01
-5.086526184890331592e+01
-3.187912058044464203e+01
-2.132137857498669575e+01
-3.811556761422480122e+01
-5.950697052711429080e+01
-3.678952967492976001e+01
-5.882667735275204279e+01
-6.979552601543912260e+01
-3.975465097824493910e+01
-2.121008640841343151e+01
-1.772191705284746632e+01
-2.863706891476255834e+01
-1.893258704711146834e+01
-2.698486186269755294e+01
-3.938721094966975045e+01
-3.054747991719077049e+01
-3.010248533809106064e+01
-2.044785067536930967e+01
-2.683702085998258724e+01
-3.574640359388503441e+01
-3.017248931910139120e+01
-1.728070319057248128e+01
-2.077849344312276614e+01
-6.828850730261018498e+01
-6.208398837442588558e+01
-2.990005952832489555e+01
-7.765100208306297702e+01
-6.954910119257205281e+01
-2.469449050864422901e+01
-1.005568464256490557e+01
6.817355680737296808e+00
-6.707647276567001882e+00
-4.866670234723304134e+01
-5.676576445368034740e+01
-3.577199817216619238e+01
-5.847692385351520983e+01
1.233226141978681412e+01
-8.377201445107402833e+01
-7.816051924776715509e+01
-8.668164038999675824e+01
-5.449222002153879174e+01
-8.415997478076664606e+01
-8.702474227254796801e+01
-5.189353018359857117e+01
-8.024693398996490146e+01
-8.327591070210810642e+01
-8.249415850328975353e+01
-7.706777841465417112e+01
-5.893725715445050639e+01
-6.346306655000897479e+01
-6.243545087638970870e+01
-6.168993558223012030e+01
-2.992244999462415578e+01
-2.024111222754984851e+01
-2.586892240173929736e+01
-2.241679085003578464e+01
-1.922243164135436544e+01
-2.124477588089097679e+01
-1.238777092775369937e+01
-2.051258718235267153e+01
-2.176983588831384608e+01
-2.339614651070456119e+01
-2.134000140542130453e+01
-2.542624457043690001e+01
-1.672199175319802933e+01
-1.973825620269144920e+01
-1.809769594320858488e+01
-2.164941638328548379e+01
-2.366645574329056601e+01
-1.878514730138705247e+01
-2.224954524050441051e+01
-2.596578419192743326e+01
-1.786606781566019464e+01
-3.477991142530687085e+01
-1.950020660524955218e+01
-1.281849263035498154e+01
-1.505099400132321819e+01
-1.103753867672480382e+01
-3.435474382253788406e+01
-1.525306910992738452e+01
-2.770050271586894297e+01
-2.984964475298271935e+01
-1.353957895019354396e+01
-8.559728308042629408e+00
-3.791144750800157937e+01
-7.064910631069373892e+00
-7.784967854516942509e+00
-2.530236357591152441e+01
-3.140460104845800515e+01
-5.916211381915563550e+01
-4.192328280633227422e+01
-1.992567827452593932e+01
-1.984861382769159022e+01
-2.611361112526962813e+01
-6.370298445610345084e+01
-4.771733641830561368e+01
-3.217544395991082240e+01
-5.402127545852692236e+01
-3.577165604311639413e+01
-4.761038302619542151e+01
-1.918366099437964323e+01
-1.819197743634631337e+01
-2.364234088716694515e+01
-3.328706007463934213e+01
-7.569403425892836879e+00
-5.680432095920973978e+00
-1.149377535278296847e+01
7.692195700934902902e-01
-1.141704757172928453e+01
-1.231919590073146509e+01
-7.906180357068500086e+00
3.125431548194868014e+00
-2.381931306042376306e+01
-9.888691380324438285e+00
-4.280289785534328928e+00
-1.909212124856242099e+01
-1.807674070593337134e+01
-6.232322415202116161e+00
-2.250044328706331598e+01
-2.178896890510031881e+00
9.422857919776557623e+00
-3.283359651433841009e+00
1.017727250912356496e+01
7.754228443000570792e+00
2.091777628757585816e+01
-5.109743764247216546e+00
5.980943573815970637e+00
-2.666517068571184979e+00
1.439873147688212995e+01
5.479225247903890761e+00
8.557016244871771704e+00
4.197792694867423791e+00
7.077999901229336643e+00
-8.429665284074232545e+01
-7.070708420729360455e+01
-8.296267842112894186e+01
-8.397531317856601163e+01
-6.933498457726707898e+01
-5.671572592095025556e+01
-7.199874478991466731e+01
-8.234492367585500006e+01
-1.696091742030590055e+01
-8.072884217320094535e+01
-8.467233102070898099e+01
-3.297045996102348653e+01
-8.566785127986464943e+01
-7.605319497294956932e+01
-4.420475728291878426e+01
-3.095893219666518448e+01
-6.086059745069920268e+01
-2.237080093307898920e+00
2.182932339586528769e+01
1.389415625801458276e+01
-2.935568641002856438e+01
-1.609363265684103084e+01
1.953433227391984417e+01
2.547045203917300427e+01
2.763469507806755132e+01
3.119409633525931014e+01
1.293737006085700258e+01
1.175297715571420554e+01
-6.369439721700115342e+01
-6.352548648089681649e+01
-6.291402388743655649e+01
-6.323827858293615378e+01
-6.550573137426884784e+01
-6.471332978491341237e+01
-6.509178161573429122e+01
-6.160074914973745308e+01
-6.272355579959762650e+01
-5.442220608342047683e+01
-6.409674223006233262e+01
-5.569190156770471134e+01
-6.234379810687504886e+01
-4.732226603315494629e+01
-5.875809926896558721e+01
-6.650202847485363122e+01
-6.600268461818617993e+01
-4.880384780132991551e+01
-5.718750311577983325e+01
-5.815176227098655914e+01
-6.540590021604481308e+01
-4.098862745651608464e+01
-6.247342486052450283e+01
-6.179263721829612876e+01
-6.047261359475471920e+01
-5.426898994987946168e+01
-5.460309807537748128e+01
-6.030172539246714791e+01
-5.561515795411587249e+01
-3.540156016696232655e+01
-3.036899313446070536e+01
-2.720440735882297645e+01
-4.930499405731369933e+01
-3.776384973175482429e+01
-4.232178483859337348e+01
-3.682594728141182117e+01
-1.245407435530109908e+01
-4.551435440394232046e+01
-3.924332956287394580e+01
-1.158212559595329338e+01
-2.932385599017830913e+01
-9.142636803902487230e+00
-3.070044392018962398e+01
-1.999344441305385356e+00
-3.831909418073250606e+01
-3.432287674342517647e+01
-8.760800316939086230e+00
-1.839747258303327726e+01
-4.330352792980144017e+01
-1.257521296187963422e+01
-4.155742287839989757e+01
-1.045023846645602283e+01
-4.249076547005557103e+01
-3.429443203590976452e+01
-2.559332493444642509e+01
-1.868287460093146990e+01
-4.442901179464323036e+01
-1.346103752573448809e+01
-4.288079508840648657e+01
-7.800921962960128297e+00
-4.189769718567234946e+01
-1.114062419337296106e+01
-3.301991148128411879e+01
-2.151630433177933810e+01
-7.250135154967459528e+00
-5.309218082850780007e+00
-6.492294353233237558e+00
-3.054952047946454385e+01
-2.413360191623758766e+01
-1.334434812167636508e+01
-3.027437851865491325e+01
-1.930776271650555742e+01
5.395042828114778644e+00
-9.094229622896419230e+00
1.039462791492080562e+01
3.675868380396325108e+01
2.799516068804695124e+01
-2.407184655004904528e+00
3.510689096443032753e+01
8.120875670334736895e+00
3.085511387387092341e+01
4.354941457468703980e+00
2.247691365087828785e+01
3.695488673015734804e+00
5.200145061604438723e+01
2.344155204015525840e+01
2.430625919011194469e+01
1.506699444023725754e+01
1.842393228604350952e+01
3.772049567714913110e+01
2.355191026834831902e+01
4.393051884544839680e+01
3.097201487165715506e+01
1.756838438510785494e+01
3.850847120369371623e+01
1.123817085867808174e+01
4.764534184454591781e+01
1.734287605957737100e+01
5.798287727752628484e+01
2.093763840150715794e+01
7.700111730840918156e+00
2.576934225530424527e+01
1.287109821438801660e+01
-5.239526988049190948e+01
-5.511734036747541410e+01
-4.932259342653909329e+01
-4.767056201679696414e+01
-5.731390674886777248e+01
-5.299082291393779087e+01
-4.867856395147515514e+01
-4.981969841805654653e+01
-5.109045699718672040e+01
-4.765836566484521342e+01
-5.848921677654540474e+01
-3.357903558563773316e+01
-4.401660967205985031e+01
-3.429033062078395488e+01
-2.197183924000200150e+01
-2.296886777997539042e+01
-3.311360902202652312e+01
-4.324963666965150821e+01
-3.444893890422221716e+01
-4.162142147958422811e+01
-3.887215126099107465e+01
-4.044113995832224617e+01
-6.121308193387751118e+00
-2.253923833449313907e-01
-1.196493428684792448e+01
-1.724290349363719699e+01
-2.169890747758312699e+01
-1.095686511468757907e+01
-1.502662591921382962e+01
2.665253468396638681e+00
-1.259723705072198285e+01
-1.847998326460635354e+01
-3.060087570192738582e+01
-1.749872316458531785e+01
-2.032629146092681438e+01
-2.029830222660610062e+01
-1.216294821888578248e+01
-1.649013624139691814e+01
-2.456826876063743370e+01
-2.909166227991853759e+01
1.071211476693854081e+00
-1.475282593514489271e+01
6.618584150801460453e+00
-2.248435238728080421e+01
2.331348705077321171e+00
-2.079182860106692132e+01
-1.977764260394711826e+01
3.750774364146021611e+00
6.712506259180603507e+00
2.239954493957259984e+01
1.543629557639784977e+01
9.886703750051594852e+00
-2.968920927462260551e+00
1.046151452099182677e+01
-3.404011457350037517e+00
-2.827070517228040814e+00
-7.608161421084034259e+00
1.406914828879382640e+01
3.241440240505465198e+00
1.978619728348355977e+01
6.560639084731835879e+00
-1.640688678324324812e+01
5.161787664670742259e+01
2.037523799456484142e+01
1.570462565135143507e+01
3.442413730575111686e+01
3.532404337530314109e+01
5.683884015615380747e+01
2.447848054975851539e+01
3.232802334820858903e+01
2.219422474208225893e+01
2.057435925041367142e+01
5.719194130546804899e+01
5.740444374823329099e+01
5.451795660454887127e+01
2.804752027284937554e+01
4.751298839926251816e+01
5.421797145593183131e+01
2.566502162324665548e+01
3.528427719765272741e+01
2.424441312363700618e+01
2.906355503365358928e+01
2.956631788145191209e+01
2.126282519716556152e+01
2.210823686569639079e+01
3.443293903028529002e+01
5.399406878871587878e+01
2.857436634047610013e+01
1.626879492820572182e+01
2.784182879978059688e+01
2.883287816859469643e+01
1.491433561001069208e+01
2.508573919892235438e+01
3.179375753856726305e+01
8.278245367992580483e+00
1.178715717142797104e+00
4.057150226366621126e+01
2.656365600783046332e+01
2.814369258165340781e+00
1.484448507942221340e+01
1.787055059599335038e+01
2.108584767879585442e+01
4.588126258358651910e+01
7.019588050236123422e+01
5.644606166558565263e+01
4.896196818263766204e+01
6.296221294796670520e+01
7.630997466390203954e+01
3.688939967319977598e+01
6.052709116040497150e+01
4.207958080061528960e+01
7.706635435852773242e+01
2.753618638514974037e+01
1.514892354122800633e+01
2.825990855006196156e+01
2.298463109665287263e+01
2.120438564719141539e+01
1.223692170368755860e+01
5.054502117385897719e+01
2.337297117511803179e+01
3.540884747481216266e+01
3.687830143151594342e+01
4.397907507523039072e+01
2.740463080056381528e+01
2.795285564112622367e+01
3.623737085318941809e+01
2.823378593988694973e+01
8.396211689880217932e+01
8.117163281255595564e+01
8.701090258704958558e+01
7.592857403893063406e+01
6.977526758041649657e+01
6.615096065674312342e+01
5.183665519848864989e+01
5.669885286963341287e+01
6.462848753270802149e+01
5.855935900426127461e+01
6.329560917070608639e+01
5.137567881434569728e+01
3.882336823130037828e+01
4.735735542381856078e+01
3.362641821523580177e+01
5.500855480405844133e+01
4.127394523059480491e+01
4.627998808791582519e+01
5.250484293091153631e+01
3.621887254212636265e+01
4.685624276706894165e+01
2.951497972946419424e+01
5.134826887379394122e+01
5.097142759441641857e+01
6.028878053357090039e+01
5.220954942518905995e+01
5.682493306752638773e+01
4.563049429029354087e+01
6.162682253558014622e+01
6.009105231227200505e+01
5.640173018144574257e+01
5.493228988794522394e+01
4.673487124150363314e+01
6.294445582915733439e+01
7.169808142198778000e+01
7.078870496112159572e+01
7.479358969334131757e+01
7.306317108734103272e+01
8.205727281184104527e+01
7.618505177211534374e+01
8.306257636779172060e+01
6.484847341944299615e+01
6.506015028931406619e+01
2.602661035852919014e+01
3.047475554208489967e+01
2.267585033128727900e+01
2.130667797207007652e+01
1.523925795995250709e+01
3.308069707920081015e+01
3.491161864500482181e+01
3.512478878218786349e+01
2.156875263529965636e+01
4.869599680629602290e+01
5.086576607115399185e+01
4.977394882964861722e+01
4.342660020234990981e+01
3.896298752744409910e+01
3.698210429791213016e+01
3.407974862448232045e+01
4.932663969476345756e+01
3.368550592252423570e+01
3.043085891620020789e+01
4.872039943450548094e+01
4.553533127081404075e+01
5.208117100109429032e+01
5.445032005113462503e+01
4.634828114894817475e+01
5.010954086424665377e+01
5.207809288183499064e+01
4.655876063285921873e+01
4.734664777897123855e+01
4.817526773302508758e+01
4.264345064063732593e+01
1.180084499219306515e+01
2.101543900610354854e+01
1.480149480348445579e+01
2.260699842897408729e+01
2.136260355283015144e+01
-8.935809568298923367e+00
2.472695990346038541e-01
1.401066411541025936e+01
1.494435499510474052e+00
2.844792742634412974e+01
6.825853777329504268e+00
-3.609973797329362633e+00
2.805875322722647880e+01
2.419923286823493314e+01
1.489117236393326493e+01
3.648018118397996545e+01
3.321307673104794844e+01
2.978303145142789532e+01
2.932420576640585352e+01
3.651556118676872131e+01
3.428543406129709581e+01
3.373555220101890484e+01
2.362245450943777314e+01
3.277561740627939457e+01
2.448684330267110454e+01
2.954412864939162731e+01
3.390449183937028721e+01
1.449204450766024888e+00
-7.387444109722848040e+00
-1.904456467140538223e+01
-6.447851749518290987e+00
-1.695026792495146850e+01
-1.802995122441428677e+01
-1.591143568515552431e+01
-1.330547837972445002e+01
-1.186148587775230290e+01
-1.066527546440241103e+01
-1.589467552273660367e+01
-8.640772659552247603e+00
-3.856133399320147426e-01
1.967514130304504061e+00
6.827472417513119396e+00
1.360566031130737308e+01
1.467612369200704592e+01
6.077252921276041775e+00
-3.271931640817489217e+00
-2.616674107493330403e+00
1.662492572730647211e+01
1.735812466525658593e+01
1.267510879878652119e+01
1.203144014446359655e+01
2.200722069303670025e+01
2.046107158807515702e+01
7.595609235284211280e+00
2.279894234436066469e+01
1.069916109078164546e+01
1.994061746036170746e+01
2.352385326898019358e+01
7.153036785736862413e+00
2.005188353528627587e+01
4.084934023187848595e+01
3.331959936150069268e+01
3.832936367676221323e+01
5.118818801468339785e+01
4.512477975857220969e+01
3.959066687930568662e+01
2.582003233450057422e+01
5.132162610995749930e+01
2.958374636860111906e+01
3.077064840235041032e+01
3.417065184086178675e+01
2.318475580030958483e+01
2.500784865629322340e+01
2.702267797021080753e+01
1.702669586942764113e+01
1.892759844650626277e+01
2.406521154915873240e+01
2.183296691959382940e+01
4.039084335048484320e+01
2.235723691915739764e+01
3.041677436308984994e+01
2.303295280010900115e+01
1.171979705532163507e+01
8.947328673798029541e+00
1.715898098933061888e+01
3.031881881338698292e-01
1.350593851414054924e+01
1.432417766717836827e+01
1.679493597435050134e+01
1.048893972020093557e+01
1.676160160898955098e+01
1.347636152749558391e+00
1.792058427037449064e+01
2.494540059221709782e+01
2.475657525133741288e+01
2.484967205926873035e+01
2.369898096487803940e+01
3.183959443734028127e+01
3.186565210097519696e+01
3.028250316825471700e+01
2.234862147808089006e+01
2.570209661308700078e+01
1.942346868443925700e+01
3.218988559264856519e+01
1.799592932825775904e+01
1.944200848950709570e+01
1.883599407674627457e+01
2.864054126399176781e+01
2.359561954876166823e+01
1.762770241376416180e+01
2.914911608997045178e+01
1.990857454978025487e+01
1.850903342924592465e+01
1.734055251004523512e+01
2.768003801051013824e+01
2.651091263944299214e+01
1.677636141767189670e+01
2.877751359582806501e+01
3.804339945422826474e+01
3.400672806813229698e+01
1.961608308009946100e+01
3.517084990442428705e+01
2.256339361932528575e+01
1.712866581038479552e+01
9.151032685769083130e+00
1.641047171889825051e+01
1.515765799570448458e+01
1.440061114451195579e+01
1.305542979776276269e+01
1.932529984493359976e+01
2.299778847246004432e+01
2.788852569922179114e+01
1.079073440500246228e+01
1.983644694137714737e+01
1.165031522749092652e+01
1.727330539581468116e+01
1.671241266306899220e+01
1.778022063490979221e+01
1.785930721050754855e+01
1.553062238470761258e+01
1.297029089919177380e+01
2.177748203993050424e+01
2.164002855484222820e+01
1.686551110711952361e+01
1.532663445525879808e+01
1.847911645363664945e+01
2.199680081090480144e+01
2.959009748423584085e+01
3.498159393167998132e+01
2.342222939697506945e+01
2.546128335627424377e+01
4.414409717453887794e+01
4.402391464955115907e+01
2.980878500620585925e+01
4.297806922248085471e+01
4.187762251840214844e+01
3.729815278706003312e+01
2.847146557040204584e+00
2.801724235392832796e+01
1.434933799700101886e+01
3.792695779167011949e+01
6.450836216255801503e+00
1.228165942106782715e+01
1.219543458265829905e+01
1.330527874482178419e+01
1.672447428963926797e+01
4.353979040436531989e+01
3.647085662940542505e+01
3.439254669698685518e+01
1.929453320773239611e+01
3.991719029482962355e+01
4.265534369274624282e+01
4.592011885518468972e+01
4.126863926292219276e+01
2.904993100307296316e+01
3.372787537660917678e+01
3.772866305921547792e+01
3.403027094584560786e+01
4.287798929146588733e+01
2.715714419427838422e+01
3.686911816507569029e+01
4.070054982070456617e+01
4.163275180828222943e+01
4.412324132479405137e+01
3.821720325404483987e+01
3.961441820350110277e+01
3.511752593976459025e+01
4.835804134736379467e+01
5.873228928303490903e+01
5.031552575074141487e+01
4.089454916363221315e+01
5.842631976559181339e+01
4.829970953646386533e+01
4.459489912256917421e+01
4.891726283670340081e+01
4.952056274825984872e+01
5.062778409439363259e+01
4.580382488363495241e+01
5.159968826855775603e+01
5.708005240535855762e+01
5.036219101631139949e+01
5.439530019003347405e+01
5.339965618862122199e+01
4.542966145129804545e+01
4.833518270177066967e+01
4.840382009802227969e+01
5.419840976978596814e+01
4.626517997141549898e+01
5.035581889916363707e+01
5.067999767367391684e+01
5.323604330830751508e+01
5.632612205069186473e+01
5.490169466994085212e+01
5.862898782637569184e+01
5.805844404811586656e+01
4.790877782644291472e+01
6.144350069574592510e+01
5.321561508709977772e+01
5.870858824849064916e+01
6.518398919149379367e+01
6.362243227874758134e+01
6.392969032251957628e+01
5.987889510699743312e+01
6.517488428292175229e+01
6.324447770858559181e+01
6.267891542429407536e+01
5.998388327748691040e+01
6.240435068872641011e+01
6.176686763078561171e+01
6.253268793099255873e+01
5.200657268951550094e+01
4.885809722333609528e+01
5.630391578661559038e+01
5.967098070490071393e+01
5.604262900122214575e+01
4.965319826590334173e+01
5.974373797842487477e+01
6.151408177607513750e+01
6.066947197036900974e+01
5.853277374715753467e+01
-2.533315971986954906e+01
-1.947097079603295100e+01
-2.039696706373457502e+01
-2.464004886265943028e+01
-1.606965969043421705e+00
-1.914983724663407472e+01
-1.980963110010730555e+00
-4.240818585583629563e+00
-2.376832016523057689e+01
-9.118255627600769131e+00
1.857767862225100153e+00
-5.465823636791698803e+00
-2.053684066635999628e+01
-2.144548720532442232e+01
-1.430532918586809465e+01
-1.993003113841927032e+01
-2.800586129586747575e+01
-1.103622887763891036e+01
-1.006990244421522007e+01
-3.994368489330475391e+00
-1.450454630003475742e+01
-1.871999007947730931e+01
-2.188741550383525336e+01
-4.351338552390410896e+00
-1.830408713791052477e+01
-9.474067290984603318e+00
-5.718257959255414136e+00
-1.388684231974366057e+01
-2.238656832058196144e+01
-2.528952468163370781e+01
-1.479189041433951068e+01
-1.521171050551784987e+01
-1.320591488142267345e+01
-1.074037006145610107e+01
-1.248850388396320810e+01
-1.416683851159886842e+01
-1.041484734784262578e+01
-8.644266896857139670e+00
-2.854983126679258731e+01
-1.375032584286457649e+01
-2.845580296780562080e+01
-2.150016896875611039e+01
-1.799978275537752026e+01
-1.309344727898896998e+01
-1.106433015541609777e+01
-1.604958599851825696e+01
-2.754237358706392058e+01
-2.830269747897768084e+01
-1.146910593013165425e+01
3.731833002754907369e+00
1.125591164131597210e+01
9.143860175493887965e+00
6.772725208915730377e+00
7.845074293529531673e+00
5.067160515152892231e+00
3.450682724298612669e+00
3.471789061007727994e+00
-6.351913997407798718e-02
6.771515797623189670e+00
2.320395509568397685e+00
4.602402119559613425e+00
1.267297214028948282e+01
5.973079849602912716e+00
-3.019479941064156847e+00
6.220381990331175004e+00
-4.676529118971094690e+00
-8.818965763270067981e-01
3.691856421788077824e-01
1.649549106699119250e+01
1.990049379539232000e+00
1.215682842257078278e+01
-9.747571065857307815e+00
-5.690524171879778770e+00
5.803038539278052355e+00
-6.895310977795301000e+00
-1.291090218678684565e+00
-4.843818869385247083e+00
-1.236106517805415983e+01
-8.276100670989137598e+00
-7.845590816517216126e-01
-4.111757752328257354e+00
7.254177114783715297e-01
1.169840547845794099e+01
-3.136285674291872994e+00
-2.028259724847585588e+01
-1.659848075774607423e+01
-1.479257577720188266e+01
-1.765540372705055461e+01
-2.482099550151230360e+01
-2.358343548867710027e+01
-1.512945981926823436e+01
-1.526305013746818418e+01
-1.381115422923662805e+01
-2.824201423146766743e+01
-2.331872604663152870e+01
-1.801706686526003054e+01
-1.642029617941324915e+01
-1.814097335543764800e+01
-1.515685897346465261e+01
-2.580064406616289574e+01
-2.582383708658754529e+01
-1.953426588403859299e+01
-2.007159029469003997e+01
-2.313741776780762649e+01
-2.101257066512486915e+01
-1.916836495424752940e+01
-1.995863278586779899e+01
-2.228163728933444077e+01
-2.350798441734287536e+01
-2.298185479101958961e+01
-2.067934155785986761e+01
-2.211504519442445371e+01
-2.102358999865254674e+01
-2.397585791157388613e+01
-2.050732461009576468e+01
-2.008567600904278549e+01
-2.320820915004944496e+01
-2.180697691752902401e+01
-2.210959680526294946e+01
-2.167396000552256652e+01
-2.210782940053439560e+01
-2.225477366333256413e+01
-2.422234510050435929e+01
-2.296758415505332351e+01
-2.250052590429591959e+01
-2.514097350888322779e+01
-2.224398350355413001e+01
-2.441674092373327554e+01
3.948652029824417653e+00
1.180266966561275588e+01
-8.459153362311031543e-01
-1.313297991289573652e+01
-1.314104348552671908e+01
-7.007899032586767163e+00
-6.798764893034372925e+00
-1.335678330236186895e+01
-4.513954802803697319e+00
3.484103034731447224e-01
-1.194143321487963583e+01
4.318361340287935946e+00
3.273994532574615590e-01
-4.115739469767127900e+00
4.444461975046024804e+00
-7.496726469567192908e+00
-1.125664511870053275e+01
-9.973974197471328296e+00
-1.890149027873247789e+01
-1.071950781013079634e+01
9.649169682600437170e+00
-1.623065715230595529e+01
1.052048415116995983e+01
-2.198698850249678571e+01
-5.405087664039315953e+00
-1.551205123333905256e+01
-9.209992433099344566e+00
1.350190120594039200e-01
-1.989512039856099790e+01
6.932760970356663499e+00
-1.160210240057714159e+01
-1.407564942881076320e+01
-1.789881579775538611e+01
-1.536454519944477681e+01
3.639015080636326616e+00
4.331872597135317804e+00
-1.354422076052530954e+01
-1.142156554179813099e+00
-2.109972786041864623e+01
-2.864467565934280202e+00
-2.086974377724454399e+01
-2.159089947756746497e+01
-2.264432178287299635e+01
-2.180346700837882423e+01
-1.984634829614721241e+01
-2.025032748725201515e+01
-1.994024073635562644e+01
-2.168268075678331641e+01
-2.207360718552163092e+01
-2.110413926541811236e+01
-2.084814790023997588e+01
-2.018602779034721095e+01
-2.204138731916094684e+01
-2.232161156313711814e+01
-2.283155711477323280e+01
-2.018034176922210321e+01
-2.266190941768608269e+01
-1.982146936573696649e+01
-1.788340843862010487e+01
-1.455035892808787601e+01
-2.109790050223381996e+01
-1.789408894055738486e+01
-2.240244932621967422e+01
-2.031159768041627700e+01
-2.023163445039954311e+01
-2.041225390878552304e+01
-2.048601410037660031e+01
-1.663677762725218656e+01
-2.158368124821159739e+01
-2.300621731610474541e+01
-1.918509199272642007e+01
-1.629371469824455332e+01
-1.423548143874296557e+01
-1.779822267829804616e+01
-1.668856271020080939e+01
-1.567610560654399343e+01
-1.745156119770908276e+01
-1.422637651418236970e+01
-1.313536326525001385e+01
-2.258084646073391255e+01
-1.598240719487035122e+01
-1.661728775309236639e+01
-1.648496856686256251e+01
-2.025302764168612413e+01
-1.927448401881888884e+01
-1.595320911725821134e+01
-2.451500851938427417e+01
-1.437407243740943485e+01
-2.215870892093992950e+01
-2.063413760754211879e+01
-2.318058835142452523e+01
-2.100713027845517544e+01
-1.817281068809582223e+01
-2.084827510499518866e+01
-1.930947455629945608e+01
-2.462744041410226004e+01
-2.208386365953463226e+01
-2.309732781762836140e+01
-2.328276941546060641e+01
-2.483275109246204693e+01
-2.494528677737037370e+01
-2.242120629985521418e+01
-2.360230153090191152e+01
-2.357122114780799649e+01
-2.400128854337218698e+01
-2.163178058888360411e+01
-2.457431339278986826e+01
-2.463805498628064683e+01
-2.383608442461358479e+01
-2.411425843680233783e+01
-2.350532401139242111e+01
-2.147069498687765687e+01
-2.048946913795900926e+01
-2.337071706029293594e+01
-2.281027640130300327e+01
-2.241425581193725236e+01
-1.489166137359271147e+01
-1.020787878656424752e+01
3.735163968978027604e+00
-4.431986311994453587e+00
8.768952594545451618e+00
-3.891087372163083202e+00
9.892843025423292858e+00
5.215344240817120225e-01
1.068443297206014364e+01
2.818782244162569839e+00
-1.560932517272648923e+01
-2.220466276790272975e+00
-6.896023287059840357e+00
-1.790434850331234884e+01
-9.286402178699621146e+00
-1.857792466049286517e+01
2.845519488706971245e+00
-3.855212084303165199e+00
3.723044289601740164e-01
1.834563273621134805e+00
-1.473077920045177436e+01
-1.965994356757031625e+01
-1.430220922207393031e+01
-1.023584937817540741e+01
-1.851438301865570679e+00
-1.758116719096546632e+01
1.283627912861298181e-01
4.261145884704843567e+00
9.458376576400338465e+00
-2.342434052022061231e+00
6.813271215131267766e+00
-1.595431622009815520e+01
-1.968274393215922657e+01
-1.248338925309293401e+01
2.344848095976386659e+01
3.588044477786945663e+01
1.367671098566477283e+01
3.597957310853435331e+01
3.909624245448830493e+01
1.983786007584348710e+01
3.534251627884709279e+01
3.871793638993052866e+01
4.961006401308912928e+01
1.977824440958198693e+01
3.862255356429793807e+01
3.688827679941368842e+01
5.313810040987537064e+01
6.184965121519791609e+01
5.881148654304165291e+01
5.771954795568778707e+01
5.851795169676805131e+01
6.261594385211623859e+01
6.501349163866905201e+01
6.559747619581860079e+01
6.398911852061460337e+01
6.485266609349122291e+01
6.346384016366957326e+01
5.311886496163931071e+01
5.231133271263045970e+01
6.543459767098596558e+01
6.438287501170746907e+01
5.251487455561775874e+01
6.104562310404800485e+01
6.570511709113243626e+01
6.406761342456294983e+01
5.266933319968261173e+01
6.548640637543779519e+01
5.818196350874961809e+01
6.527256624709634991e+01
2.880580691083980938e+01
2.892987289478143964e+01
3.953175184987276936e+01
3.163605307362161412e+01
3.634125022473146771e+01
3.388426608474940593e+01
2.702531159906673253e+01
3.518361662800209899e+01
6.000047136088059574e+01
6.312145663383520855e+01
5.383979360851211737e+01
5.567924082792262652e+01
6.027629413249839274e+01
5.206516851381497446e+01
5.986951633816829599e+01
5.789906096227387167e+01
5.389427427110212676e+01
5.033970829491157417e+01
6.181783970050472021e+01
6.052628509530778445e+01
6.091305807162589758e+01
6.005940714499360666e+01
5.033912828332482547e+01
4.373531662520404950e+01
4.855090784119009584e+01
5.464859223834830004e+01
5.067882048913872950e+01
5.309936936805365804e+01
4.929019035372715507e+01
4.797421174423792678e+01
4.572755942152467412e+01
4.050807097179211524e+01
2.333895860819101742e+01
4.240753142950030963e+01
1.706594054637722024e+01
1.484754804757552371e+01
2.957834430902869016e+01
3.747108497841077224e+01
3.810592669655810738e+01
1.399953687670977764e+01
3.793282712201113327e+01
3.064145175130074250e+01
3.524417738625481178e+01
4.671134162842153614e+01
4.793084965834838584e+01
5.031388397924330746e+01
5.192736417178453223e+01
4.890272889687568636e+01
4.750441052640974249e+01
5.145310529228156327e+01
4.927427413852140603e+01
4.632293797704504357e+01
4.580084121700696187e+01
5.156335439907506668e+01
4.776608572925787399e+01
5.149940415470804567e+01
2.767603164385464964e+01
4.761648215166755449e+01
4.480213776911904233e+01
4.480211798198111239e+01
2.717245475462035031e+01
4.302027238214675009e+01
2.728761518834563304e+01
4.699421475149772220e+01
3.193453516693844207e+01
4.544573054379615940e+01
-4.376077157360224845e+00
-8.709139934806104932e+00
-6.494008102230351298e+00
-1.525215051605412953e+01
-8.190157750156833671e+00
-9.887352356436700518e+00
-1.499571877567172784e+01
-8.905997714016471889e+00
-1.059852887772801822e+01
-1.396546125578192132e+01
-1.142146358338310819e+01
-6.864680029894683067e+00
-1.130092836801168765e+01
-1.107405870766898026e+01
-1.499184978954940206e+01
-1.329947787147947835e+01
-1.073948521129852374e+01
-3.486715059931363658e+00
-6.599565663894316536e+00
-4.238724814080913617e-01
-2.579983103914413878e+00
-7.297176665033649812e+00
-3.382610107666744526e+00
-2.101192151220720561e+00
-8.812610285137756350e+00
-1.092541812621692543e+01
-2.443296178380219619e+00
-5.486037931284004632e-01
-4.334036739107334668e+00
-4.204410600751187665e+00
-3.710148416848744191e+00
-5.338039635892426915e+00
1.782909608141483915e+00
-3.515164853500781117e+00
-1.588310998106908789e+00
-7.491667136496110935e+00
5.472065294883359243e+00
-3.180191403164403852e+00
-2.361754469417766344e+00
1.301277971227079666e+00
2.799125960492801823e+00
5.126816851274184295e+00
-4.022059696584217470e+00
2.249711069479639336e-01
-8.918425507156342746e+00
6.823157019899019460e+00
5.517240319122476144e+00
2.558741285424352530e+00
3.003583260569848701e+00
-1.234079151347519110e-01
-2.675523526639146388e-01
-4.979216337121054714e+00
3.735429023626837264e+00
6.112559577448329895e-01
-4.127623955206448869e+00
-3.448433304441143932e+00
1.540590610477443168e+00
6.711707914423729271e+00
-3.296533276081170971e+00
-6.029687631047872642e+00
2.391526974581352771e+00
-5.916363613656987042e+00
5.784564264407475953e+00
7.692395441328141459e+00
-4.355186326022715271e+00
-1.994535087406165141e+00
5.236137009142298737e+00
-1.303368662681164025e+00
3.475685882230762580e+00
2.599665792279274301e-01
1.044019823738711494e+00
2.567227965551291735e+00
7.574161822059828353e+00
4.414646066084660703e+00
-1.598908427245465624e+01
-1.719657384622585283e+01
-1.804742171234621750e+01
-1.862558925034026913e+01
-1.249845229484384035e+01
-1.687774685390628093e+01
-1.762089831104132998e+01
-1.143809574076951208e+01
-1.521730398736879231e+01
-1.719962150764420272e+01
-1.386367245739536358e+01
-1.850614117529570990e+01
-1.231593534716834881e+01
-1.467042619975248563e+01
-1.596943375815629551e+01
-1.896686587112551337e+01
-1.818720788772481356e+01
-1.351788783584580678e+01
-1.456487695402941718e+01
-1.128480685089789581e+01
-1.607378337039593674e+01
-1.543422951704993373e+01
-1.241129066989445562e+01
-1.538474942854017158e+01
-9.827608343407018054e+00
-1.008185168346347815e+01
-9.777479406630545711e+00
-1.053873038378801752e+01
-1.294740007453533437e+01
-1.191037063578496991e+01
-1.203976822300151994e+01
-1.529286588983399575e+01
-1.282371367018106767e+01
-1.309684098308504474e+01
-1.146450723845914510e+01
-9.061260590623717803e+00
-9.739906584982978899e+00
-9.117719930484071256e+00
-8.608137574185033003e+00
-1.248958850871800053e+01
-9.068457286136972328e+00
-1.125343856909118934e+01
-8.519954552646716195e+00
-1.079959621089972366e+01
-5.459389780311927787e+00
-1.031437596786594568e+01
-7.168563488488364221e+00
-1.691061286338245928e+00
3.855936175521168074e+00
-2.533034396658678133e+00
1.504689047362456122e+00
6.365526846524115712e+00
2.192248936675757598e+00
-2.914505481181755453e+00
6.509102256404565523e+00
-4.151644448036776680e+00
2.055889522999028607e+00
2.563697338523937219e+00
2.267154633537446173e+00
1.055225321970341135e-01
5.876152707222962235e+00
2.024391768032389294e+00
2.862908783712696525e+00
-1.598853303253959357e+00
7.146867683372135183e+00
3.607549789921086880e+00
3.618461539304882013e+00
-2.820673093757830152e+00
1.598939257372927747e+00
-3.706776472075600459e+00
-3.398832355634535674e+00
-3.172027547445731011e-01
-1.083511198721370250e-01
3.102262207560951834e-01
-2.112444374929611790e+00
1.596259440396345486e+00
-2.990816226179646264e+00
2.159335905092393926e+00
-2.047502177942251755e+00
1.835760573860753420e+00
-2.105364797553873846e+00
1.843213412578490917e+00
2.028536295365130471e+00
-7.762246633280940333e-01
3.923641098254542214e-01
-8.033927208508698570e+00
1.529948491873307059e+00
-4.143850221586743210e+00
-8.450298891934204804e+00
-5.423045792167473067e+00
-4.909674449868871804e+00
-7.733922673381521395e-01
-3.953323581905008322e+00
-6.922936252864465345e+00
-6.820763376601409078e+00
-7.394957855756216780e+00
-5.714808154480677693e+00
-7.864035450380346681e-01
4.104081674028201121e+00
-4.276376959471190453e+00
3.576207925100894691e+00
1.736724870354630745e+00
-3.764876054137390238e+00
-4.601143459136932456e+00
-5.440517548682454185e-01
-1.244304248808054902e+00
4.826723064390792572e+00
-4.699240350107888986e+00
5.242879314427528747e+00
1.211757167340628660e+00
1.825376478187139551e+00
-3.815382322664681247e+00
2.641298679473232269e+00
-4.039504219923456318e+00
-3.670512377742880084e+00
2.252587919073925526e+00
4.559543939434985482e+00
-3.933893811034594457e+00
-1.620856578552210436e+01
5.610663714393393953e+00
-7.599836170824968207e+00
-1.220655825530876193e+01
-8.496424934254820371e+00
-1.538233991390302791e+01
-1.442629489213071992e+01
-1.225862558002663860e+00
-1.573434836905965639e+01
-1.650589192827033713e+01
-1.596478301023333657e+00
2.433306321409449247e+00
-7.288186268320257177e+00
-3.481614983372224970e+00
-4.817692632478358661e+00
-2.610111353298737669e+00
1.189235184359894504e+00
-7.599980639830008933e+00
-1.067643874946423210e+01
-9.479174362872361925e+00
9.344686158932130837e+00
-9.253407055092882416e+00
-5.322637370362569342e+00
3.427868434725880320e+00
-6.066249656835658755e+00
8.360100173196268969e+00
-5.327616114167492256e+00
5.159248511412455329e+00
-2.452416182800797095e+00
-2.530113706259857764e-01
-6.951530694965442514e+00
-9.401935826835815746e+00
3.170096717278675058e+01
3.421300187333937259e+01
1.492018278851233681e+01
2.118632333192138617e+01
2.801346144154730311e+01
3.586448359129709473e+01
1.426705297315408671e+01
2.583783716897313809e+01
2.789192807091014004e+01
2.296638427421469686e+01
2.085209073852965034e+01
1.897817487880795539e+01
3.272052354468576141e+01
2.256864610546305272e+01
1.309826536371363304e+01
2.048660898121371332e+01
1.608184756223814560e+01
2.578894430629920720e+01
1.132393171200574145e+01
3.079636034731641203e+01
2.619313229725210235e+01
3.153459181411728807e+01
2.546324140071828879e+01
2.539496756674397204e+01
1.648308410859601736e+01
2.996602393079750470e+01
2.208716430145997833e+01
-3.605615299135897622e+00
-2.479657507845831166e+00
-3.884001461950847833e+00
-4.320387153510759859e+00
1.536314580467608693e+01
-6.371263281842072246e-01
1.006618319985105714e+01
1.411400222332208543e+01
-2.938764079507405924e+00
7.954665674795866614e+00
-2.977981044259686350e+00
1.762247436973024328e+00
1.435161070380010351e+01
1.593720888753574449e+01
1.614418264127871794e+01
8.840539312123262050e+00
1.550936053244057433e+01
6.447753963914619746e+00
1.056168368178940575e+01
5.303536844488625945e+00
1.494288172401536130e+01
1.114279975595298744e+01
8.050754005378761846e+00
1.661700869155737337e+01
1.450243819434350279e+01
1.414551128896033561e+01
1.545780695151734108e+01
1.061765536365664531e+01
2.434389749348313359e+01
2.607552483437676116e+01
1.753055374178808989e+01
2.205234076815569466e+01
1.891059121823341727e+01
2.598951045244259461e+01
1.984020030345087449e+01
2.312018539406011897e+01
2.336758099418985779e+01
2.455177365286909819e+01
2.396164644344913697e+01
2.130777459908206950e+01
2.373678391973474078e+01
2.154385441066307649e+01
2.339838246049033899e+01
2.348531560070424007e+01
2.346599102778207779e+01
2.332682570012160639e+01
1.940661715945869759e+01
2.351163915516979230e+01
2.383581717031835012e+01
2.301509557832234165e+01
2.334471229657899016e+01
2.341658586777090534e+01
2.172624766019653464e+01
2.125219741950080632e+01
1.881303946143167138e+01
3.398610984022535320e+01
3.613169856460207541e+01
3.593836640469427124e+01
2.810398710587250193e+01
3.156710950761711842e+01
3.600534524464168129e+01
3.219717859571998986e+01
3.626645665759742343e+01
3.541037416974420182e+01
3.026746758835874118e+01
3.139724516688175271e+01
4.310193975449973891e+01
3.498855494779473219e+01
3.201341698304870675e+01
3.529552787459160612e+01
2.452000336009689718e+01
2.133830492802849932e+01
3.498638086885754461e+01
2.415180973284928001e+01
1.942388865708638335e+01
4.189578707534675317e+01
2.653184505545851124e+01
2.289234560540637631e+01
3.913480978810439836e+01
2.845196254333071550e+01
3.019255581851758308e+01
9.646385508875095383e+00
1.774060483621355644e+01
2.209422700518154414e+01
3.361841969817479736e+01
3.458951488958249598e+01
2.777991488203173986e+01
2.991303200528123440e+01
8.675167038648414319e+00
1.918795767758703619e+01
2.482080933235256737e+01
3.081374596678982947e+00
1.475737763337950526e+01
2.343416879001760833e+01
1.291150231257282321e+01
1.603417356473358524e+01
2.012890175379511604e+01
2.495540681550800954e+01
2.054631974765431934e+01
1.664026276562947260e+01
1.543280262538553060e+01
2.032499904869176888e+01
1.564875339973372625e+01
2.701702073334172027e+01
2.161501219100338389e+01
1.142298132318251547e+01
1.561791986476078620e+01
2.349745742197703890e+01
1.248771680445745069e+01
8.559254526763048432e+00
1.091541222192459770e+01
2.040170269777363288e+01
1.604617857258830682e+01
1.798278565514719674e+01
1.490018444869231651e+01
-3.087879139136695539e+00
3.165328310433467074e+00
4.254454134707325252e+00
1.324649372321002261e+01
4.276607321967270003e+00
7.436594988432243980e+00
-5.704231389426759335e+00
-1.059563330143231319e+01
-1.264773544103505731e+00
-1.832151281424136258e+01
1.219638991616057488e+00
2.951551377573347068e-01
-6.235250656288798154e+00
5.590236620719791993e+00
-9.912790376820241889e+00
-1.001709427735201707e+01
1.574871836574864847e+00
-1.266205133365220625e+01
-2.226759151789200430e+01
-3.575245942094674945e+00
-1.328223415494988657e+01
-4.675108428494361590e+00
-3.808680049893212072e+00
-1.768589445134402993e+01
-3.149982115987828024e+01
-1.417311206306552052e+01
-8.660297479373905816e+00
-2.758619977424038439e+01
-3.187945351753366907e+01
-1.249971907013317107e+01
-3.535914536534608743e+01
-1.160218823938132360e+01
-4.497321866188963213e+01
-3.500982323349148118e+01
-1.231853634438225598e+01
-3.931471184618882120e+01
-2.257434699249112242e+01
-7.624925354662728694e+00
-1.730685267297151597e+01
-4.347800836332794461e+01
-1.724916770403862287e+01
-1.840727983046680549e+01
-1.612838418925031903e+01
-3.601318271848055730e+01
-3.284300954275907714e+01
-4.519240442194848129e+01
-2.795828719277979602e+01
-1.546144437264835858e+01
-3.422540782355277145e+01
-2.998048448668907184e+01
-6.106660050251925043e+00
1.249389788362002207e+00
-7.007847358656604797e+00
-4.362078275833998475e+01
-3.251125632429820200e+01
-1.491278377345867412e+01
-4.109118628147950147e+00
-2.030963665762399728e+00
-2.665781794939374549e+01
-4.691838572126280127e+01
-2.980916794113925761e+01
-3.115541646804464193e+01
-2.240435237216839326e+01
-2.220970304446655774e+01
-3.276845382606447288e+01
-6.924686092577502450e+01
-7.874603624439899363e+01
-6.086052145009689696e+01
-6.372680187030709220e+01
-6.701151122956989070e+01
-5.722197495748553564e+01
-6.205460805314491779e+01
-5.777777792380000221e+01
-4.563672634281476093e+01
-6.093540873851948447e+01
-9.047535624790133113e+01
-8.762842201227883265e+01
-5.543108660622704065e+01
-8.325894106513842985e+01
-8.798205377534766569e+01
-5.562494362115276658e+01
-5.819955187033899335e+01
-7.599568935032830552e+01
-5.861769760572073551e+01
-8.552665394833624646e+01
-5.116863831583348343e+01
-4.866541172898036649e+01
-8.233864863964700476e+01
-8.982752178535973542e+01
-9.320631963549624288e+01
-6.820506657767494119e+01
-8.093274538554359765e+01
-4.972694077880894525e+01
3.944929784372721571e+01
3.312301820561763321e+01
2.319520405149644304e+01
1.532258730178099171e+01
2.417998548675592474e+01
1.887505409176634785e+01
1.178500887267743380e+01
3.642375364665399928e+01
3.270203810881878326e+01
4.095651627443228904e+01
3.986960543404626378e+01
4.402766491794307058e+01
3.249001060964143051e+01
1.880460713728793820e+01
3.493835794367561220e+01
3.812037923308513854e+01
4.495962332642902481e+01
4.482040915353818633e+01
3.959387520337727295e+01
2.357389147789540118e+01
3.441457831235545939e+01
3.692566925298872604e+01
3.885782707500614208e+01
2.240747198903046211e+01
-3.039744348070085067e+01
-8.633704504946230429e+00
-3.743568849394327458e+01
-3.616013980978919307e+01
-1.325244376963042292e+01
-2.631618561318504490e+01
-4.107025265233064459e+01
-4.666490779295452285e+01
-2.083943016875055676e+01
1.882921783966708063e+00
-2.273818721410999544e+01
-2.685774822964695119e+01
-1.181207065579016557e+00
-2.935268222718576681e+01
-4.619435534182470349e+01
-2.896682846021703028e+01
-2.036772420432519937e+01
-2.024344117835083168e+00
-8.073173845129426596e+00
-2.091907704450755645e+01
-3.885060041423283650e+01
-2.780595465737007999e+01
-1.908889717398565722e+01
-7.259077279621553025e+00
4.353351978970607661e+00
-3.350839882917742329e+01
-1.453495421576452529e+01
-3.860980079634774853e-01
-1.605755625180596979e+01
-4.261090390462500466e+01
-3.786382950115765311e+01
-1.220326516291777708e+01
-2.160321277057197520e+01
-4.552089997903462404e+01
-4.287109752540273178e+01
-2.378999486595422752e+01
-1.855046112378684597e+01
-4.220579479190389094e+01
-4.090232030480254366e+01
-6.939422302449253266e+01
-7.654189120220225107e+01
-5.086243073557056960e+01
-9.139008386275335738e+01
-6.005782002383009655e+01
-9.150521613881298322e+01
-5.375214914470852534e+01
-8.414566420662941937e+01
-7.454339238008165580e+01
-8.388222566278085424e+01
-6.702857002157323052e+01
-9.175702643838111783e+01
-8.496114331167663636e+01
-7.259386605959306848e+01
-5.035042045770306629e+01
-8.542526809206685812e+01
-5.461640205302587958e+01
-6.236693187360354784e+01
-8.533027554996776587e+01
-9.279974678963179713e+01
-9.147357398605788603e+01
-5.214676571036424235e+01
-8.406254440776292824e+01
-6.585090077125339292e+01
-7.431001054390807781e+01
-9.962631542223840597e+01
-1.186689577499645623e+02
-1.011181659830316875e+02
-1.041954557771478846e+02
-1.169954000073163911e+02
-1.111437369994559674e+02
-1.020765737062500449e+02
-1.198434963380191647e+02
-1.152669955761441969e+02
-1.122380188442987929e+02
-1.001990571221901973e+02
-1.046460458500272921e+02
-1.053950645962213457e+02
-1.005260626129268928e+02
-1.183871165601210862e+02
-1.067251370036780997e+02
-1.103675307359646496e+02
-9.733574607315965466e+01
-1.187297615715485790e+02
-1.145697607949254575e+02
-1.243766334370943696e+02
-1.255149000966685264e+02
-1.221610829819012167e+02
-1.236416753659154608e+02
-1.249688163371013729e+02
-1.253454086015548796e+02
-1.254492044319239596e+02
-1.251416986587111637e+02
-1.222518108670727628e+02
-1.246318864151681396e+02
-1.257805018071119036e+02
-1.262680246887325950e+02
-1.235886729155726869e+02
-1.241898611580635503e+02
-1.259668855514003667e+02
-1.244828414831264496e+02
-1.248605304103985816e+02
-1.256004424211934918e+02
-1.245907702787978479e+02
-1.238030375919601909e+02
-1.216040474450527711e+02
-1.241287097701938649e+02
-1.256165357925239618e+02
-1.258270422175982901e+02
-1.235163979665245364e+02
-1.239874559246657668e+02
-1.247462505881998851e+02
-1.246665703970754322e+02
-1.226377271875016675e+02
-1.242616154660036614e+02
-1.107820649435109885e+02
-1.099161882345550083e+02
-1.079535990275248025e+02
-1.212949461675946168e+02
-1.035464747923658422e+02
-1.074421985501112431e+02
-1.203406932418487827e+02
-1.175006868477632622e+02
-1.047581867591726592e+02
-1.208657963774673476e+02
-1.148059463504536524e+02
-1.109956676560113209e+02
-1.053209045629193810e+02
-1.001062005276709641e+02
-1.223347648554144484e+02
-1.209490622198138965e+02
-1.139770536004374435e+02
-1.040253067577898776e+02
-1.109467697629648342e+02
-1.040992218675705772e+02
-1.195694774700589846e+02
-1.092800161355442867e+02
-1.122128203595001708e+02
-1.188549069313653490e+02
-1.180172454613801563e+02
-1.212196851789070564e+02
-1.239608052314375755e+02
-1.139335198699909313e+02
-1.042439934534691020e+02
-1.229477980259455165e+02
-1.055756404122547423e+02
-1.153063855355152896e+02
-9.728871495007246040e+01
-9.450857258731363686e+01
-1.189032788783868710e+02
-1.209364329416554540e+02
-9.892210724840312253e+01
-1.142965642344091890e+02
-1.180493704483714197e+02
-1.178083778617008477e+02
-1.191987723203744451e+02
-1.033409895865966348e+02
-9.735275361529454585e+01
-1.034284921266750530e+02
-1.071803852088576718e+02
-1.008281239022030888e+02
-1.140161956948059583e+02
-1.159534425038937400e+02
-9.644440882680565608e+01
-9.685031328788093674e+01
-1.168483300618618728e+02
-1.141328895938670769e+02
-1.006129144198647225e+02
-1.148117993572290629e+02
-9.925738275647788100e+01
-1.234823456524673730e+02
-1.101562225415531060e+02
-1.138368330789040641e+02
-1.066561600380495065e+02
-1.175108924133331669e+02
-1.211038729929043143e+02
-1.204809466672253677e+02
-1.174734426941581518e+02
-9.638724301282171325e+01
-1.174219096651487462e+02
-1.165956972671010448e+02
-1.170825887581083009e+02
-1.115317016956821305e+02
-9.851507972307513228e+01
-1.211739305819039032e+02
-1.147815945234128208e+02
-1.123455883179483124e+02
-8.772298932846851471e+01
-1.161539980828339651e+02
-1.072025059373656859e+02
-1.125985557671131403e+02
-1.128675282421308452e+02
-1.119090886531118372e+02
-1.045907642954773280e+02
-8.027407884673797867e+01
-9.749438691738386353e+01
-1.073858903171621790e+02
-1.094567614400197044e+02
-1.018707606842634732e+02
-7.808749185856878228e+01
-1.078582370190080155e+02
2.936962576200538422e+01
4.522751389202759498e+01
4.503685926161219300e+01
1.857151751158841790e+01
4.165677716603407532e+01
2.711591596095197065e+00
3.078889893100613051e+01
6.733210283978493749e+00
2.818769922161976638e+01
4.102542242217891300e+01
1.288539264550666452e+01
1.962472184027484801e+00
3.954577378442100155e+01
8.205361059452812356e+00
2.605874411840203919e+01
2.369158653533680337e+01
1.248381412685542813e+00
4.527147695082298640e+00
6.430794657246428514e+00
2.242119387378108541e+01
1.881069407719893505e+01
3.684321962134744410e+01
3.585534948820543377e+01
-2.998726091370255986e+01
-2.013792286926036113e+01
-2.217623397897725823e+01
-9.807617545024395866e+00
-3.757108610361108703e+01
-1.112961470841296752e+01
-3.165098994171840374e+01
-3.170917749545834141e+01
-1.371909136540186047e+01
-1.266299669296282104e+01
-1.042186135402603497e+01
-5.705158181131395168e+00
-2.206966736652834626e+01
-2.894319695529247483e+01
-3.107376713442712912e+01
-4.531871635021649780e+01
1.661853171521432415e-02
6.844261715740342922e-01
-2.026815956783804751e+01
-1.552179154443294706e+01
-2.815737074734073531e+01
-3.021466470069523069e+00
-8.140913132241866634e+00
-6.781418027439925389e+00
-1.261523945709972949e+01
-4.741760121632501779e+01
-3.451967110891592938e+01
-3.653682707459297063e+01
-3.634104879704922553e+01
-8.544322197142176378e+01
-5.165953673655393175e+01
-5.737834737487983006e+01
-7.510774335891865405e+01
-8.512610536399949979e+01
-7.787062898321246962e+01
-8.408108318363912304e+01
-8.437851184188093612e+01
-8.034263364747774006e+01
-8.224780586528716242e+01
-7.223527428082172719e+01
-8.193982016296089910e+01
-8.424990220317081935e+01
-6.426630942580331407e+01
-8.399828844326086141e+01
-7.899617660115275442e+01
-8.045590930780909389e+01
-6.744739582092135777e+01
-5.772163313957105402e+01
-6.334883768572555596e+01
-6.193063196092442979e+01
-6.130007786076505027e+01
-6.143047237242097935e+01
-8.127034761473817071e+01
-5.949571110626723680e+01
-5.116059338606904561e+01
-8.056997225509064720e+01
-5.008336393614625592e+01
-6.131632049255961192e+01
-8.097857901308668716e+01
-2.474541890000340771e+01
3.041524977340496605e+01
-2.480309510015784369e+00
1.744092948680454924e+01
2.889069184140009483e+01
-1.942498586094009738e+01
2.928114481316745810e+01
2.455657070139840314e+01
-1.883769564238309613e+01
1.189559935933858625e+01
-7.431063418445891244e+00
-2.377567015354509650e+00
1.894555380768997210e+01
2.284238118782290883e+01
4.781168912416756456e+00
-1.703601141482380399e+01
1.503504973901839215e+01
-2.019959411159174323e+01
2.184299565264322496e+01
-3.178736770320821137e+01
-2.689079961555892595e+01
6.581587908157482403e+00
-2.235771819968414320e+01
-2.408153242237463587e+01
5.091628097728325031e+00
1.976593979749171126e+01
1.214532709343475503e+01
-2.024269320900781821e+01
-1.675920267130378249e+01
1.317666147091092199e+00
1.480331285444940015e+01
1.238709629686544034e+01
-1.813912413079191310e+01
-7.351981252451101057e+01
-6.773541116869897394e+01
-4.927843337251832878e+01
-6.823211329810672510e+01
-4.497776570910614424e+01
-7.499535592350324009e+01
-3.525925069140173207e+01
-2.809316669957770074e+01
-5.229000793685622739e+01
-6.125101862423523613e+01
-7.364790073369313461e+01
-6.572201837854711926e+01
-2.999128967556586289e+01
-6.905722358803319594e+01
-7.739619644949482336e+01
-5.525219780155713067e+01
-5.941082320974022934e+01
-6.870558600144293848e+01
-3.740236210965313290e+01
-7.418596020671020597e+01
-7.261998849310265314e+01
-3.773873886080673401e+01
-4.493489937280868673e+01
-3.333223345465897580e+01
-5.114752974406079034e+01
-5.067980446688252982e+01
-6.817802229216280807e+01
-3.524283665293064161e+01
-6.221712453089843109e+01
-3.356445162381328373e+01
-5.096293548073774105e+01
-9.582781736472544765e+01
-9.463837112886494651e+01
-9.613606024534176697e+01
-9.376933529048984894e+01
-9.729721123785536463e+01
-8.865969947318734512e+01
-9.402417574258689115e+01
-8.585215109969347225e+01
-9.931110399634040675e+01
-9.865199658612924338e+01
-9.419914258130027918e+01
-8.702375245953514593e+01
-9.019877860835769923e+01
-8.653194803859010165e+01
-8.700092445900423854e+01
-8.752409622707827452e+01
-8.865615947660624840e+01
-8.877893377066878600e+01
-9.188444184446784391e+01
-8.460705576792025795e+01
-8.809163806021989274e+01
-8.893877703247324007e+01
-8.018315990154766837e+01
-8.252312853806306236e+01
-8.636472347828390639e+01
-8.440366388747342796e+01
-7.211164382737490541e+01
-8.252519254686647798e+01
-8.785725326160675763e+01
-5.833976401552207847e+01
-9.382742915020212138e+01
-8.410280767287616754e+01
-6.044628377846345302e+01
-5.773187037751625894e+01
-5.553739621809795324e+01
-7.813496976780039915e+01
-8.677662371551663512e+01
-7.694160809167647130e+01
-7.332584130133248834e+01
-6.210524806380067275e+01
-5.392010574605291140e+01
-4.110401981982322184e+01
-6.632233977681454462e+01
-7.232165927194745336e+01
-8.431990399126701163e+01
-8.909790454133553794e+01
-6.137186821858773556e+01
-8.004512528919460124e+01
-6.810527366952797479e+01
-6.104974633647330506e+01
-7.138706717040025751e+01
-7.977814098535309029e+01
-7.999740911569982416e+01
-7.819465314823673907e+01
-7.987162243842811904e+01
-7.967563871879515602e+01
-8.236000501616742042e+01
-7.970946275908882228e+01
-7.598903467051428606e+01
-7.857359068897652321e+01
-8.536378796587457884e+01
-7.762398236293103082e+01
-7.592997765113693731e+01
-7.635009966595627873e+01
-7.349654364008786445e+01
-7.380943915850362202e+01
-7.413682404421686556e+01
-7.554230942019218276e+01
-7.472314984610939348e+01
-7.122210517371665617e+01
-7.327183282314783241e+01
-7.448371197590306281e+01
-7.359028421173731260e+01
-7.498699225678078051e+01
-7.404940200511104820e+01
-7.543216268514896683e+01
-7.577191676034193790e+01
-6.839005797860602343e+01
-5.638369401913912782e+01
-7.654937846435657889e+01
-6.910832873641243168e+01
-3.917494169498041856e+01
-6.204998415558384295e+01
-3.530680679270758304e+01
-7.529397347479742564e+01
-3.304614909282456381e+01
-3.222023065192865943e+01
-7.432711227785900121e+01
-7.170312491664796539e+01
-5.493715032866727910e+01
-4.429086943118359443e+01
-4.551602378009858541e+01
-6.012711010984681792e+01
-3.947909209200316383e+01
-6.683500325201211467e+01
-5.351032440973928317e+01
-3.648851210805737111e+01
-6.271131926121336164e+01
-3.572550776519137372e+01
-4.741037907525712569e+01
-3.301806263853387691e+01
-4.269103495866495024e+01
6.556159717005909826e+00
9.398105859941402684e+00
-5.416658724064030039e+00
-2.000406783981325987e+00
1.517431915693247468e+01
-4.488239599191192752e-01
-5.348618899210823230e+00
1.580673145725127071e+01
1.041974659028794470e+01
1.283069795884325437e+01
-2.051209215897369376e+00
1.750719362084231534e+01
-8.418699865398181714e+00
-6.848617839261210705e+00
-2.210796720154321449e+01
4.253934311319186534e+00
-1.803962302379976279e+01
-1.698838900016785303e+01
-8.947399223138852165e+00
-2.696596765410541252e+01
-7.959751731409882680e+00
-2.026262480890694917e+01
-1.378506256409250597e+01
-2.142773021691192881e+00
-1.890792266422790391e+01
-2.050623864127572915e+01
4.694512328197948392e+00
-6.151352435357040349e-01
-6.134179420835710772e+00
-1.953788780835564154e+01
5.384324447061142216e+00
-3.732801169060489599e+01
-3.063928314938981146e+01
-3.343145897846666514e+01
-4.442373546919116478e+01
-3.180181002197962670e+01
-4.474108545378558688e+01
-2.280124886836111031e+01
-3.347069779997479344e+01
-3.087079759824387182e+01
-2.219456305602960100e+01
-3.254822697915438567e+01
-1.746200055195438949e+01
-3.634100891490439267e+01
-4.044047558708409440e+01
-3.290817509100146054e+01
-3.115501617453340799e+01
-4.832596725939929172e+01
-3.464715740687320533e+01
-2.728889895834905488e+01
-4.637507072207637293e+01
-4.086321876336977255e+01
-3.386386467304387793e+01
-2.656505490965742666e+01
-3.159750260709797587e+01
-4.506470343603270834e+01
-4.232643678054905934e+01
-5.019927135066318158e+01
-4.434846755891358328e+01
-5.257782236531204489e+01
-3.249178315821570351e-01
8.175316578450271265e-01
-3.047870861031551470e+00
-1.993808708922374962e+01
-2.616891822417908031e+01
-2.234033177799807390e+01
-1.022672006121794652e+01
-1.748429364438572264e+01
-1.403418247042576894e+01
-3.109549992574627453e+01
-2.221183076664553369e+01
-5.381545269544231402e+00
-2.288261853076273056e+00
-6.485503684100994093e+00
-1.713561951013186757e+01
-2.384722264701465377e+01
-1.272358703094030830e+01
-2.802814775176894457e+01
-1.053362177548277145e+01
-1.935289711200796603e+01
-1.331100066289210382e+01
-2.094365364636640336e+01
-3.140466907265238916e+01
-2.582154447725156032e+01
-1.011953038584726805e+01
-2.326538527334616546e+01
-2.729693572778499799e+01
-2.457648912670049413e+01
-3.340861522308515674e+01
-8.562170481236758945e+00
-3.289337162803472125e+01
-2.763185949910550221e+01
-1.885436209336866398e+01
-1.541575039805548464e+01
-2.174968499170287828e+01
-2.737235336027303489e+01
-2.379644928942493465e+01
-3.197787354822585471e+01
-2.229840669787688512e+01
-3.781641888018553743e+01
-3.505813522183071029e+01
-2.102121581268138328e+01
-1.992599517357830052e+01
-2.743389464817954249e+01
-4.731431124160533130e+01
-5.097494787148988848e+01
-5.481223087585377129e+01
-4.957797997184269434e+01
-3.239542102063217044e+01
-3.265729567957027513e+01
-4.690769164757432463e+01
-3.465440193094951127e+01
-4.669138725227723796e+01
-3.942663569251480737e+01
-4.755484215250025670e+01
-4.465815822122221590e+01
-4.061368852747233404e+01
-4.905710685010139116e+01
-4.984320123619164633e+01
-3.439407560055519752e+01
-4.375597793727197882e+01
-3.723539752306556494e+01
-5.712835096898184872e+01
-5.315795775072736973e+01
-4.759404494204400038e+01
-4.693466839073104779e+01
-4.477831423924468623e+01
-3.968991414834410136e+01
-4.851113655694705074e+01
-5.075130045203214024e+01
-4.081861205383115276e+01
-5.326247119634860638e+01
-5.145367343775832580e+01
-2.632942200483171291e+01
-1.500447380421386612e+01
-3.339484864800781594e+01
-3.349718980791307388e+01
-2.354994595912442890e+01
-2.256985000507075156e+01
-3.085201845229885365e+01
-3.463367749940234575e+01
-3.643932211315705416e+01
-3.407582991353508106e+01
-2.355830798017699834e+01
-3.593132135980317798e+01
-2.653675644634343200e+01
-4.735144489021722336e+01
-3.117857976181202417e+01
-4.737692079352036956e+01
-2.682674615436910770e+01
-2.202071347879954999e+01
-3.387222486504572316e+01
-4.647966530529924256e+01
-3.478451932301115335e+01
-2.511069075502506820e+01
-3.846946389927089882e+01
-2.845091800591858444e+01
-4.282242703175334952e+01
-2.912017032435296926e+01
-2.130857691641912766e+01
-4.040890905985893511e+01
-4.995834933069229322e+01
-5.640618194486593495e+01
-4.765429243908165091e+01
-5.755409563763218017e+01
-4.320229893070361982e+01
-5.085537099436086805e+01
-5.437664809345393735e+01
-4.628315461169844980e+01
-5.841127563938051281e+01
-5.693377200331818955e+01
-5.700447106529969687e+01
-4.304502251712106897e+01
-5.230902202394897671e+01
-5.330149031758967482e+01
-5.942918343837044404e+01
-5.406539403527528265e+01
-6.061686128847683364e+01
-5.965503027341786435e+01
-6.116534383133159025e+01
-6.062395309268188015e+01
-5.118861089662321007e+01
-5.837933209830978853e+01
-5.688290259783696001e+01
-5.829624017725947027e+01
-6.036051697651948444e+01
-6.740620901481005944e+01
-5.272325490694636585e+01
-6.656219940604867702e+01
-6.915966443629858418e+01
-5.679951837487152488e+01
-6.257730117978309181e+01
-7.012862241110872219e+01
-6.540818825051124463e+01
-5.288712638136742328e+01
-6.460770565855386849e+01
-6.568797442014648880e+01
-5.947905578164462526e+01
-5.958571672467791558e+01
-6.427627780771771882e+01
-6.455945306128407424e+01
-6.491372489271077484e+01
-5.913221905895173336e+01
-5.910891793202171129e+01
-6.024962632628320591e+01
-5.857701123233901797e+01
-5.996832411757359438e+01
-6.380286026490895068e+01
-6.039330316383414043e+01
-6.360460250359965073e+01
-5.875711560953103429e+01
-6.266511642036145702e+01
-6.400869033967899213e+01
-6.023514905161129462e+01
-6.211304749437363171e+01
-6.502351864029867556e+01
-6.679882198465848830e+01
-7.012705274601692906e+01
-7.142816380485490413e+01
-6.870873720784115335e+01
-7.282515222845954384e+01
-6.966542120139907013e+01
-7.109218477028095151e+01
-7.105305183686803616e+01
-6.985685661508102839e+01
-6.979360057446686483e+01
-7.078276808172657297e+01
-7.102410564311742291e+01
-6.728867212427725519e+01
-6.356241451617799498e+01
-6.473419237396495873e+01
-6.383098984116277563e+01
-5.505030840428141659e+01
-5.978879303470464635e+01
-5.885355844077224674e+01
-6.581715952771040179e+01
-6.660049598635148982e+01
-6.011905935258218392e+01
-6.328618000181072034e+01
-6.622325600119674505e+01
-6.274758740055846573e+01
-5.812483295085686308e+01
-6.227531382775234192e+01
-6.231499292892684139e+01
-6.218836655445957007e+01
-5.811297933035462648e+01
-6.091401132146807385e+01
-6.108787755766665128e+01
-6.265302944822471432e+01
-6.146826616525984832e+01
-6.014662724490838741e+01
-6.184068536041301201e+01
-6.193003720890850161e+01
-6.314560774540782973e+01
-6.315028820560598888e+01
-6.318237745121770388e+01
-6.226467488984997090e+01
-6.167523918506383751e+01
-5.995293410717521709e+01
-6.254391515509149713e+01
-6.028507563823855264e+01
-6.211336086348540420e+01
-6.203607769674677286e+01
-6.150509598860375604e+01
-6.222317861465334232e+01
-5.863250648052179059e+01
-5.273081024161501773e+01
-5.051226959325126842e+01
-6.037462712270460941e+01
-5.105646236216538369e+01
-5.833066773709722952e+01
-5.971492304572596055e+01
-5.772853258527117504e+01
-5.996378104836376366e+01
-5.151967309033276621e+01
-4.874196405512384445e+01
-5.977729951924892049e+01
-5.388473414705280362e+01
-6.257726997631542076e+01
-6.167823372512411595e+01
-5.339664639162167958e+01
-5.480503986100172398e+01
-4.516536126521689454e+01
-5.846760400536878421e+01
-5.653243658846962916e+01
-4.916600216676397395e+01
-4.913232732525673896e+01
-5.381109536421337936e+01
-4.649344844722179459e+01
-5.743174225506867714e+01
-4.612278195945476966e+01
-4.947724599552104507e+01
-5.151340767186687231e+01
-4.413915580940355454e+01
-4.980091097815750345e+01
-6.235060313418026112e+01
-5.634453117662916100e+01
-6.364127616797635056e+01
-5.934239499254694294e+01
-4.842749583363151800e+01
-5.839830365711486593e+01
-6.513383768190652745e+01
-5.116033225702661724e+01
-5.136955244111122454e+01
-6.301429479075007123e+01
-5.599756987469117320e+01
-6.180675549938487734e+01
-4.368823696581456062e+01
-7.126788238704409650e+01
-5.516841899528953519e+01
-4.563201567288960092e+01
-3.558616828883442196e+01
-4.530696060561839289e+01
-3.773890491147101756e+01
-4.129081542960834383e+01
-3.867461529185137437e+01
-4.331353237717691229e+01
-5.557686383695591559e+01
-4.552160639166682898e+01
-4.264981843789064442e+01
-3.983933432910009742e+01
-2.419714597646199294e+01
-1.610859421084663978e+01
-1.722006733378541909e+01
-3.915094664041349404e+01
-2.520425883374078069e+01
-3.066461416238806947e+01
-3.591007259954069042e+01
-1.844095597170042566e+01
-3.619421873686031432e+01
-1.571765197599419395e+01
-1.319426765747379093e+01
-4.062819698792970513e+01
-3.105878569230180375e+01
-3.368463273619676102e+01
-1.547903868353678014e+01
-1.684359493066488511e+01
-2.518828396283043247e+01
-2.940150940853454742e+01
-6.759203342461806763e+00
-2.239674757147204787e+01
-1.156332870841103322e+01
-5.019345717162377873e+00
-3.885118995548559440e+01
-2.972357764581009576e+01
-6.417587008035079421e+00
-4.534092682696535981e+00
-3.740766925930336129e+01
-2.241944580390567765e+01
-1.745908606983249811e+01
-1.556606753056723846e+01
-2.704506936822026830e+01
-2.464942546854133809e+01
-8.285675221067435814e+00
-1.062523027322384017e+01
-1.055846039666577418e+00
-8.756774210269895775e+00
-6.818110249591409655e+00
-2.532269059328232075e+01
-2.609752038321544632e+01
-2.139967620354715194e+01
-2.569927729613313971e+01
-2.081744351295527551e+01
8.958928840872015797e-02
7.661582914152393897e-01
-3.039733135947879816e+01
-4.737791531741384787e+00
-3.192568322126484404e+01
-2.009227846452338540e+01
-2.306411942735086740e+01
-1.727524502393983497e+01
-1.870443856949588834e+01
-1.907943374961363503e+01
-8.937996506589053425e+00
-8.295444673832804483e+00
-2.903357508924651142e+01
-2.164675300406370795e+01
-1.982794200789406602e+01
-2.713641331647644961e+01
-2.651683252850346406e+01
-1.488468219026431072e+01
-1.447161289220221647e+01
-7.048440628809129471e-01
-4.493018234486707563e+00
-1.547946557695467540e+01
-1.240997195358158578e+01
-9.930121727069646909e+00
-3.478688531585344190e+00
-2.782638378195633866e+00
-5.546359177704507815e+00
-1.425643055865780440e+01
-6.468524839096895462e+00
1.715868154431764658e+00
-1.963541539132139135e+01
8.538666959799066092e+00
-3.807416289091144712e+00
-1.385827422121966634e+01
-1.357516578550194453e+01
-3.346539568058440217e+00
-1.660775600195674429e+01
-1.452099256751131762e+01
3.044325333769170694e+00
7.374979935397778519e+00
-4.048947009518482076e+00
-9.862570079694721326e-01
-2.088095725445140438e+00
7.206989108508555120e+00
-1.279595735141873636e+00
-1.141847453021443037e+01
7.022691763595904746e+00
8.614345174192788335e+00
-3.286698985012526109e-02
8.160718709882107902e+00
-4.354347869977614138e+00
4.569420359900590256e+00
4.487966214449844671e+00
1.420403264867661441e+01
1.733569334364739589e-01
1.085407259475094932e+01
1.625461085558736585e+01
1.047108843481110085e+01
1.237033548104349734e+01
1.037821640213910612e+01
2.141025529047191789e+00
2.730101492673489005e+01
1.709189237684002904e+01
1.299873600158878162e+01
3.205090050463822138e+01
5.650591914955584549e+00
3.603015529859184340e+01
7.483084940716110189e+00
1.958883064457210565e+01
2.265898488959656021e+01
8.817452838460438258e+00
2.906761517718627630e+01
-4.590023929333232999e+00
-6.455992767373001762e+00
3.431659242874870452e-01
-5.372251081510865944e+00
-1.303508699235741197e+00
-6.540747900988122865e+00
-2.373492523126967679e+00
-2.072475137058456873e+00
-8.390683815483499508e-01
-8.003176399708115341e+00
-5.029987069539754607e+00
-3.536324716599982931e+00
-6.791578086597611641e-01
-3.619661428120886981e+00
5.207394026661915643e-01
-5.701188725919044131e+00
-5.161455976376163601e-01
6.844071402729409392e+00
-4.032833762929046273e+00
2.200441170765176313e+00
1.203834790136054211e+00
-8.106347889114479344e+00
3.428366908804219015e-01
-8.575692321700101317e+00
-7.740182275339261508e+00
5.335890269773750916e+00
-8.104414001359194764e-02
6.638792510739200958e-01
-6.358752300034902660e+00
-7.796118524487654078e+00
-4.262723423886524365e+00
2.852160951402922251e+00
-6.753172160134370827e+00
-5.145066566907376071e+00
-8.218082271304224307e+00
-4.963551218083244621e+00
2.150702233236484240e+00
7.916521251978753781e+00
5.901323169849201022e+00
1.589532741963165297e+00
-3.158810599900825355e+00
-2.678428010223114608e+00
-3.664925284153378371e+00
7.639299466499185343e+00
6.902700017876531646e+00
-5.600092808229290675e+00
-4.825438473524777727e+00
-1.995985760942834863e+00
-4.626553012472871984e+00
-5.774494987601091367e+00
-1.427205520790675086e+00
3.022773520405482195e+00
-2.305796066505450437e+00
4.896347346531666034e+00
-1.668248506142068877e+00
-8.412541829287677686e+00
-5.652530846882675597e+00
5.836606407063360535e-01
-2.604403626598722710e+00
3.532893024114394542e+00
-5.935342493885992887e+00
-5.949006165530003720e+00
-7.227283750008885121e+00
5.208595184233937303e-01
1.086227837283360032e-01
-6.642225213488974767e+00
-3.075587021013248989e+00
-4.386806926214122271e+00
-7.940485299703724742e+00
-5.182301530619805696e+00
3.410590183742327142e+00
-2.655278104469199985e+00
-1.468108524753529487e+00
1.282135930468102814e+01
1.702748745562204391e+01
1.386447445371899079e+01
1.004297238836324446e+01
4.785128661353630797e+00
1.724962026237332324e+01
7.608305626661035603e+00
1.635347514757231835e+01
1.742046863513650123e+01
7.166924775368917366e+00
1.669644867737527250e+01
2.340423035543526264e+00
1.105674572929459742e+01
2.427697247622140964e+01
2.654724817244801471e+01
2.017621268425542169e+01
2.587408670120336041e+01
1.588371081361059467e+01
1.697486416626983896e+01
2.165074054233173939e+01
2.376370592357370271e+01
2.120282269725591107e+01
2.277538126997739809e+01
1.472209441050758016e+01
2.189649561525576971e+01
1.814426521788461955e+01
2.743968565163473983e+01
2.204051145470332429e+01
2.227679809091370089e+01
3.053138616921766690e+00
9.890609026116905511e+00
-4.552175190129084115e+00
-4.619285558618934751e+00
-2.317138138348258103e+00
6.055074565438403056e+00
1.109640282119650934e+01
-1.601721321461466729e+00
-2.257354282248792643e+00
-4.017927798524842942e+00
-4.886764343029493141e+00
5.940979890631137295e-01
1.872660378757955257e+01
1.289566221442686711e+01
2.689480217078290991e+01
2.200887095979165764e+01
1.301763817217671360e+01
8.916098936348642923e+00
1.729110734485470857e+01
-6.749524167937082098e-02
2.262619336155562877e+01
1.095873254525828955e+01
2.756921779175878839e+01
9.942618933962403815e+00
9.247433241988680663e+00
1.053116457982256904e+01
1.322467852652221154e+01
2.020771754158631239e+01
2.204436561292349239e+01
2.181277722524786711e+01
1.362101507285420965e+01
1.808564766264301937e+01
1.418322580289048318e+01
1.303519087664300180e+01
2.156424098968594194e+01
1.270543716003798629e+01
1.105499556244136272e+01
1.103706555008785983e+01
2.147676822497069793e+01
2.004657015143767040e+01
1.296583832128918878e+01
2.154727261897563650e+01
1.060372028306446524e+01
8.781026634139973197e+00
7.447609928372449062e+00
2.087950781822560842e+01
2.097128749118978419e+01
2.323712517098311636e+01
9.608149639197719694e+00
8.358110123918480738e+00
2.048143624505735616e+00
2.263370468900108534e+01
1.972689821745199268e+01
1.327911630935382803e+01
1.887715480448203920e+00
1.196991968373938420e+01
2.283560416308147722e+01
1.580982053805876753e+01
2.583145162792943239e+01
2.478534192704668015e+01
2.341171436264201944e+01
2.496272820587609687e+01
2.573010331884129442e+01
2.532763555501127684e+01
2.413150878613181050e+01
2.331535389042546313e+01
2.497957272482423008e+01
2.364466254151371771e+01
2.565498315095983273e+01
2.574966532766538663e+01
2.574867698385521919e+01
2.302625038905800992e+01
2.460713738880489032e+01
2.232487647669739772e+01
2.150960264029714608e+01
2.116302716605822098e+01
2.502300001659052953e+01
2.431934407934161158e+01
2.588194061626872511e+01
2.459331623521065069e+01
2.284042681188095258e+01
2.250756654241992294e+01
2.092316306433790629e+01
2.494648143460759826e+01
2.101269184345661500e+01
2.395305891402866294e+01
2.229025963356897932e+01
1.233777248626697798e+00
2.934147474602307071e+00
6.386314857594902250e+00
4.395563246929919288e+00
1.962812854150916664e+00
3.749257556374649525e+00
1.064623425817779889e+01
6.683847022356559364e+00
7.399746031121368972e+00
1.924988204691416627e+00
-3.358103403855249525e+00
-1.723524554245317475e+00
-1.789451883270229970e+00
9.969024512005972838e+00
1.251562428620233192e+01
-2.796959279197531956e+00
2.056789366807596053e+00
1.137316648191085378e+01
2.777049349753319518e+00
2.072218211494242013e+00
-3.930820853063837106e+00
6.748429435555823197e+00
-7.519097579545130472e+00
-1.861588005354763098e+00
-1.579829178152484204e+01
1.067398811347150733e+01
-1.081823268091582335e+01
-9.235346669198087000e+00
-7.404388204183614874e+00
-9.887100499558135525e+00
-9.020354441200256090e+00
-1.047914592919821786e+01
-6.031129929316112026e+00
-4.459562526981985187e+00
-6.532566166534598651e+00
-4.771010790198745966e+00
1.158556154926605508e+01
1.133606467566949227e+01
9.882891047896634973e+00
1.961693076817850212e+01
1.651412823451550338e+01
1.786112600543742701e+01
1.912104850118114285e+01
2.046870802474113304e+01
1.939581928098059649e+01
1.871506844255237922e+01
-2.867401961905269303e+00
-2.769738507886243983e+00
8.856873764648189873e-01
1.085382384322064908e+01
3.189098308605071708e-01
-4.645579057433133485e-01
6.197288726232619283e+00
2.424191954083491751e+00
-5.046706760732678099e+00
1.083014325302151093e+01
-2.186864493178049429e+00
-1.546064388903588238e+01
-1.004294213560150340e+01
-1.379208584758736933e+01
-1.271005719049005123e+01
-2.103838035484608682e+01
-7.737351147368842774e+00
-1.023146521633728057e+01
-4.436114657784765214e+00
-2.352956762930683610e+01
-1.490669771585595527e+01
-1.028022749181416984e+01
-6.978107544836769094e+00
2.310583822437645907e+01
2.114509601444635578e+01
1.986018143080858067e+01
2.254666475554468619e+01
2.420159959423195772e+01
2.688119444339492858e+01
2.851115163977586064e+01
3.260287645891584418e+01
2.397037425435734903e+01
2.498140672855721789e+01
9.947494245282783254e+00
2.611530663664324692e+01
2.913780466286973336e+01
3.131040680874761506e+01
2.112976311650376360e+01
8.653432809485423149e+00
3.105977658660766494e+01
1.666869484840737670e+01
2.134307810367684866e+01
3.237287989170992830e+01
4.878118219210863415e+00
1.616322139069236385e+01
1.317974919301690306e+00
2.144793096307745728e+00
2.195195489063471683e+01
2.485514191283157004e+01
2.173256933349342290e+01
2.992887509498036991e+01
-3.583226333037528910e+00
7.506878815739423061e+00
2.112393422932319353e+01
6.533394937817672776e+00
2.342416563874706625e+01
1.659878076821585324e+01
3.346650728005768372e+01
3.408232762598763088e+01
3.285573845118619829e+01
3.377313171790543578e+01
2.138494480792135732e+01
2.088390897072984842e+01
3.457352020055500219e+01
2.857930034647401385e+01
3.111985611417066622e+01
3.613468283924903801e+01
3.566783396629648450e+01
4.249133050286113189e+01
4.153510840663948755e+01
3.641220801994313661e+01
3.673157661516983552e+01
3.822781268891038309e+01
3.750141478588860622e+01
3.885747551701946634e+01
3.668142064932711577e+01
4.065606849848845172e+01
3.808437904197673873e+01
3.645427253155611425e+01
3.985144563148668340e+01
3.656056294198715761e+01
3.258555286559757036e+01
3.524685937512769129e+01
4.340009886195026922e+01
4.455413457381887099e+01
4.369180733079812740e+01
4.026045126497400872e+01
3.564715419170728694e+01
4.428712911819523868e+01
3.219502452839692808e+01
3.283492100049205931e+01
4.086857936904497990e+01
-1.091409063183347250e+01
2.798687827979610354e+00
6.595349311511965462e-01
4.769700194614635791e+00
-5.212559939280999366e+00
1.377893654370956966e+01
-1.012196195378811403e+01
-8.768815390173134716e+00
-9.425258363274512163e+00
-5.817886444955433056e+00
-5.279021734353510631e-01
-1.283086793597192354e-01
-1.289412957607633992e+01
2.463309189547099098e+00
-1.757757743693467711e+00
-1.516639359455345648e+01
-2.258758218625937531e+01
-1.697261606218229701e+01
5.395739045086878960e+00
-9.306892528030779488e+00
-1.686346025850873431e+01
-2.970295104127792030e+01
-3.608043466672408073e+01
-2.115806188139436372e+01
-1.466488542673224060e+01
-2.073474220718798477e+01
-1.883058502069018658e+01
-1.634679192193304686e+01
-2.010444373129099915e+01
-3.020254389479069701e+01
-2.943759136364653628e+01
-8.095078654746949098e+00
2.141353383452847225e+01
2.916770633175723759e+01
4.248087201405141400e+01
2.069523308182225563e+01
3.968456548903746750e+01
3.709357245473283626e+01
3.427589367506778473e+01
4.058800022739765012e+01
1.566768940160238799e+01
1.189234874594107083e+01
3.750788561625900286e+01
1.998934061779385019e+01
2.685263508147259159e+01
1.586040163837141392e+01
3.949584230583026567e+01
1.197239325844284608e+01
2.928574193579735763e+01
-2.969530436170000343e+00
2.160646591333019018e+01
2.025090075278679436e+01
-1.856528088094631102e+00
-1.443608310194335864e+01
3.163744439465369851e+01
1.273093405270977563e+01
5.949030357244314615e+00
1.132775601674480725e+01
2.034794614757216280e+01
3.231937397849391402e+01
1.464677474087217846e+01
-1.431327446522852043e+00
1.155203731399116407e+01
2.380847737279394494e+01
6.793353041709462303e-01
3.517213629636755545e+00
1.148642773789078575e+01
-1.253914490086899569e+01
2.643799772955053839e+01
1.820451321286740409e+01
2.766925756922772450e+01
1.331699339232881663e+01
2.470025815771871081e+00
1.473248392516866545e+01
2.699522505236862102e+00
1.362028434908249430e+01
3.086339909700721407e+01
-1.155676949667769549e+01
3.254523196476861813e+01
3.251741800678323102e+01
1.300319205967717906e+01
2.078600374663144734e+01
3.722471210979299450e+00
4.054564636303910419e+01
2.691859684773960026e+01
4.123502036584442010e+01
1.712508638229694213e+01
4.059451555478487705e+01
1.964425181197848147e+01
2.453222926377680224e+01
4.064326899783805658e+01
3.853133611572761907e+01
5.929561616200446750e+00
1.739125251423648422e+01
4.295920066398157644e+01
2.036171119849099398e+01
-1.534293615512926223e+01
-1.731234705475849722e+01
-1.979951846110138547e+01
-3.196632895956233611e+01
-1.578867335516579828e+01
-3.712362873196622814e+01
-2.353372191311962780e+01
-1.398118250612686353e+01
-2.984169273147233525e+01
-1.796288918081345543e+01
-3.572688877603822277e+01
-3.005980661863184622e+01
-2.272357155464516509e+01
-1.896868837935183905e+01
-1.933156539427957910e+01
-2.637379507861480832e+01
-8.940869371122525777e+00
-2.686225808348093480e+01
-4.478515873481783416e+01
-3.362045074117014565e+01
-6.653424676198827825e+00
-1.015702894901447095e+01
-2.384173435649593742e+01
-2.879219116315266547e+01
-3.928524324127842959e+01
-3.306845931879004752e+01
-3.373689254931187520e+01
-4.774379708216992668e+01
-3.517498072514990071e+01
-1.826787591943507039e+01
-2.742809812493153032e+01
-2.675002868032303383e+01
-2.376474627484978441e+01
-4.206753750317948004e+01
-2.190363333019283942e+01
-2.388504144356261349e+01
5.835708375207159904e+00
-2.081937086947854709e+01
-2.243163450201831211e+01
-9.711401946378252603e+00
-2.368732142696157439e+01
-2.791325421527496076e+01
7.873385293653003991e+00
-2.043557515963942706e+01
5.999996234949893648e+00
1.502109680334010378e+01
1.763392595873287760e+01
2.425716497265874594e+01
3.443002043820428071e+01
4.196768982971630635e+01
3.466051228642623983e+01
2.381475315587398711e+01
3.710326585081730144e+01
4.009460466627934494e+01
3.362096154867455056e+01
4.241761382400959945e+01
3.809455667536911960e+01
3.675426492972247416e+01
2.316167667303087541e+01
2.381951902556627942e+01
4.270518660851313086e+01
4.048338264242821083e+01
2.744366608397874074e+01
3.803422774711621202e+01
3.358985723593222872e+01
3.551676734494436971e+01
3.594851998173859897e+01
2.975552121975802677e+01
3.317694904419865765e+01
3.106372797697676447e+01
3.795732975885395177e+01
3.568565764498292481e+01
3.164523794353381447e+01
3.284581497637189074e+01
3.771762433425848116e+01
1.995940813688739013e+01
5.004388901054442229e+00
2.268665060349918505e+01
2.667058130679109595e+01
1.207676429418771491e+01
-3.121771334712435575e+01
2.269026990286137746e+01
2.569835114566166823e+01
1.642104355450944198e+01
2.667020640438141399e+01
1.975814189260263021e+01
1.085381380039110688e+01
1.766824089652226348e+01
1.565586251442393895e+01
1.066255800148032939e+01
1.149988979490975538e+01
1.592566125998796878e+01
9.288547414100877475e+00
2.016197412495313301e+01
1.979682953319598937e+01
1.423426975885721824e+01
1.696262518555593246e+01
1.619275192483475934e+01
1.758316210762082221e+01
1.673839943374354533e+01
8.098686602701171466e+00
1.516388674937827474e+01
1.455270072522573876e+01
9.059205278118213300e+00
1.142109213243166010e+01
1.642119027377289342e+01
7.088750077619793366e+00
1.716053018788781870e+01
1.018428604387757375e+01
1.093444233934672205e+01
1.243885634036385923e+01
7.165738887694387493e+00
9.037872021424849578e+00
1.885588791483127835e+01
1.587272526389488903e+01
1.648307266034393948e+01
4.856991973247155592e+00
-8.038540101553689254e+00
-4.546805722126472382e+00
-9.603982849307581837e-01
-2.402839284386484309e+00
4.949453416139033557e+00
4.050496059869854726e+00
6.693017288347610894e+00
9.029520828597517035e-01
-2.074662307770380743e+00
3.393772609095902837e+00
6.022695290711223670e+00
2.578302224477846405e+00
-1.316167488048765044e+01
-4.574513878525968025e+00
2.971564737224326791e+00
-8.426733936711684692e+00
-9.770667241419999982e+00
2.736477774611079106e+00
-4.579770930337745405e+00
-6.082658826817100461e+00
-1.440403995424714978e+01
-1.163107318863680817e+01
-2.683595574996733291e+00
4.521790829574454662e+00
-1.161587468777613097e+00
-6.456063397623648115e+00
2.155681548388612256e+00
-3.134572423057944590e+00
1.285804239806829230e-01
-4.468650767970883564e+00
3.001025608455374805e+00
-1.019091675065414648e+00
-9.159161573336819018e+00
1.416937341080476287e+01
4.438119383198324996e+00
2.984135954667141988e+00
1.268611656107338703e+01
8.808292153742716124e+00
7.739824924516169879e+00
6.164072268713784553e+00
5.966865005577053793e+00
1.555797577595860481e+01
4.444038094467270383e+00
8.876715522842323125e+00
7.505976298155071724e+00
7.168130227900656237e+00
6.492986803474657620e+00
-7.926109394050838475e+00
1.634717286842074291e+00
3.446056958190776953e+00
-1.520907240861538412e+01
-1.203731443105878540e+00
-1.143574436485911328e+01
-2.169643872013248398e+01
-1.674487032306580048e+01
-1.100549164925985579e+01
-9.329114722440126073e+00
-3.643312498702837132e+00
1.739456892068014682e+00
-5.699694536360127017e-01
-1.930456662830804504e+01
-6.133423972360017018e-01
-2.483836021553340601e+00
-9.109601613484468174e+00
4.201739616998136917e+00
-1.143358998681989647e+00
-1.587458915000977200e+01
-1.669262527785201300e+01
-2.294278117256343563e+00
-2.495347101641593568e+00
-8.045423789869252218e+00
3.581450422645225729e+00
2.818833424322333414e+00
-2.547081426019204287e-01
-9.452668294244759295e-01
-2.192600665806361704e+00
-5.836329185623789328e+00
-8.971191102571731690e+00
-3.009584988437552511e+00
-7.893729177866816826e+00
-2.979392410631263033e-01
-1.872088991779584433e+00
-6.367658077968485486e+00
-9.942969228123073933e+00
-1.214225492874370005e+01
-3.771593789104191075e+00
-1.021971894008975923e+01
-1.238645616997058241e+01
-1.339320544322754358e+01
-1.220149648906228990e+01
-1.131048651975484276e+01
-8.697854973132432832e+00
-7.919717749634056503e+00
-3.492311634511622742e+00
-1.338217695218105519e+01
-1.308783852998937647e+01
-1.135765955344704992e+01
-1.138290149745484925e+01
-1.149123708037537739e+01
-1.671592646621825295e+01
-8.264969870384462070e+00
-1.118725912093319508e+01
-1.531641701975229886e+01
-1.072585488973825107e+01
-1.172740490073173802e+01
-1.265767276084331883e+01
-6.842556542357836946e+00
-1.160516093458129028e+01
-1.694157793030928616e+00
-1.336374832102073107e+01
-7.105273846347497368e+00
-9.951097323645123893e+00
-1.825748676803574710e+01
-1.771104822669723333e+01
-1.795776355664388291e+01
-1.295193675249625542e+01
-2.268697122027717583e+01
-1.488217465043363319e+01
-1.953090528329612141e+01
-1.881828761772411340e+01
-9.956279031386209510e+00
-1.334166249433453366e+01
-2.119991412721365265e+01
-2.246948133426502281e+01
-2.554908470296708956e+01
-9.678751012191700198e+00
-1.299506215219986771e+01
-2.611269112350737487e+01
-1.817741967582024643e+01
-3.191474831812765345e+01
-1.585088657252785538e+01
-1.518528641902675780e+01
-2.383792798721050588e+01
-2.055281304351046501e+01
-2.502752226525277379e+01
-2.755560411976058077e+01
-1.995715236118810054e+01
-1.770650907327672385e+01
-2.155188352912614391e+01
-3.027430553728994411e+01
-1.528678505776191443e+01
-1.456033834894148526e+01
-3.542458529318500382e+01
-2.486706490754779608e+01
-2.911739664699750563e+01
-1.878785658623649724e+01
-2.780300957151515107e+01
-1.927797349465580012e+01
-2.679583634231228118e+01
-1.619081013503170396e+01
-2.647281449098948514e+01
-2.010080362188212177e+01
-2.830040785887723231e+01
-1.576492871729363898e+01
-2.495148858593138286e+01
-2.255221524524644394e+01
-3.408244506848159006e+01
-4.126502616641279531e+01
-3.287588456068492349e+01
-4.709552741120859309e+01
-4.388490104539482672e+01
-3.863812213739878132e+01
-3.726420470160494602e+01
-4.299062902638923589e+01
-3.653989390703801377e+01
-2.991601931019149063e+01
-4.154996692178261952e+01
-3.334856708471696862e+01
-4.338402038527008386e+01
-4.753607632778001602e+01
-4.493901480525741476e+01
-5.145667980159025490e+01
-4.221370782250736653e+01
-4.967319485487218600e+01
-4.348033046610047592e+01
-4.371610127799304024e+01
-4.907697579427446044e+01
-4.603905677533899876e+01
-3.613424238610769379e+01
-4.813403291600246803e+01
-3.970644864144652786e+01
-4.509144412334677554e+01
-4.591727202129521146e+01
-1.891632028001285448e+01
-2.125030055064076606e+01
-2.505778210361188485e+01
-1.578753039626346144e+01
-2.240773375768504394e+01
-2.166579757673959961e+01
-2.369233092519530715e+01
-2.228451792651408425e+01
-2.437408138616344644e+01
-1.880056205963422045e+01
-1.509139758848469626e+01
-1.691612593153595867e+01
-2.330494527807015004e+01
-1.914292280831048032e+01
-1.937944595721565122e+01
-2.612847008614217259e+01
-1.340003807079067855e+01
-1.794856094322573625e+01
-1.617713721479009337e+01
-2.278231209967977833e+01
-2.054120602100115178e+01
-1.457112434418825941e+01
-2.067000773272897973e+01
-1.440259010650571625e+01
-1.631210133696721343e+01
-2.057169031864333419e+01
-1.534451779904451740e+01
-2.060080117826832691e+01
-2.260986435737847700e+01
-2.157203364142520741e+01
-1.514834536370468498e+01
-1.844666853879490276e+01
-2.355576699654853812e+01
-1.740950273535782955e+01
-1.920012840625187778e+01
-1.808361783800358324e+01
-1.650469372156162962e+01
-1.720089196815276367e+01
-1.441001528505789153e+01
-1.650183043313127484e+01
-1.448936630715439122e+01
-1.771371647325681309e+01
-1.453421923298928675e+01
-1.586359941273209273e+01
-1.496767440299587548e+01
-1.657365239408949975e+01
-1.826837908847386061e+01
-1.684964265207106138e+01
-2.958050196198765747e+01
-3.134889818099103564e+01
-2.903047502455702045e+01
-2.510094497101385258e+01
-3.911492596262878152e+01
-2.803683826953027847e+01
-3.434176693594274354e+01
-3.708256411029483246e+01
-3.218103122028541208e+01
-4.037930709242174743e+01
-2.790071978227194194e+01
-3.120773921234770398e+01
-3.210174840153020170e+01
-2.364568499305924476e+01
-2.506684979002308467e+01
-2.216874987616914083e+01
-2.607553429714070603e+01
-3.132944358942900465e+01
-2.537337842636933871e+01
-2.431783166079492986e+01
-2.399050140270879083e+01
-2.812395436476723631e+01
-2.233251041123742908e+01
-2.420404196277388564e+01
-2.057597792940341819e+01
-4.428516002225654091e+01
-4.606718368379624451e+01
-4.783458288083902232e+01
-4.262511195838598610e+01
-3.849036545615795291e+01
-4.897285016249365697e+01
-4.196656258884327428e+01
-4.772109142415801131e+01
-4.431048376838589320e+01
-4.334960162057650734e+01
-4.330036758437643130e+01
-3.195722652231352967e+01
-2.974024077117528719e+01
-3.248710931658649059e+01
-3.030374316712320137e+01
-3.609846892861332890e+01
-3.043192484088606520e+01
-3.169187840025084668e+01
-4.120928856612434288e+01
-3.266577546341005700e+01
-4.109436188238938570e+01
-3.856999787166884630e+01
-2.631039798997744228e+01
-3.819114598943070149e+01
-3.636458191252934569e+01
-3.111355838684686503e+01
-3.215510040365874289e+01
-5.971225431678661977e+01
-6.091826938997355256e+01
-5.251482501398902514e+01
-5.809345487570719513e+01
-5.757036831600338189e+01
-5.337421314311383469e+01
-5.217913439936005204e+01
-4.751065602340573690e+01
-5.735416998853486348e+01
-5.765098437890743810e+01
-5.354608195883712085e+01
-4.826201060247485941e+01
-6.034750267110450750e+01
-6.110836899954776413e+01
-5.425452963438134901e+01
-5.317589552008109166e+01
-5.951419353311467120e+01
-6.069090740212730140e+01
-5.282105347541084228e+01
-6.299001585583449980e+01
-6.353084843325982689e+01
-6.128752520470760601e+01
-5.599885669813997424e+01
-5.811641412990164213e+01
-5.555649970957665573e+01
-6.102627100002722216e+01
-6.086886894709996909e+01
-6.642127416253889294e+01
-6.491796948301504244e+01
-6.358206594553798396e+01
-6.336899993565506151e+01
-5.939099698433423669e+01
-6.046547602289417966e+01
-6.327266126458627582e+01
-6.014131343034425470e+01
-5.954352443858051913e+01
-6.523109582732004696e+01
-6.650752197617441652e+01
-6.457050504463785501e+01
-6.565977860426927748e+01
-6.655305892018003533e+01
-6.595685408449936915e+01
-6.571461001588707518e+01
-6.671492467000720694e+01
-6.563321446267667625e+01
-6.659743042881244435e+01
-6.669246422338966340e+01
-6.645896443356070904e+01
-6.525217767934647384e+01
-6.621062287201932861e+01
-6.466602657815538180e+01
-6.582944909141660617e+01
-6.681182536795309090e+01
-6.566604481103878754e+01
-6.226883553669168236e+01
-5.246121328061752820e+01
-5.435339123994747723e+01
-4.730090663129195150e+01
-5.441433606696153191e+01
-5.697892752456349541e+01
-5.559240926926140247e+01
-5.224972974104782963e+01
-5.210118276266942416e+01
-5.105201201562943680e+01
-4.889737672620388764e+01
-5.304833358112017550e+01
-4.911009917304613737e+01
-4.902751987442935189e+01
-3.839759072110786065e+01
-3.437441320704574821e+01
-4.972148258527231235e+01
-3.477389068738645506e+01
-4.219443304390516403e+01
-4.697991154169892525e+01
-3.215738854067124919e+01
-3.999347144893100392e+01
-3.555371046329194940e+01
-4.299892109455032596e+01
-4.919835906029391026e+01
-5.838862828848503028e+01
-6.073791283959220522e+01
-6.262862580196087947e+01
-5.531665988437818982e+01
-5.889832109567445428e+01
-6.351636673316793491e+01
-6.389136321832697263e+01
-6.124045955026522137e+01
-6.486496406023387351e+01
-5.730776940542570230e+01
-6.290693628772137913e+01
-6.406563630413081967e+01
-6.398322543128138307e+01
-6.102117875786494494e+01
-5.773648573871722789e+01
-5.964573022423419957e+01
-6.456553231163724149e+01
-6.271717518191282892e+01
-5.571663564470023289e+01
-4.656111070892831094e+01
-5.275218074309696448e+01
-5.580758586814771149e+01
-4.820499234948790956e+01
-4.898249585802332717e+01
-4.721652721112448603e+01
-4.350989645935051442e+01
-4.783762859797634803e+01
-5.058689714737307241e+01
-4.712283979213285079e+01
-4.863532017780105576e+01
-4.858845839496691354e+01
-5.548558870266050036e+01
-5.118808789580756979e+01
-5.318644029689637875e+01
-3.374891826891337132e+01
-2.657409984542834991e+01
-3.650773236473535377e+01
-3.958774213692131383e+01
-4.118184617553280447e+01
-4.708657768247589814e+01
-4.361584942181232805e+01
-3.856747053723167795e+01
-2.896790284699179452e+01
-3.187912058044464203e+01
-2.132137857498669575e+01
-3.811556761422480122e+01
-3.678952967492976001e+01
-3.975465097824493910e+01
-2.121008640841343151e+01
-6.621113059412648738e+01
-7.172127314765559447e+01
-6.516492317488084041e+01
-5.361423258408834869e+01
-7.139250953517353082e+01
-5.731543271827369779e+01
-5.676529442927476055e+01
-4.648897009407711778e+01
-5.225500998733234326e+01
-5.086526184890331592e+01
-5.950697052711429080e+01
-5.882667735275204279e+01
-6.979552601543912260e+01
-3.243444863839572179e+01
-1.745958329436244583e+01
-2.239514447420370047e+01
-1.966005014666357908e+01
-2.059065667675879396e+01
-2.199062188990887279e+01
-1.724880620993731029e+01
-1.772191705284746632e+01
-1.893258704711146834e+01
-2.698486186269755294e+01
-2.044785067536930967e+01
-1.728070319057248128e+01
-2.077849344312276614e+01
-3.410508579625079051e+01
-2.243293557569892727e+01
-3.308759772214188644e+01
-3.628216942948626667e+01
-4.365392027232444860e+01
-5.949691583731595301e+01
-2.489856260090793327e+01
-2.863706891476255834e+01
-3.938721094966975045e+01
-3.054747991719077049e+01
-3.010248533809106064e+01
-2.683702085998258724e+01
-3.017248931910139120e+01
-5.540874701174208639e+01
-6.927339231618947224e+01
-4.756199563593149549e+01
-3.289146860975245090e+01
-6.749033900128020491e+01
-5.550596093582051083e+01
-4.309388267869258016e+01
-3.574640359388503441e+01
-5.600735977793537756e+01
-7.022068379959350182e+01
-6.920029578191365260e+01
-5.746415995661608633e+01
-7.327118831121325115e+01
-7.224652369258095064e+01
-5.023071208824172373e+01
-6.828850730261018498e+01
-6.208398837442588558e+01
-2.990005952832489555e+01
-7.765100208306297702e+01
-6.954910119257205281e+01
-4.866670234723304134e+01
-5.676576445368034740e+01
-1.707647703427186059e+01
-6.295024231970025141e+00
-2.096665697047511401e+01
-1.653808971649116799e+01
-5.486651953188130904e+01
-4.283953969493089176e+01
2.443963131936008892e+00
-2.469449050864422901e+01
-1.005568464256490557e+01
6.817355680737296808e+00
-6.707647276567001882e+00
-3.577199817216619238e+01
-5.847692385351520983e+01
1.233226141978681412e+01
-5.015009254822789586e+01
-7.791748715161176619e+01
-6.766085039047190719e+01
-7.551771005145600668e+01
-7.497303904819446529e+01
-5.842801028795068419e+01
-6.058076380648654435e+01
-8.377201445107402833e+01
-5.449222002153879174e+01
-5.189353018359857117e+01
-8.327591070210810642e+01
-8.249415850328975353e+01
-5.893725715445050639e+01
-6.346306655000897479e+01
-6.243545087638970870e+01
-6.168993558223012030e+01
-8.151835307534932440e+01
-5.501640948693170685e+01
-6.414997292032263942e+01
-6.493222160330003589e+01
-5.704609917945451514e+01
-6.024427220288286122e+01
-8.640664907278515727e+01
-7.816051924776715509e+01
-8.668164038999675824e+01
-8.415997478076664606e+01
-8.702474227254796801e+01
-8.024693398996490146e+01
-7.706777841465417112e+01
-2.091279275891135825e+01
-2.436022543538323504e+01
-2.316224536172940063e+01
-2.695630976944548252e+01
-2.687284768914692989e+01
-2.142810611157636913e+01
-2.770332803384070175e+01
-2.654366185862131999e+01
-2.294607545600607068e+01
-2.182101414058051247e+01
-2.992244999462415578e+01
-2.586892240173929736e+01
-2.339614651070456119e+01
-2.224954524050441051e+01
-2.596578419192743326e+01
-2.135192006573026902e+01
-2.030611769353324902e+01
-2.004038038268826938e+01
-2.014548066542853988e+01
-2.072281654097593417e+01
-2.109370541402459054e+01
-1.967698125074925031e+01
-1.931686398570280971e+01
-2.064742326658115701e+01
-1.988825813064276105e+01
-2.024111222754984851e+01
-2.241679085003578464e+01
-1.922243164135436544e+01
-2.124477588089097679e+01
-2.051258718235267153e+01
-2.176983588831384608e+01
-2.134000140542130453e+01
-1.973825620269144920e+01
-1.809769594320858488e+01
-2.164941638328548379e+01
-1.977436955280357012e+01
-1.685197301300429018e+01
-1.535408869865725379e+01
-1.986659940706817906e+01
-1.780925979377223456e+01
-1.193901328854393284e+01
-1.867496203338770755e+01
-1.560947847345704176e+01
-1.787016994648285362e+01
-1.600995484868396446e+01
-1.238777092775369937e+01
-2.542624457043690001e+01
-1.672199175319802933e+01
-2.366645574329056601e+01
-1.878514730138705247e+01
-3.249151184194302289e+01
-3.319317756402150366e+01
-3.732179420779827694e+01
-3.566699016129722111e+01
-3.306695974919777115e+01
-3.135771588870588999e+01
-2.761509254085672538e+01
-3.704813964708989715e+01
-3.241686201643303633e+01
-3.298110637202412221e+01
-3.477991142530687085e+01
-3.435474382253788406e+01
-2.984964475298271935e+01
-3.791144750800157937e+01
-2.255367234590718439e+01
-1.928115438000859783e+01
-2.816827868882098329e+01
-1.863808203644468264e+01
-2.654769683339767639e+01
-1.809260659759937440e+01
-1.902359171179154629e+01
-2.247465460484184518e+01
-2.303184785500562270e+01
-2.291899336464410197e+01
-1.786606781566019464e+01
-1.950020660524955218e+01
-2.770050271586894297e+01
-1.502319830585133786e+01
-7.961670459242942144e+00
-1.349707507326585443e+01
-1.116996775194618152e+01
-7.467274432099685555e+00
-1.688567235167458591e+01
-1.738112462762229526e+01
-1.568361395033165451e+01
-9.931603489083652647e+00
-1.589721112980834761e+01
-1.281849263035498154e+01
-1.505099400132321819e+01
-1.103753867672480382e+01
-1.525306910992738452e+01
-1.353957895019354396e+01
-8.559728308042629408e+00
-7.064910631069373892e+00
-7.784967854516942509e+00
-2.451315525853008381e+01
-3.226610338166896952e+01
-3.731997451516225794e+01
-3.220541504410365263e+01
-3.107343044675224064e+01
-2.135982519703227922e+01
-1.904560177080993810e+01
-2.530236357591152441e+01
-1.992567827452593932e+01
-1.984861382769159022e+01
-3.217544395991082240e+01
-1.918366099437964323e+01
-1.819197743634631337e+01
-2.364234088716694515e+01
-3.328706007463934213e+01
-4.511224979748659081e+01
-6.032439335248486145e+01
-3.003351034775469941e+01
-3.364906193058352812e+01
-3.043060620557427143e+01
-3.231307454533819623e+01
-3.008983198551826277e+01
-3.140460104845800515e+01
-5.916211381915563550e+01
-4.192328280633227422e+01
-2.611361112526962813e+01
-6.370298445610345084e+01
-4.771733641830561368e+01
-5.402127545852692236e+01
-3.577165604311639413e+01
-4.761038302619542151e+01
-1.140702172601531572e+01
-3.798263665513410103e+00
-1.323024235759653777e+01
-1.331677830589872968e+01
-1.492985828811499260e+01
-1.304110457980155502e+01
-7.486121515576691365e+00
-1.312606863925713441e+01
-7.747499564776852310e+00
-1.822584295510388586e+00
-1.149377535278296847e+01
-1.231919590073146509e+01
-9.888691380324438285e+00
-1.707692530805045905e+01
-1.469092709703864585e+01
-2.740407475639081269e+00
-1.419839736548311393e+01
-8.772285901667970620e+00
-1.716309342898632906e+00
1.034751155976564974e+00
-1.617847624234251214e+00
-1.485585426623329042e+01
-1.679444570642826662e+01
-7.569403425892836879e+00
7.692195700934902902e-01
-4.280289785534328928e+00
-1.807674070593337134e+01
-2.103637158904882654e+01
-1.435844759283520489e+01
-7.366490577863466171e+00
-8.782552461900451135e+00
-1.997941956994949209e+01
1.342960694467080884e+00
-1.514730786053887002e+01
-8.118751732738374471e+00
-1.820707023121071089e+01
-1.183652266936318043e+01
-5.680432095920973978e+00
-1.141704757172928453e+01
-7.906180357068500086e+00
3.125431548194868014e+00
-2.381931306042376306e+01
-1.909212124856242099e+01
-6.232322415202116161e+00
-2.250044328706331598e+01
-6.832305398986520117e+00
-5.838253779268420374e+00
3.241393540173191923e+00
1.519808640405667433e+00
-4.409694046328624495e+00
3.055085826146424210e-01
2.241956195400685914e+00
-2.178896890510031881e+00
-3.283359651433841009e+00
7.754228443000570792e+00
-5.109743764247216546e+00
5.980943573815970637e+00
-2.666517068571184979e+00
5.479225247903890761e+00
7.077999901229336643e+00
1.221324450101628045e+01
1.377524160719557855e+01
1.456985470422826268e+01
1.649514429090385192e+01
2.354825334446885776e+01
1.057316966983982809e+01
2.097958709545457623e+01
9.422857919776557623e+00
1.017727250912356496e+01
2.091777628757585816e+01
1.439873147688212995e+01
8.557016244871771704e+00
4.197792694867423791e+00
-6.337852953242688159e+01
-6.907436040330890137e+01
-4.553374966735397322e+01
-4.664948815579385411e+01
-2.232978680941343796e+01
-8.397531317856601163e+01
-5.671572592095025556e+01
-7.199874478991466731e+01
-1.696091742030590055e+01
-3.297045996102348653e+01
-7.605319497294956932e+01
-4.420475728291878426e+01
-3.095893219666518448e+01
-6.086059745069920268e+01
-8.394421176538163820e+01
-8.296470073963865843e+01
-8.482061353328370501e+01
-8.283086927351318707e+01
-8.338505966951927917e+01
-8.429665284074232545e+01
-7.070708420729360455e+01
-8.296267842112894186e+01
-6.933498457726707898e+01
-8.234492367585500006e+01
-8.072884217320094535e+01
-8.467233102070898099e+01
-8.566785127986464943e+01
6.100922027775336431e+00
-6.188761057040114366e+00
-9.265778323802603467e+00
-1.464577533891917938e+01
-1.060168886572960290e+01
-8.800191099679359752e-01
6.591276445747315194e+00
-2.237080093307898920e+00
2.182932339586528769e+01
1.389415625801458276e+01
2.547045203917300427e+01
2.763469507806755132e+01
1.293737006085700258e+01
1.175297715571420554e+01
-2.760026726011282605e+01
-2.968535459901118401e+01
1.570295866071491986e+01
-3.873849106284697541e+01
2.462933296250129800e+01
-6.820275594927286633e+00
-1.455670121917802362e+01
-2.935568641002856438e+01
-1.609363265684103084e+01
1.953433227391984417e+01
3.119409633525931014e+01
-6.331217789528378859e+01
-6.192799566500823261e+01
-6.297548499257595722e+01
-6.407128330566028751e+01
-6.481071815151150872e+01
-6.315081928740838890e+01
-6.410512401937921823e+01
-6.369439721700115342e+01
-6.352548648089681649e+01
-6.291402388743655649e+01
-6.323827858293615378e+01
-6.550573137426884784e+01
-6.471332978491341237e+01
-6.509178161573429122e+01
-6.160074914973745308e+01
-6.272355579959762650e+01
-6.409674223006233262e+01
-6.046402543960309828e+01
-5.403060622559126358e+01
-6.083944523060601028e+01
-5.426823109355547103e+01
-5.588704194626049571e+01
-6.148692547426745136e+01
-5.867613037193100212e+01
-5.442220608342047683e+01
-5.569190156770471134e+01
-6.621875328871517752e+01
-6.585074232158048346e+01
-6.663510994245500285e+01
-6.653731751028857389e+01
-6.596311058146464745e+01
-6.623645858758581539e+01
-6.484292891750629906e+01
-6.650202847485363122e+01
-6.600268461818617993e+01
-6.045260917248371868e+01
-6.231499737812274020e+01
-6.303829653239141351e+01
-5.862304739858983993e+01
-6.095831866064411741e+01
-6.161589231825666246e+01
-6.000350422013306684e+01
-6.234379810687504886e+01
-5.875809926896558721e+01
-5.815176227098655914e+01
-4.711752527623468723e+01
-5.759881405662590481e+01
-5.508786970044554465e+01
-5.215238357886613585e+01
-4.705433891945233427e+01
-5.304583603721285101e+01
-5.293417000526912375e+01
-4.732226603315494629e+01
-4.880384780132991551e+01
-5.718750311577983325e+01
-6.510321541750209917e+01
-6.443780596836811014e+01
-5.932635456983568645e+01
-5.893010190711576257e+01
-6.309246148095226658e+01
-5.921154055676495886e+01
-6.347358869714757645e+01
-6.540590021604481308e+01
-6.247342486052450283e+01
-6.179263721829612876e+01
-6.047261359475471920e+01
-6.030172539246714791e+01
-5.561515795411587249e+01
-5.099710211543654026e+01
-4.416804152083622625e+01
-4.615902690026696575e+01
-5.041804230254383867e+01
-4.422436859499008932e+01
-4.797176102026709543e+01
-5.111462724291146031e+01
-4.098862745651608464e+01
-5.426898994987946168e+01
-5.460309807537748128e+01
-4.072335833185884724e+01
-4.808866754114394837e+01
-4.820152466000830316e+01
-4.683928194550838242e+01
-4.943020885317226032e+01
-4.595389859973754199e+01
-4.621570008829147014e+01
-4.560952617251893315e+01
-4.583084771235166244e+01
-4.260395688199492525e+01
-4.930499405731369933e+01
-3.776384973175482429e+01
-4.232178483859337348e+01
-4.551435440394232046e+01
-3.924332956287394580e+01
-4.002691867954426641e+01
-3.830355205751080661e+01
-3.947992419303091083e+01
-2.729847190829988435e+01
-2.841191319985313513e+01
-3.577582851709189526e+01
-3.237565095457580355e+01
-2.971075161786477636e+01
-2.936957915109115547e+01
-3.479686866828843961e+01
-3.540156016696232655e+01
-3.036899313446070536e+01
-2.720440735882297645e+01
-3.682594728141182117e+01
-2.932385599017830913e+01
-3.070044392018962398e+01
-1.498841839782488883e+01
-2.452313957037245373e+01
-1.387368600039628497e+01
-2.183506284282657717e+01
-1.413036976054682192e+01
-9.627099229872879249e+00
-2.099196854110382660e+01
-1.236151003200201615e+01
-9.590866555827577855e+00
-1.579333783952109371e+01
-1.245407435530109908e+01
-1.158212559595329338e+01
-9.142636803902487230e+00
-4.577570263851674781e+01
-3.565317030114152885e+01
-4.277763907950862432e+01
-2.626013498673216162e+01
-3.208786582838371260e+01
-4.286938065546926424e+01
-2.656879293406576537e+01
-3.831909418073250606e+01
-3.432287674342517647e+01
-4.330352792980144017e+01
-4.155742287839989757e+01
-4.249076547005557103e+01
-3.429443203590976452e+01
-4.442901179464323036e+01
-4.288079508840648657e+01
-2.320371575240888262e+01
-2.090979412546144900e+01
-6.842474788990873691e+00
-2.473908051760059124e+00
-1.606064073159490491e+01
-2.537544727932462507e+01
-1.698658020489865805e+01
-1.999344441305385356e+00
-8.760800316939086230e+00
-1.839747258303327726e+01
-1.257521296187963422e+01
-1.045023846645602283e+01
-2.559332493444642509e+01
-1.868287460093146990e+01
-1.346103752573448809e+01
-3.895139001467640583e+01
-2.884517725655711473e+01
-3.385791560429011327e+01
-3.441641215785699615e+01
-3.638601459742997690e+01
-4.185487385322178255e+01
-3.954276830783467744e+01
-2.886413157525798212e+01
-3.033097672036994652e+01
-3.675032592203309179e+01
-4.189769718567234946e+01
-3.301991148128411879e+01
-3.054952047946454385e+01
-3.027437851865491325e+01
-2.540297971412050515e+01
-2.801214874999957516e+01
-1.414902875112245084e+01
-1.538600935751310317e+01
-1.254857820888073405e+01
-2.562711420457599232e+01
-2.660518247090001509e+01
-2.640045349675447994e+01
-2.153420822751202479e+01
-1.303930995215232080e+01
-1.114062419337296106e+01
-2.151630433177933810e+01
-2.413360191623758766e+01
-1.930776271650555742e+01
-4.043268643311977328e+00
-2.869545002170337256e-01
5.598595507216268530e+00
2.736476842968381007e+00
7.256047451800501591e+00
-1.161593588397787435e+01
-4.650117273050317301e+00
4.915137518288140939e+00
2.133898348926313915e+00
1.111887380863070263e-01
-7.800921962960128297e+00
-7.250135154967459528e+00
-5.309218082850780007e+00
-6.492294353233237558e+00
-1.334434812167636508e+01
2.154016173984830118e+01
6.160902366796613627e+00
1.113442286369838463e+01
-1.867189765807656165e+00
1.991941946736345770e+01
9.079333464600649606e+00
-6.272220790432055104e-03
5.395042828114778644e+00
-9.094229622896419230e+00
1.039462791492080562e+01
-2.407184655004904528e+00
8.120875670334736895e+00
3.828283007755391765e+01
2.185551605730262636e+01
3.370042244879402915e+01
3.121331373986684454e+01
2.518438857663101871e+01
2.066942119409562295e+01
4.076933472456690311e+01
3.675868380396325108e+01
2.799516068804695124e+01
3.510689096443032753e+01
2.557195632170584076e+01
2.283420889557042699e+00
1.009799405680762163e+01
1.328552762317294444e+01
6.913599438933733410e+00
6.897821490137028277e+00
2.488909935345247604e+01
4.354941457468703980e+00
2.247691365087828785e+01
3.695488673015734804e+00
2.344155204015525840e+01
2.430625919011194469e+01
1.506699444023725754e+01
1.842393228604350952e+01
2.355191026834831902e+01
3.654270240738427589e+01
3.513343997568659205e+01
4.767475060597659819e+01
3.833556473373248963e+01
3.728185376898968428e+01
5.654509394293856417e+01
4.752892620967956105e+01
3.085511387387092341e+01
5.200145061604438723e+01
3.772049567714913110e+01
4.393051884544839680e+01
3.097201487165715506e+01
2.087753648908454096e+01
2.285078975572520221e+01
2.843508247291892843e+01
3.037148484214330324e+01
3.293113822038333893e+01
2.006327635309816770e+01
3.221488767389087116e+01
1.756838438510785494e+01
1.123817085867808174e+01
1.734287605957737100e+01
2.093763840150715794e+01
7.700111730840918156e+00
2.576934225530424527e+01
1.287109821438801660e+01
3.685704460371798064e+01
6.128058857945758575e+01
3.994855290183138408e+01
5.846030960653227027e+01
5.000950659585036817e+01
6.340464279443139617e+01
5.049172083957124357e+01
3.850847120369371623e+01
4.764534184454591781e+01
5.798287727752628484e+01
-5.053349369917096112e+01
-4.789805593271518092e+01
-5.438428581786283189e+01
-4.865415878282481543e+01
-5.887658871485056977e+01
-5.381286679088676550e+01
-4.529360038923073262e+01
-5.239526988049190948e+01
-5.511734036747541410e+01
-4.767056201679696414e+01
-5.731390674886777248e+01
-5.299082291393779087e+01
-4.867856395147515514e+01
-4.981969841805654653e+01
-4.765836566484521342e+01
-5.848921677654540474e+01
-3.155213458980149710e+01
-4.864539226344875544e+01
-3.879761700998999174e+01
-3.932453743125481793e+01
-3.728690411775856717e+01
-5.048722391914758134e+01
-4.168642981415028004e+01
-4.932259342653909329e+01
-5.109045699718672040e+01
-4.139405851382224455e+01
-3.002608995157905269e+01
-3.504894433215493876e+01
-4.050214465350427417e+01
-3.466970651441619111e+01
-3.101031512743205809e+01
-3.996733149562363252e+01
-4.401660967205985031e+01
-3.311360902202652312e+01
-4.324963666965150821e+01
-4.162142147958422811e+01
-2.679454868099848497e+01
-2.911089751121030034e+01
-3.502660338618093050e+01
-3.724407453918612276e+01
-3.043348867424937154e+01
-2.698052575533637309e+01
-3.238958275601967784e+01
-3.357903558563773316e+01
-3.429033062078395488e+01
-2.197183924000200150e+01
-2.296886777997539042e+01
-3.444893890422221716e+01
-3.887215126099107465e+01
-4.044113995832224617e+01
-1.729116562193745565e+01
-1.882564631567623792e+01
-2.037391463705493067e+01
-2.437139815635086748e+01
-1.487763055724021655e+01
-1.251542776935076162e+01
-2.216541666647876596e+01
-1.376237421590900389e+01
-8.611636263723298157e+00
-1.010256325753382001e+01
-6.121308193387751118e+00
-1.724290349363719699e+01
-2.169890747758312699e+01
-1.259723705072198285e+01
-2.200153900611823587e+01
-1.615665474064649842e+01
-1.009693127028416271e+01
-1.711464255484742125e+01
-9.913777157500744508e+00
-1.637128683401823537e+01
-1.606469273594271385e+01
-9.254375689184488607e+00
-2.268340453808794877e+01
-7.993732941407545312e+00
-2.253923833449313907e-01
-1.196493428684792448e+01
-1.095686511468757907e+01
-1.502662591921382962e+01
2.665253468396638681e+00
-2.835474297119720077e+01
-1.614800596593616433e+01
-1.608255977079003429e+01
-2.340711958277704241e+01
-3.331646103743057807e+01
-1.135262329872090348e+01
-2.361850553378471318e+01
-2.216109456508410247e+01
-2.701109442262589511e+01
-2.648394576784727406e+01
-1.847998326460635354e+01
-3.060087570192738582e+01
-1.749872316458531785e+01
-2.032629146092681438e+01
-2.029830222660610062e+01
-1.649013624139691814e+01
-2.456826876063743370e+01
-2.909166227991853759e+01
-1.475282593514489271e+01
-2.248435238728080421e+01
-2.079182860106692132e+01
-1.977764260394711826e+01
2.981976863978989201e+00
-2.582866932734203758e+00
1.543729008125531266e+01
-6.406321211922463732e+00
-4.910998281816588928e+00
-1.638783938513839189e+00
-7.315748041387085010e+00
8.507196765030755614e+00
5.707982411537155798e+00
7.428752390015972651e+00
-1.216294821888578248e+01
1.071211476693854081e+00
6.618584150801460453e+00
2.331348705077321171e+00
-1.499568462640575817e+01
1.194550179695475833e+00
1.357215245374579382e+01
-8.075962967522661629e+00
-7.250855147514000620e+00
1.950961803268146610e+00
4.174994904705327414e+00
3.750774364146021611e+00
6.712506259180603507e+00
-2.968920927462260551e+00
-3.404011457350037517e+00
-7.608161421084034259e+00
1.406914828879382640e+01
-1.640688678324324812e+01
6.845770581116319420e-01
-1.473098804293368147e+00
1.586798744576219278e+01
1.756173706028070569e+01
1.149547415092013836e+01
1.609162232988543906e+01
1.585470938572473543e+01
2.239954493957259984e+01
1.543629557639784977e+01
9.886703750051594852e+00
1.046151452099182677e+01
-2.827070517228040814e+00
3.241440240505465198e+00
1.978619728348355977e+01
6.560639084731835879e+00
2.715607972555334371e+01
1.761645618866225504e+01
2.541470179894780301e+01
1.828059817231000750e+01
1.129286319096764402e+01
2.324650056394369457e+01
1.122808709260899285e+01
2.037523799456484142e+01
1.570462565135143507e+01
2.447848054975851539e+01
2.219422474208225893e+01
2.057435925041367142e+01
4.124020957828979306e+01
3.209087763583046637e+01
3.399734425370382951e+01
3.288121935081514380e+01
3.814217604075422940e+01
4.404927683093719537e+01
3.281148862731220106e+01
3.442413730575111686e+01
3.532404337530314109e+01
3.232802334820858903e+01
5.704691197727525775e+01
4.880576073812670046e+01
5.905109517302749111e+01
5.749791986934611288e+01
4.907903999556707220e+01
5.324453242666110953e+01
5.666044363239413428e+01
5.161787664670742259e+01
5.683884015615380747e+01
5.719194130546804899e+01
3.854763370419168211e+01
3.262862189036002292e+01
2.568992307471042125e+01
3.821724346066408629e+01
3.172717287404580233e+01
3.308732351174622011e+01
2.613590998306452207e+01
2.804752027284937554e+01
2.566502162324665548e+01
3.528427719765272741e+01
2.424441312363700618e+01
2.906355503365358928e+01
2.956631788145191209e+01
2.126282519716556152e+01
2.210823686569639079e+01
3.443293903028529002e+01
4.820558193075813591e+01
5.571208145059833328e+01
4.276376533977034455e+01
4.422309906210965380e+01
5.332910728363191311e+01
5.066013789637752041e+01
5.379772136240050884e+01
5.740444374823329099e+01
5.451795660454887127e+01
4.751298839926251816e+01
5.421797145593183131e+01
5.399406878871587878e+01
8.320822024918658855e+00
1.132322176836559535e+01
1.033807697239550549e+01
2.392446767678320185e+01
8.481822441658845690e+00
2.066783217542197093e+01
3.169696993483402636e+01
2.784182879978059688e+01
2.883287816859469643e+01
1.491433561001069208e+01
2.508573919892235438e+01
1.178715717142797104e+00
2.814369258165340781e+00
1.484448507942221340e+01
1.787055059599335038e+01
2.108584767879585442e+01
3.949443843854360381e+01
3.333442055907789126e+01
3.751890498056613410e+01
4.609345074831426814e+01
2.095360501885282645e+01
1.046800168051032287e+01
3.128070046599241749e+01
2.857436634047610013e+01
1.626879492820572182e+01
3.179375753856726305e+01
8.278245367992580483e+00
4.057150226366621126e+01
2.656365600783046332e+01
3.905937401179063784e+01
3.297173986609514884e+01
3.959149997978734348e+01
3.400301211774416998e+01
3.801902086041356910e+01
4.962079653168488846e+01
4.432424802974535538e+01
3.688939967319977598e+01
4.207958080061528960e+01
5.602550670612946959e+01
5.525140992412768526e+01
6.084985343840794769e+01
6.714194627074483890e+01
6.517382956515743331e+01
5.029115658489796203e+01
4.607435437649183285e+01
5.644606166558565263e+01
6.296221294796670520e+01
6.052709116040497150e+01
5.299157232359681302e+01
6.259061956588992359e+01
5.184596346230225095e+01
4.938231236239982280e+01
4.759279612349764221e+01
7.738149411047433546e+01
7.296094886007304581e+01
4.588126258358651910e+01
7.019588050236123422e+01
4.896196818263766204e+01
7.630997466390203954e+01
7.706635435852773242e+01
2.853563659293855537e+01
1.369940952597795203e+01
1.446183206099306062e+01
3.354195108659380509e+01
1.221719273923320692e+01
1.874280974017212387e+01
2.437452349944200947e+01
2.753618638514974037e+01
1.514892354122800633e+01
2.298463109665287263e+01
2.120438564719141539e+01
1.223692170368755860e+01
2.337297117511803179e+01
4.397907507523039072e+01
2.740463080056381528e+01
3.623737085318941809e+01
2.823378593988694973e+01
3.869086788167449242e+01
3.466996598529497220e+01
2.119476364995266948e+01
4.571774875735140142e+01
4.467409058414813927e+01
2.168856642753376462e+01
2.246314723732247387e+01
2.825990855006196156e+01
5.054502117385897719e+01
3.540884747481216266e+01
3.687830143151594342e+01
2.795285564112622367e+01
6.857043919932921483e+01
6.244014852285005190e+01
6.543788647217888865e+01
5.877557296347897875e+01
6.745039263284293440e+01
8.250422567548514508e+01
7.965709109676403443e+01
7.592857403893063406e+01
5.194270716564815871e+01
5.436727607845784149e+01
5.194300228667335517e+01
9.171860045832457331e+01
5.683848524146404202e+01
7.981474049719868447e+01
8.555017651905512821e+01
8.396211689880217932e+01
8.701090258704958558e+01
5.183665519848864989e+01
5.669885286963341287e+01
6.462848753270802149e+01
5.855935900426127461e+01
6.329560917070608639e+01
8.020416850767648498e+01
7.048890647728688919e+01
5.278868817313058770e+01
6.837604215156015641e+01
5.371809925958976351e+01
6.790067900229719555e+01
8.027419688173743850e+01
8.117163281255595564e+01
6.977526758041649657e+01
6.615096065674312342e+01
4.377230097506385675e+01
3.960991179868067746e+01
4.958706323151150741e+01
4.375935718610843850e+01
5.123257295971904313e+01
5.137567881434569728e+01
3.882336823130037828e+01
4.735735542381856078e+01
3.362641821523580177e+01
5.500855480405844133e+01
4.127394523059480491e+01
4.627998808791582519e+01
5.250484293091153631e+01
3.621887254212636265e+01
4.685624276706894165e+01
2.951497972946419424e+01
5.134826887379394122e+01
5.708376899956274997e+01
5.935962518641630226e+01
4.933530316286325501e+01
5.875811604927325504e+01
5.603865560043158212e+01
5.097142759441641857e+01
6.028878053357090039e+01
5.220954942518905995e+01
5.682493306752638773e+01
4.563049429029354087e+01
6.162682253558014622e+01
6.009105231227200505e+01
5.640173018144574257e+01
5.493228988794522394e+01
4.673487124150363314e+01
7.160814909769688086e+01
6.837531863236631580e+01
6.327732818780538793e+01
6.458893482689582299e+01
6.377025575063726137e+01
6.294445582915733439e+01
7.169808142198778000e+01
7.078870496112159572e+01
7.479358969334131757e+01
7.306317108734103272e+01
8.205727281184104527e+01
7.618505177211534374e+01
8.306257636779172060e+01
6.484847341944299615e+01
6.506015028931406619e+01
2.335874638102418643e+01
2.523227972520370699e+01
2.706350999712972438e+01
2.406769511312977627e+01
2.825877665369488412e+01
1.861565425179892941e+01
4.358979491995478384e+01
3.047475554208489967e+01
2.267585033128727900e+01
1.345025709962388660e+01
1.918124139813094331e+01
2.899990974081301331e+01
3.421650826731274009e+01
3.233863966507200161e+01
3.299539754732397512e+01
1.606391391296834925e+01
3.308069707920081015e+01
3.491161864500482181e+01
3.512478878218786349e+01
2.186432707414207854e+01
1.453661843917228502e+01
1.408235916493520712e+01
1.528220122223058297e+01
2.707066087890208550e+01
2.535387239545205773e+01
2.050334888377185649e+01
2.602661035852919014e+01
2.130667797207007652e+01
1.523925795995250709e+01
2.156875263529965636e+01
4.077096770237284318e+01
4.803135283330522753e+01
4.844999551922317238e+01
5.287260918286760614e+01
5.393084933003412118e+01
4.700204898773387896e+01
3.899450229917146515e+01
4.869599680629602290e+01
5.086576607115399185e+01
4.977394882964861722e+01
3.698210429791213016e+01
4.932663969476345756e+01
4.872039943450548094e+01
3.950760910762229372e+01
4.078331364358923850e+01
3.907564067501581206e+01
3.502753087630748041e+01
4.356964587061825256e+01
3.784424509380795598e+01
4.372680475898152963e+01
4.342660020234990981e+01
3.896298752744409910e+01
3.407974862448232045e+01
3.368550592252423570e+01
3.043085891620020789e+01
5.301859975082964382e+01
5.153613742095711103e+01
5.427039921517991417e+01
5.568715412190993419e+01
5.432315703015663644e+01
4.948537168932163155e+01
5.343778501457595098e+01
5.208117100109429032e+01
5.445032005113462503e+01
5.207809288183499064e+01
4.817526773302508758e+01
4.609107490438650956e+01
4.644557802556183645e+01
4.468740535633087063e+01
4.596736821909056658e+01
4.647110018342270621e+01
4.378091520508662882e+01
4.712046759674760210e+01
4.553533127081404075e+01
4.634828114894817475e+01
5.010954086424665377e+01
4.655876063285921873e+01
4.734664777897123855e+01
4.264345064063732593e+01
1.075604190998944887e+00
1.240490727222131717e+01
2.516985038595056423e+01
1.104635133909080480e+01
1.184196579740890520e+01
2.121714883221547865e+01
6.287651171419028628e+00
2.136260355283015144e+01
1.401066411541025936e+01
1.494435499510474052e+00
2.844792742634412974e+01
6.825853777329504268e+00
2.805875322722647880e+01
2.419923286823493314e+01
1.489117236393326493e+01
1.584339764356593250e+01
-6.252270564567342426e+00
9.143445886273276813e+00
1.086391195795685150e+01
8.903796995645146595e+00
1.025203579586251657e+01
-3.309511285269636893e+00
1.180084499219306515e+01
2.101543900610354854e+01
1.480149480348445579e+01
2.260699842897408729e+01
-8.935809568298923367e+00
2.472695990346038541e-01
-3.609973797329362633e+00
4.118987492880709311e+01
3.746162157447368912e+01
3.767870686715291129e+01
3.808128453678875047e+01
4.204881764509934783e+01
3.900779759910102484e+01
3.537686403530540957e+01
3.651556118676872131e+01
3.390449183937028721e+01
3.532804083583441468e+01
3.004288527462441749e+01
3.210829755017067555e+01
3.180301636703987000e+01
3.298705923238983218e+01
3.436293079874808143e+01
2.976506419972360717e+01
3.648018118397996545e+01
3.321307673104794844e+01
2.978303145142789532e+01
2.932420576640585352e+01
3.428543406129709581e+01
3.373555220101890484e+01
3.277561740627939457e+01
2.954412864939162731e+01
2.786238215353296255e+01
2.807482792152039153e+01
2.109193146574523681e+01
2.778194148948227493e+01
3.002248492379239053e+01
2.197157596049459372e+01
2.842662437481274651e+01
2.362245450943777314e+01
2.448684330267110454e+01
-9.139118156580273933e+00
-1.202482903825141669e+01
-1.099387269998430305e+01
-1.411423099828598815e+01
-1.759241627307381872e-01
-1.610917939335514504e+01
-6.095311249963152989e+00
-1.075221214722734864e+01
-2.643295786529984870e+00
-1.296908791143835948e+01
1.449204450766024888e+00
-1.186148587775230290e+01
-1.066527546440241103e+01
-8.640772659552247603e+00
-1.196721652037349415e+01
-2.348087603567207182e+01
-2.107060399838063702e+01
-1.145025450786416954e+01
-1.475615532805341346e+01
-1.495361016490347872e+01
-5.688190403115820359e+00
-2.100476380764891715e+01
-1.790094936019737659e+01
-2.193802591568120874e+01
-7.387444109722848040e+00
-1.904456467140538223e+01
-6.447851749518290987e+00
-1.695026792495146850e+01
-1.802995122441428677e+01
-1.591143568515552431e+01
-1.330547837972445002e+01
-1.589467552273660367e+01
2.102175688841550638e+01
1.478057345194519989e+01
1.654826622256387481e+01
8.816665566509879426e+00
1.765197742689305827e+01
8.722418516398654731e+00
5.288433871851911050e+00
6.827472417513119396e+00
1.360566031130737308e+01
1.467612369200704592e+01
6.077252921276041775e+00
1.662492572730647211e+01
1.735812466525658593e+01
-1.713638385536466302e+00
8.756479596475417182e+00
-2.382680242738964616e+00
3.018417956826952242e+00
4.129257097397201370e+00
9.004958920731505057e-01
7.206545821969326582e+00
-3.856133399320147426e-01
1.967514130304504061e+00
-3.271931640817489217e+00
-2.616674107493330403e+00
2.121887920388918047e+01
1.773635206613685256e+01
2.417884463803183692e+01
2.356890028922710201e+01
2.313273199687821702e+01
1.635589233608249060e+01
1.482174521702166459e+01
2.200722069303670025e+01
2.046107158807515702e+01
2.279894234436066469e+01
1.994061746036170746e+01
2.352385326898019358e+01
2.005188353528627587e+01
8.889962431685635380e+00
1.203122822050769258e+01
4.678965569660710422e+00
6.890609810965337978e+00
1.044046453221997695e+01
5.249031488876339857e+00
1.218812621560310561e+01
1.267510879878652119e+01
1.203144014446359655e+01
7.595609235284211280e+00
1.069916109078164546e+01
7.153036785736862413e+00
2.186669481866932330e+01
2.801590741244480043e+01
2.049849423765358125e+01
2.342078008821615498e+01
2.123851769861192551e+01
2.122169067121652475e+01
2.023413560080822293e+01
2.702267797021080753e+01
1.702669586942764113e+01
1.892759844650626277e+01
2.183296691959382940e+01
2.581099292801936684e+01
2.203653887381052101e+01
2.366313932110497120e+01
2.591613947392179895e+01
2.348839629294850795e+01
2.273176399178129969e+01
2.291323003667231362e+01
2.318475580030958483e+01
2.500784865629322340e+01
2.406521154915873240e+01
4.039084335048484320e+01
2.235723691915739764e+01
3.041677436308984994e+01
2.303295280010900115e+01
6.677711090904335123e+00
3.762255027397351625e+00
8.973597868525835963e+00
1.235572248501574677e+01
7.319142502038975096e+00
4.101185276960180204e+00
1.091985782262850080e+01
8.947328673798029541e+00
3.031881881338698292e-01
1.048893972020093557e+01
1.347636152749558391e+00
1.645395024437950227e+01
9.702195830191392645e+00
1.042860166338521566e+01
1.396901626924131534e+01
1.271581131194905723e+01
1.123321886371503098e+01
1.277456214349773944e+01
1.171979705532163507e+01
1.715898098933061888e+01
1.350593851414054924e+01
1.432417766717836827e+01
1.679493597435050134e+01
1.676160160898955098e+01
1.792058427037449064e+01
3.664511286833662496e+01
2.875405205001031561e+01
2.702892697127435895e+01
3.015229426448966521e+01
3.490192136416209223e+01
2.910202346106532545e+01
3.083484936762884843e+01
2.494540059221709782e+01
2.475657525133741288e+01
2.484967205926873035e+01
3.183959443734028127e+01
3.186565210097519696e+01
3.028250316825471700e+01
3.011234694577133553e+01
2.308942869914600848e+01
2.226519667092090771e+01
2.271761561668760976e+01
2.237566445603641085e+01
2.204351282902723952e+01
2.719768293501893197e+01
2.369898096487803940e+01
2.234862147808089006e+01
2.420426558692334496e+01
1.645876530899131396e+01
1.695686954584739325e+01
2.421639430981266372e+01
2.448721668724315847e+01
2.867275174966631113e+01
2.406515550332098385e+01
1.944200848950709570e+01
2.864054126399176781e+01
2.320885193735879781e+01
1.751618497378755634e+01
3.553967278296341448e+01
2.407717469355110396e+01
2.025707182310473087e+01
1.856450360330863347e+01
2.730201443539897710e+01
2.570209661308700078e+01
1.942346868443925700e+01
3.218988559264856519e+01
1.799592932825775904e+01
1.883599407674627457e+01
2.359561954876166823e+01
1.762770241376416180e+01
2.077451324142315059e+01
2.147200932786316230e+01
1.442792001880647845e+01
2.329540253664103133e+01
2.171754608706546463e+01
2.211494270491412806e+01
1.507809270531869927e+01
1.712866581038479552e+01
1.641047171889825051e+01
1.515765799570448458e+01
1.932529984493359976e+01
2.299778847246004432e+01
2.788852569922179114e+01
1.208804938774011006e+01
1.494668190279743669e+01
8.001134254357678444e+00
1.158993359703744375e+01
1.280712426231321466e+01
1.199831215070053148e+01
1.135390809837348414e+01
9.151032685769083130e+00
1.440061114451195579e+01
1.305542979776276269e+01
1.079073440500246228e+01
1.983644694137714737e+01
1.165031522749092652e+01
1.727330539581468116e+01
1.684147901506757350e+01
1.669085465826618631e+01
1.722241588185500305e+01
1.757546223810589581e+01
1.996909836977842545e+01
2.284124243834614276e+01
1.445851907302872164e+01
1.785930721050754855e+01
1.686551110711952361e+01
1.532663445525879808e+01
1.847911645363664945e+01
2.199680081090480144e+01
1.306439445297689517e+01
1.115421547578820594e+01
1.336344759459777265e+01
1.420197953692290582e+01
1.002259948717214044e+01
1.262204315893621498e+01
2.323308374136317767e+01
1.671241266306899220e+01
1.778022063490979221e+01
1.553062238470761258e+01
1.297029089919177380e+01
2.177748203993050424e+01
2.164002855484222820e+01
3.111448927344275361e+01
2.935545062304299080e+01
2.621977034636287129e+01
3.571495904938306154e+01
2.485463475775453190e+01
2.556850404712106339e+01
2.906624310721063509e+01
2.959009748423584085e+01
3.498159393167998132e+01
2.980878500620585925e+01
2.689253416053495016e+01
2.978345356543729849e+01
4.332953881983852540e+01
3.915638778756783722e+01
2.758915601585957234e+01
3.743956321057701331e+01
3.239319500612793945e+01
2.342222939697506945e+01
2.546128335627424377e+01
4.414409717453887794e+01
4.402391464955115907e+01
4.297806922248085471e+01
4.362977894035653037e+01
3.686369993846037119e+01
3.597082515805012548e+01
2.518822541216187716e+01
2.599294144358779590e+01
3.493165765271031376e+01
4.367121768385563030e+01
4.187762251840214844e+01
3.729815278706003312e+01
4.775393880419162684e+00
1.707082293479118107e+01
5.534925304386465683e+00
4.051737481932729423e+00
1.224240188374803040e+01
1.282115673474810968e+01
8.731848169781560642e+00
2.847146557040204584e+00
6.450836216255801503e+00
1.228165942106782715e+01
1.219543458265829905e+01
1.330527874482178419e+01
8.220459454105768060e+00
2.123395774969976912e+01
1.306964529762190530e+01
1.781051110778218671e+01
2.538244810331967471e+01
2.188549583222680539e+01
1.279901841709978427e+01
1.434933799700101886e+01
1.672447428963926797e+01
3.055506212420181100e+01
2.731264640857901327e+01
1.773997662346850746e+01
3.301351643188552742e+01
2.144250531473084820e+01
3.061098532485356571e+01
1.689240188766942197e+01
2.801724235392832796e+01
3.792695779167011949e+01
1.475966656642075492e+01
2.606152573991229815e+01
2.131099426242356287e+01
2.373556212720457026e+01
1.845759361354819106e+01
2.482714719794745406e+01
2.913552710072956842e+01
1.929453320773239611e+01
2.904993100307296316e+01
3.725915884038263215e+01
3.085505765125470035e+01
2.895495688095327580e+01
3.035114825151324425e+01
2.857614899314258139e+01
3.562746768240069883e+01
3.206298709404093472e+01
3.647085662940542505e+01
3.439254669698685518e+01
4.152080557263817440e+01
3.888199442149445417e+01
4.099467688594282322e+01
3.846197389283407375e+01
4.326736118552887689e+01
4.252810992094006792e+01
4.105518419286317311e+01
4.353979040436531989e+01
3.991719029482962355e+01
4.265534369274624282e+01
4.592011885518468972e+01
4.126863926292219276e+01
3.470405363779960339e+01
3.373081155478408277e+01
3.191124394392404540e+01
3.029561509374380535e+01
3.079404941830696885e+01
2.971303852030323966e+01
3.262363933455129228e+01
3.372787537660917678e+01
2.715714419427838422e+01
4.149006299598516989e+01
3.595847610880084488e+01
3.682042753609950836e+01
3.756745691239550666e+01
4.011155041478843231e+01
3.834133108727478145e+01
4.613281328081732369e+01
3.772866305921547792e+01
3.403027094584560786e+01
4.287798929146588733e+01
3.686911816507569029e+01
4.070054982070456617e+01
4.163275180828222943e+01
4.412324132479405137e+01
3.821720325404483987e+01
3.961441820350110277e+01
3.511752593976459025e+01
3.672279077006095349e+01
4.764495611938110642e+01
4.332550997163328788e+01
4.728162914177674025e+01
3.742219826442303798e+01
4.167833994407306619e+01
4.065168109520792683e+01
4.089454916363221315e+01
5.159968826855775603e+01
4.626517997141549898e+01
5.765992947495315946e+01
4.123767631313403825e+01
5.859836876793519878e+01
4.778474293645255955e+01
4.347310592886906733e+01
4.959312138815167259e+01
4.944386893376421455e+01
4.835804134736379467e+01
5.873228928303490903e+01
5.031552575074141487e+01
4.459489912256917421e+01
4.952056274825984872e+01
5.062778409439363259e+01
5.708005240535855762e+01
4.542966145129804545e+01
4.833518270177066967e+01
4.840382009802227969e+01
4.821764314179426236e+01
5.673420354181963177e+01
4.872999848490472630e+01
5.368399175581627247e+01
5.233928937430405171e+01
5.532588440161921994e+01
5.772381243483621915e+01
5.842631976559181339e+01
4.829970953646386533e+01
4.891726283670340081e+01
4.580382488363495241e+01
5.036219101631139949e+01
5.439530019003347405e+01
5.339965618862122199e+01
5.419840976978596814e+01
5.971556012007655312e+01
5.341850082980747061e+01
5.032414985210274949e+01
5.210951111156568061e+01
5.708529196515735293e+01
5.035581889916363707e+01
5.067999767367391684e+01
5.323604330830751508e+01
5.632612205069186473e+01
5.490169466994085212e+01
5.862898782637569184e+01
5.805844404811586656e+01
4.790877782644291472e+01
6.144350069574592510e+01
5.321561508709977772e+01
5.870858824849064916e+01
6.409044344947778882e+01
6.489344581775728216e+01
6.326566818824564109e+01
6.246470556466329782e+01
6.100008785899958497e+01
6.518398919149379367e+01
6.362243227874758134e+01
6.392969032251957628e+01
5.987889510699743312e+01
6.517488428292175229e+01
6.324447770858559181e+01
6.267891542429407536e+01
5.998388327748691040e+01
6.240435068872641011e+01
6.176686763078561171e+01
6.253268793099255873e+01
5.593498573787589834e+01
6.262019076676479301e+01
6.145867555509307323e+01
5.278807623962202200e+01
5.269524969383843427e+01
5.200657268951550094e+01
4.885809722333609528e+01
5.630391578661559038e+01
5.967098070490071393e+01
5.604262900122214575e+01
4.965319826590334173e+01
5.974373797842487477e+01
6.151408177607513750e+01
6.066947197036900974e+01
5.853277374715753467e+01
-1.686354183619724978e+01
-1.672768774867352093e+01
-2.604791618757139204e+01
-2.415141220043195602e+01
-1.186388265216633542e+01
-1.363962717110720924e+01
-1.675832949837978347e+01
-8.923905377598460475e+00
-2.387355588259690364e+01
-2.219303518828840538e+01
-2.533315971986954906e+01
-1.947097079603295100e+01
-2.039696706373457502e+01
-2.464004886265943028e+01
-1.914983724663407472e+01
-2.376832016523057689e+01
-2.053684066635999628e+01
-2.335646320647942975e+00
-8.193307992872986389e+00
-7.166054120033269470e+00
-7.269689497796334443e+00
-5.569386494451360470e-01
-1.259963904061668583e+00
1.935574443551336010e+00
-2.024207053131835909e+00
-2.774311048830068849e+00
1.299631333222794893e+00
-1.606965969043421705e+00
-1.980963110010730555e+00
-4.240818585583629563e+00
-9.118255627600769131e+00
1.857767862225100153e+00
-5.465823636791698803e+00
6.099882562477697334e+00
7.757385395855903809e+00
-1.767514501356123979e+00
-1.557195798210912585e+00
5.485886610731878221e-01
3.552247184118254353e+00
4.183686856443786795e+00
3.731833002754907369e+00
-6.351913997407798718e-02
6.771515797623189670e+00
2.320395509568397685e+00
5.973079849602912716e+00
-3.019479941064156847e+00
-4.676529118971094690e+00
-8.818965763270067981e-01
3.691856421788077824e-01
1.039095725344876442e+01
3.587808721363373365e+00
1.142598112054853488e+01
6.342314430874122166e+00
1.167836928092796533e+01
9.756216288780320767e+00
5.064673174392257948e+00
1.125591164131597210e+01
9.143860175493887965e+00
6.772725208915730377e+00
7.845074293529531673e+00
5.067160515152892231e+00
3.450682724298612669e+00
3.471789061007727994e+00
4.602402119559613425e+00
1.267297214028948282e+01
6.220381990331175004e+00
1.649549106699119250e+01
-1.054065422322461565e+01
-1.107499011832089941e+01
-1.922149216374359426e+00
-5.387005678344999104e+00
-8.236691395507762081e+00
-6.775122439825834064e+00
-3.981700572032095486e+00
-9.962638739732600612e+00
-9.300166644153824436e+00
2.402310101956070199e+00
1.990049379539232000e+00
-9.747571065857307815e+00
-5.690524171879778770e+00
5.803038539278052355e+00
-6.895310977795301000e+00
-1.291090218678684565e+00
-4.843818869385247083e+00
-1.236106517805415983e+01
-8.276100670989137598e+00
-4.111757752328257354e+00
-3.136285674291872994e+00
4.645695112012965922e+00
-1.169615621195038813e+00
2.983939810939922666e+00
-2.402201583907523030e+00
5.453681185751683813e+00
-1.768082047249185607e+00
-1.797786696519665384e-01
-2.551586142162712179e+00
2.763078592558963820e+00
-4.398408166407421049e+00
1.215682842257078278e+01
-7.845590816517216126e-01
7.254177114783715297e-01
1.169840547845794099e+01
-1.859030845270197574e+01
-1.040310466112893550e+01
-1.716037818573255436e+01
-1.187198262968593276e+01
-9.396215120945832666e+00
-1.411990093961831683e+01
-8.754175869753520800e+00
-1.070565551185314490e+01
-1.432828798000207904e+01
-1.513851012562910370e+01
-1.313297991289573652e+01
-1.314104348552671908e+01
-6.798764893034372925e+00
-1.335678330236186895e+01
-1.194143321487963583e+01
-4.115739469767127900e+00
-1.125664511870053275e+01
-9.973974197471328296e+00
-1.890149027873247789e+01
-1.071950781013079634e+01
4.946521974474997307e+00
1.134624163420066090e+01
5.270005971464602368e+00
-7.805448269356277891e+00
1.849625961330987778e+00
-3.454840103317037503e+00
4.723826609432522972e+00
1.877160657524257203e+00
7.016276992784527877e+00
-8.790233042715820844e+00
3.948652029824417653e+00
1.180266966561275588e+01
-8.459153362311031543e-01
-7.007899032586767163e+00
-4.513954802803697319e+00
3.484103034731447224e-01
4.318361340287935946e+00
3.273994532574615590e-01
4.444461975046024804e+00
-7.496726469567192908e+00
-1.382051932365469149e+01
-1.755147660312866265e+01
-1.404507564186203261e+01
-1.428328586433798364e+01
-2.014155038438320844e+01
-1.681847588321069864e+01
-1.075398408285974128e+01
-1.573718792436445923e+01
-1.961299736386845183e+01
-1.634004195364836676e+01
-1.623065715230595529e+01
-2.198698850249678571e+01
-1.989512039856099790e+01
-1.407564942881076320e+01
-1.789881579775538611e+01
-1.536454519944477681e+01
-1.354422076052530954e+01
-2.109972786041864623e+01
-7.949874691214152023e+00
8.021019390820280037e+00
-4.558778133448504910e+00
3.070885609863478471e+00
-6.052413520930209678e+00
-5.196111083540665199e+00
7.508567379972289402e+00
-1.131068873801461905e+01
-1.469962473221403876e+01
-4.825775242716596303e+00
9.649169682600437170e+00
1.052048415116995983e+01
-5.405087664039315953e+00
-1.551205123333905256e+01
-9.209992433099344566e+00
1.350190120594039200e-01
6.932760970356663499e+00
-1.160210240057714159e+01
3.639015080636326616e+00
4.331872597135317804e+00
-1.142156554179813099e+00
-2.864467565934280202e+00
-1.938235286086005260e+01
-1.837415601388010344e+01
-1.153498505201199720e+01
-2.202137148129712330e+01
-1.086488406888705072e+01
-1.810115531617156748e+01
-1.138790907888740733e+01
-1.310079503733255635e+01
-2.091541796780109408e+01
-1.848283789933974930e+01
-1.489166137359271147e+01
-1.020787878656424752e+01
-1.560932517272648923e+01
-1.790434850331234884e+01
-9.286402178699621146e+00
-1.857792466049286517e+01
-4.777052409547644984e+00
1.953302691921343204e+00
-6.131717221245192917e+00
1.945623712343918177e+00
1.057271000700460561e+01
-1.699129203575020064e+00
3.499728424169024965e+00
-8.165011685673484010e+00
-2.394241707550139431e+00
-7.191991595638000945e+00
3.735163968978027604e+00
-4.431986311994453587e+00
8.768952594545451618e+00
-3.891087372163083202e+00
9.892843025423292858e+00
5.215344240817120225e-01
1.068443297206014364e+01
2.818782244162569839e+00
-2.220466276790272975e+00
-6.896023287059840357e+00
2.845519488706971245e+00
-1.593396319933678384e+01
-1.898730230362533433e+01
-1.329487472608328780e+01
-1.744275261018471923e+01
-1.795280181681166454e+01
-1.453382534807607840e+01
-9.069168079900460810e+00
-1.813982310502309758e+01
-1.126723208477186944e+01
-2.239027151094564516e+01
-1.473077920045177436e+01
-1.965994356757031625e+01
-1.430220922207393031e+01
-1.023584937817540741e+01
-1.758116719096546632e+01
-1.595431622009815520e+01
-1.968274393215922657e+01
-1.248338925309293401e+01
-7.978888905994219627e+00
8.029882349802203834e+00
8.906557853896428512e+00
7.208936061276912000e+00
4.936256836803822878e+00
-3.891240571699046136e+00
3.188684497775338578e+00
4.646984153503106008e+00
1.610160029653155078e+00
6.524793712453580419e+00
-3.855212084303165199e+00
3.723044289601740164e-01
1.834563273621134805e+00
-1.851438301865570679e+00
1.283627912861298181e-01
4.261145884704843567e+00
9.458376576400338465e+00
-2.342434052022061231e+00
6.813271215131267766e+00
2.361804165971100034e+01
2.027761255871690338e+01
4.305776767216175926e+01
3.599117641101447873e+01
2.518960861045544775e+01
1.634054796985943625e+01
2.270142263948566352e+01
2.344848095976386659e+01
3.597957310853435331e+01
3.871793638993052866e+01
4.961006401308912928e+01
3.181051289194773446e+01
2.954839179240936886e+01
4.042787283823169275e+01
3.255438798266952460e+01
2.505033670316085193e+01
1.564301033091049931e+01
2.343218115348370389e+01
3.909624245448830493e+01
1.977824440958198693e+01
3.688827679941368842e+01
4.052757493023420210e+01
4.385300617781987853e+01
1.762287298871989805e+01
4.025063862645939139e+01
4.919606151872122268e+01
1.782719841416272288e+01
2.780910261292603991e+01
3.588044477786945663e+01
1.367671098566477283e+01
1.983786007584348710e+01
3.534251627884709279e+01
3.862255356429793807e+01
5.843905967905780585e+01
6.157860560001086014e+01
6.503558086702233254e+01
5.330677248356806786e+01
6.467514603346992885e+01
5.802677515304158362e+01
6.374009846608669250e+01
6.570511709113243626e+01
5.266933319968261173e+01
6.548640637543779519e+01
6.277822175947176220e+01
6.548264984616454853e+01
5.523184169835920443e+01
4.887489732209985505e+01
6.235485378122609035e+01
6.485793965242439185e+01
5.512781134789808846e+01
6.543459767098596558e+01
6.438287501170746907e+01
5.251487455561775874e+01
6.104562310404800485e+01
6.527256624709634991e+01
6.220855708173518650e+01
4.891784555095725295e+01
4.770596877643669131e+01
5.819711013037561997e+01
5.954793750085975290e+01
6.243582699582320572e+01
5.884425567443486216e+01
6.406761342456294983e+01
5.818196350874961809e+01
4.668071460407712436e+01
1.678702496405401590e+01
3.895256221673612629e+01
4.064470756976523091e+01
2.917969931948916695e+01
1.268021687046774915e+01
2.623834102501636067e+01
3.953175184987276936e+01
3.388426608474940593e+01
1.938291077251581029e+01
4.552081708903342872e+01
2.352386314987516513e+01
2.655572146649339516e+01
4.825995700649070841e+01
3.804312766408278890e+01
3.418359465637919214e+01
3.163605307362161412e+01
2.702531159906673253e+01
3.518361662800209899e+01
4.111058638263406095e+01
4.337241701460426668e+01
2.860025946882726089e+01
4.626825095456619863e+01
3.355195417307021444e+01
1.205188583519718648e+01
3.150531515020392703e+01
2.880580691083980938e+01
2.892987289478143964e+01
3.634125022473146771e+01
5.360405852741152444e+01
5.300630556974132901e+01
5.392681312053182552e+01
5.264620645452799863e+01
4.980983658271009773e+01
5.561773225984008207e+01
5.143055192059728142e+01
5.031388397924330746e+01
5.192736417178453223e+01
5.145310529228156327e+01
4.632293797704504357e+01
5.029142229533503183e+01
4.421503220084099439e+01
5.088842676952354793e+01
5.230457855081048990e+01
5.089759360028935475e+01
4.954499251679968097e+01
4.556021134217029100e+01
4.890272889687568636e+01
4.927427413852140603e+01
5.156335439907506668e+01
4.776608572925787399e+01
4.654154584717120713e+01
4.456939389271751395e+01
4.646046324641179837e+01
4.300514088493258669e+01
4.420281569730079241e+01
4.431279611625605241e+01
4.650803338244581653e+01
4.671134162842153614e+01
4.793084965834838584e+01
4.750441052640974249e+01
4.580084121700696187e+01
4.625662756700336331e+01
4.374754619959975344e+01
4.595661570047213473e+01
5.042442912606288985e+01
4.583004888670343746e+01
3.804799781444111773e+01
3.514642104431331404e+01
5.149940415470804567e+01
4.544573054379615940e+01
2.656969742130968370e+01
4.733579586160898600e+01
3.792794003184907581e+01
4.620874143571487025e+01
4.343590197362962613e+01
2.804475877193739208e+01
4.707268957565941037e+01
4.761648215166755449e+01
4.480213776911904233e+01
2.728761518834563304e+01
4.699421475149772220e+01
3.820833716517590517e+01
4.075246610593383423e+01
4.133078783814099211e+01
3.684002788422385777e+01
4.215969644302471409e+01
3.390406657582801131e+01
2.760335023018625833e+01
2.767603164385464964e+01
4.480211798198111239e+01
2.717245475462035031e+01
4.302027238214675009e+01
3.193453516693844207e+01
-5.974080945918782248e+00
-6.168607248885171757e+00
1.060888268737327778e-01
-4.771093921814871797e-01
-3.391833395126240713e+00
2.629419183544762451e+00
-4.201253792311568702e+00
-3.129048042242249750e+00
2.014725275783944891e+00
-4.113971192392711806e+00
-3.486715059931363658e+00
-4.238724814080913617e-01
-2.579983103914413878e+00
-3.382610107666744526e+00
-2.101192151220720561e+00
-2.443296178380219619e+00
-5.486037931284004632e-01
-4.334036739107334668e+00
-4.204410600751187665e+00
-3.710148416848744191e+00
-5.338039635892426915e+00
1.782909608141483915e+00
-1.588310998106908789e+00
-9.320575380562001300e+00
-1.052617280837304925e+01
-1.054148401474212271e+01
-3.507309099856702250e+00
-5.038004988058030875e+00
-6.955857430134726904e+00
-1.059084705756027134e+01
-6.744912761324619588e+00
-4.558657576729409300e+00
-9.971066389723201695e+00
-1.073948521129852374e+01
-6.599565663894316536e+00
-7.297176665033649812e+00
-8.812610285137756350e+00
-1.092541812621692543e+01
-3.515164853500781117e+00
-7.491667136496110935e+00
3.590104113012854814e+00
6.165171189324617274e+00
1.224165472004073441e-01
-6.391861862612078227e-01
2.245129427599072081e+00
4.748904424124344992e+00
6.586810605374746608e+00
3.993085950265913286e+00
1.620651652049054370e+00
3.486191888317049958e+00
5.472065294883359243e+00
1.301277971227079666e+00
2.799125960492801823e+00
5.126816851274184295e+00
2.249711069479639336e-01
6.823157019899019460e+00
5.517240319122476144e+00
2.558741285424352530e+00
3.003583260569848701e+00
-1.234079151347519110e-01
-2.675523526639146388e-01
3.735429023626837264e+00
6.112559577448329895e-01
-1.141209134318523510e+01
-8.989921045987662396e+00
-1.030493439433103298e+01
-7.738852940609985964e+00
-2.958724299867953711e+00
-9.774148835121689416e+00
-9.529493203215366748e+00
-5.758090676352711768e+00
-3.181277922085861576e+00
-1.411629819587616019e+00
-3.180191403164403852e+00
-2.361754469417766344e+00
-4.022059696584217470e+00
-8.918425507156342746e+00
-4.979216337121054714e+00
4.569375466716731005e+00
6.617093039949379474e+00
4.214833594275463113e+00
4.253413193149361282e-01
3.520713929772860684e+00
2.179335300416616494e+00
6.017239320651331269e+00
3.324766859606822056e+00
8.659295489224914100e-01
6.931723358637150945e+00
1.540590610477443168e+00
6.711707914423729271e+00
2.391526974581352771e+00
5.784564264407475953e+00
7.692395441328141459e+00
5.236137009142298737e+00
3.475685882230762580e+00
1.044019823738711494e+00
2.567227965551291735e+00
7.574161822059828353e+00
4.414646066084660703e+00
-5.256842132460889383e-01
-6.976581130577105938e+00
-7.122833339840726197e+00
3.336803890952064755e-01
-4.216823616848103029e+00
-6.794399412846888531e+00
-2.872326112835661860e+00
-4.598401042012092432e+00
-2.211538887631968819e+00
6.299103874756584176e-01
-4.127623955206448869e+00
-3.448433304441143932e+00
-3.296533276081170971e+00
-6.029687631047872642e+00
-5.916363613656987042e+00
-4.355186326022715271e+00
-1.994535087406165141e+00
-1.303368662681164025e+00
2.599665792279274301e-01
5.521528852552378908e+00
4.374271857096055705e+00
4.654642105455949697e+00
5.034709844547037960e+00
2.127695015517335531e+00
3.548261207522705796e+00
7.273887001786406792e+00
4.233319212419519140e+00
6.753870591461257789e+00
5.663966173108613944e+00
3.855936175521168074e+00
6.365526846524115712e+00
2.192248936675757598e+00
6.509102256404565523e+00
2.563697338523937219e+00
2.267154633537446173e+00
5.876152707222962235e+00
2.024391768032389294e+00
2.862908783712696525e+00
7.146867683372135183e+00
3.607549789921086880e+00
3.618461539304882013e+00
6.795666474126322854e-01
-2.528635878384699609e-02
-1.785290507649167857e+00
-1.256507632947360120e+00
-4.491403723278915905e+00
-2.487741990774255729e+00
-2.169255918377353431e+00
-3.504383046919357536e+00
2.034928949565466549e+00
-3.501574017194982957e+00
-1.691061286338245928e+00
-2.533034396658678133e+00
1.504689047362456122e+00
-2.914505481181755453e+00
-4.151644448036776680e+00
2.055889522999028607e+00
1.055225321970341135e-01
-1.598853303253959357e+00
-2.820673093757830152e+00
1.598939257372927747e+00
2.850421119423239835e-01
2.440482195281123534e+00
3.047633416067276002e+00
3.507538068839124001e+00
2.751735858826747982e+00
4.417790270097230021e+00
2.983869983327386066e+00
1.868176372529869678e+00
3.688040382839774534e-02
4.183207436725478345e+00
-3.172027547445731011e-01
-1.083511198721370250e-01
3.102262207560951834e-01
1.596259440396345486e+00
2.159335905092393926e+00
1.835760573860753420e+00
2.028536295365130471e+00
-2.572125034038760027e+00
-1.119023250291459437e+00
-6.789654137014085045e-01
-9.198796221618747992e-01
-2.829237350637479942e+00
1.039688879897160412e-01
-3.000360509081451355e+00
-3.505604529430602856e+00
-1.995576940096416729e+00
-3.409947687272291361e+00
-3.706776472075600459e+00
-3.398832355634535674e+00
-2.112444374929611790e+00
-2.990816226179646264e+00
-2.047502177942251755e+00
-2.105364797553873846e+00
1.843213412578490917e+00
-7.762246633280940333e-01
-5.485807411466342209e+00
-5.570327838816989896e+00
-5.217675285704532762e+00
-5.760198622733717855e+00
-8.532110163598037644e+00
-5.051036165710928394e+00
-4.965628821797425374e+00
-5.546823573241393746e+00
-5.540560303889067839e+00
-6.158748928991862215e+00
-8.033927208508698570e+00
-8.450298891934204804e+00
-5.423045792167473067e+00
-4.909674449868871804e+00
-6.922936252864465345e+00
-6.820763376601409078e+00
-7.394957855756216780e+00
-5.714808154480677693e+00
-2.382057186556372663e+00
-9.276321456872420601e-01
-1.976251255854308830e-01
-6.433279946665833471e+00
-7.866901396504987432e+00
-3.813684725065385805e+00
-3.505709950882950121e+00
-3.873850780550832873e+00
-1.705980119814995533e+00
-6.532260185494731530e+00
3.923641098254542214e-01
1.529948491873307059e+00
-4.143850221586743210e+00
-7.733922673381521395e-01
-3.953323581905008322e+00
-7.864035450380346681e-01
-3.422333733543046819e+00
-6.945160983069359473e-01
-3.931851676692211139e+00
-3.797903094829085724e+00
-3.955263460991846447e+00
-1.035655379025424594e+00
-1.596151546200030191e+00
-3.814530883914534876e+00
-1.674097514396623021e+00
-3.873771377765389268e+00
-4.276376959471190453e+00
-3.764876054137390238e+00
-4.601143459136932456e+00
-4.699240350107888986e+00
-3.815382322664681247e+00
-4.039504219923456318e+00
-3.670512377742880084e+00
3.730820634485043641e+00
1.426371805339027521e+00
-1.188724339559164678e+00
1.156151285365073278e+00
6.638386729680623155e-02
-5.892256209775699194e-01
7.225975995772369043e-01
-1.231453865526212832e+00
3.668168809571745292e+00
6.143402364668938631e+00
4.104081674028201121e+00
3.576207925100894691e+00
1.736724870354630745e+00
-5.440517548682454185e-01
-1.244304248808054902e+00
4.826723064390792572e+00
5.242879314427528747e+00
1.211757167340628660e+00
1.825376478187139551e+00
2.641298679473232269e+00
2.252587919073925526e+00
-1.827112726490715389e+01
-1.754616664278749738e+01
-1.916637936054619828e+01
-9.714076237562444760e+00
-5.640211267662309957e+00
-8.597626971355040837e+00
-1.471648122485177979e+01
-1.845054004777682621e+01
-1.595543925107742567e+01
-1.172421985439987324e+01
-1.620856578552210436e+01
-7.599836170824968207e+00
-1.220655825530876193e+01
-8.496424934254820371e+00
-1.538233991390302791e+01
-1.442629489213071992e+01
-1.573434836905965639e+01
-1.650589192827033713e+01
1.864095175858819786e-01
-6.161213846401471628e+00
1.077406847005047652e+01
5.847287897925371958e+00
-8.898012589526427263e-02
-1.579924711663811987e+00
1.277403296048737147e+00
-4.550144936717041233e+00
5.762436945663776733e+00
7.993160693612300527e+00
4.559543939434985482e+00
-3.933893811034594457e+00
5.610663714393393953e+00
-1.225862558002663860e+00
-1.596478301023333657e+00
-8.772685158105465675e+00
-8.737649082667706679e+00
-2.453490475463352638e+00
-9.454705477336812436e+00
-4.441928435183497115e+00
-1.007793574016001692e+01
-5.661532763326805551e+00
-8.220269266365603400e+00
-5.192608341502704228e+00
-2.752313995096701049e+00
-7.288186268320257177e+00
-3.481614983372224970e+00
-4.817692632478358661e+00
-2.610111353298737669e+00
-7.599980639830008933e+00
-1.067643874946423210e+01
-9.479174362872361925e+00
-9.253407055092882416e+00
-5.322637370362569342e+00
-6.066249656835658755e+00
-5.327616114167492256e+00
-2.452416182800797095e+00
-6.951530694965442514e+00
-9.401935826835815746e+00
8.573956100708599593e-01
1.083791268956801446e+01
2.407770204788217683e-01
7.964935425715959916e+00
1.129621718659976892e+01
8.246285388703231689e-01
9.939508506061814685e+00
1.091542445914155657e+01
6.629122722802681444e+00
-2.205483186308315524e+00
2.433306321409449247e+00
1.189235184359894504e+00
9.344686158932130837e+00
3.427868434725880320e+00
8.360100173196268969e+00
5.159248511412455329e+00
-2.530113706259857764e-01
1.495282668146540672e+01
2.131980487344928576e+01
2.293746771038189181e+01
2.099945988902841876e+01
1.965939034852388545e+01
1.338426643744578115e+01
1.641173509160829980e+01
1.492018278851233681e+01
2.118632333192138617e+01
1.426705297315408671e+01
2.296638427421469686e+01
2.085209073852965034e+01
1.897817487880795539e+01
3.364638153111566510e+01
3.000958014992931311e+01
3.628990129411907617e+01
3.413526718630740930e+01
3.437987700251657941e+01
3.185462430448057702e+01
2.707024987666950366e+01
3.170096717278675058e+01
3.421300187333937259e+01
2.801346144154730311e+01
3.586448359129709473e+01
2.583783716897313809e+01
2.789192807091014004e+01
3.272052354468576141e+01
2.231358989988192221e+01
1.842800248668340402e+01
1.504710568380392921e+01
2.327322169236312277e+01
1.540741346251455113e+01
1.617619355248891466e+01
2.014436252252339443e+01
2.256864610546305272e+01
1.309826536371363304e+01
2.048660898121371332e+01
1.608184756223814560e+01
1.132393171200574145e+01
1.648308410859601736e+01
2.208716430145997833e+01
2.808683068326582699e+01
2.322404220573169198e+01
2.914997701466489843e+01
3.171990412261954617e+01
2.754824552897216705e+01
2.421210122685141286e+01
2.464226505416500856e+01
2.578894430629920720e+01
3.079636034731641203e+01
2.619313229725210235e+01
3.153459181411728807e+01
2.546324140071828879e+01
2.539496756674397204e+01
2.996602393079750470e+01
-6.166476557257341895e+00
-1.071193028469167530e+00
-3.766316930644612260e+00
5.763041696318049745e-01
-4.571399019559786225e+00
-1.301030505192363407e+00
4.692782529840124006e+00
-3.605615299135897622e+00
-2.479657507845831166e+00
-3.884001461950847833e+00
-4.320387153510759859e+00
-6.371263281842072246e-01
-2.938764079507405924e+00
-2.977981044259686350e+00
1.762247436973024328e+00
1.066034915926104887e+01
4.626566779974309540e+00
6.071504854995434464e+00
8.064966637332355859e+00
1.199413514259620683e+01
7.965390146053781706e+00
8.781231623335536085e+00
1.536314580467608693e+01
1.006618319985105714e+01
1.411400222332208543e+01
7.954665674795866614e+00
1.011235207568706862e+01
8.633397929209834842e+00
1.319662031849193262e+01
2.043079918396339956e+00
1.094977209698746456e+01
1.310717635229229039e+01
1.376151367294609784e+01
8.840539312123262050e+00
1.550936053244057433e+01
6.447753963914619746e+00
1.056168368178940575e+01
5.303536844488625945e+00
1.114279975595298744e+01
8.050754005378761846e+00
1.450243819434350279e+01
1.061765536365664531e+01
1.411824263741845087e+01
1.966021183646657988e+01
1.790652122127846013e+01
1.946265523695932131e+01
1.249101374920548047e+01
1.957996824554729898e+01
1.718925426352899066e+01
1.435161070380010351e+01
1.593720888753574449e+01
1.614418264127871794e+01
1.494288172401536130e+01
1.661700869155737337e+01
1.414551128896033561e+01
1.545780695151734108e+01
2.179616924264222177e+01
2.129304162988448468e+01
1.571694607520779563e+01
1.566092353552143379e+01
1.919377594031301015e+01
1.647031986251036173e+01
2.053833730007912095e+01
1.753055374178808989e+01
2.205234076815569466e+01
1.891059121823341727e+01
1.984020030345087449e+01
2.513329281948174199e+01
2.381863334838152113e+01
2.523490540210564248e+01
2.507752350031250899e+01
2.305749330567589794e+01
2.374661850721999912e+01
2.480730844437666960e+01
2.434389749348313359e+01
2.607552483437676116e+01
2.598951045244259461e+01
2.312018539406011897e+01
2.336758099418985779e+01
2.455177365286909819e+01
2.396164644344913697e+01
2.269048116276036708e+01
2.392897144004516718e+01
1.898639919951659749e+01
2.123718955492362426e+01
2.323191928870539869e+01
2.275695959667866930e+01
2.097398474018201497e+01
2.130777459908206950e+01
2.373678391973474078e+01
2.154385441066307649e+01
2.339838246049033899e+01
2.332682570012160639e+01
1.940661715945869759e+01
2.301509557832234165e+01
2.172624766019653464e+01
2.125219741950080632e+01
1.881303946143167138e+01
2.171637065013475265e+01
2.215508002580698488e+01
2.310602063795342431e+01
2.377992394645056251e+01
2.339582967736106411e+01
2.316619659614899618e+01
2.167605098447313594e+01
2.348531560070424007e+01
2.346599102778207779e+01
2.351163915516979230e+01
2.383581717031835012e+01
2.334471229657899016e+01
2.341658586777090534e+01
3.735800460199727269e+01
3.949450633986142378e+01
4.277257789126802834e+01
4.001497234448839890e+01
4.066798441437985190e+01
3.681237481599352890e+01
3.860524993378372471e+01
4.310193975449973891e+01
3.385264109745943273e+01
3.453142211009139828e+01
3.556782338890031525e+01
3.243184048195857372e+01
3.208875895649337906e+01
3.754268552542565374e+01
3.499476322545694984e+01
3.398610984022535320e+01
3.613169856460207541e+01
3.593836640469427124e+01
3.600534524464168129e+01
3.219717859571998986e+01
3.626645665759742343e+01
3.541037416974420182e+01
3.498855494779473219e+01
3.201341698304870675e+01
2.995552349815132942e+01
2.726970887804776567e+01
2.682114571510950540e+01
2.998538582397397789e+01
3.019117310395159848e+01
2.907025765609935775e+01
2.786462294272231688e+01
2.810398710587250193e+01
3.156710950761711842e+01
3.026746758835874118e+01
3.139724516688175271e+01
1.816887488519416749e+01
3.201171805633729406e+01
2.062211723989378598e+01
2.385990166111694677e+01
2.364873968174318009e+01
2.594427391077929812e+01
2.071550144470068844e+01
2.209422700518154414e+01
3.361841969817479736e+01
3.458951488958249598e+01
2.777991488203173986e+01
2.991303200528123440e+01
1.791011812054539476e+01
1.791424314498060255e+01
1.311513486151852348e+01
1.970595023287853564e+01
2.527036343193447010e+01
1.736811666351210093e+01
1.226603068884571890e+01
9.646385508875095383e+00
1.774060483621355644e+01
8.675167038648414319e+00
1.918795767758703619e+01
2.482080933235256737e+01
5.455156295960996715e+00
4.427708468896584648e+00
7.819641804519166683e+00
9.366476703176223495e+00
1.485051916944340711e+01
1.492147203040649828e+01
1.007005552218264555e+01
3.081374596678982947e+00
1.475737763337950526e+01
2.620305362233196789e+01
2.584123475727649932e+01
2.721694004147347457e+01
2.704125709265635180e+01
2.501562930517204109e+01
2.480654038299950415e+01
2.254417758440212438e+01
2.343416879001760833e+01
2.495540681550800954e+01
2.701702073334172027e+01
2.349745742197703890e+01
2.163845798487432859e+01
1.664111520828187807e+01
2.061080107837459607e+01
1.473836207200727522e+01
2.139106325757073890e+01
1.918329638500209455e+01
1.831329800620202874e+01
1.469776145400208733e+01
2.050971357395392047e+01
1.733533861227808970e+01
2.021465065122615812e+01
1.966671903597450211e+01
1.887462252377997274e+01
1.745649267747547029e+01
1.291150231257282321e+01
1.603417356473358524e+01
2.012890175379511604e+01
2.054631974765431934e+01
1.664026276562947260e+01
1.543280262538553060e+01
2.032499904869176888e+01
1.564875339973372625e+01
2.161501219100338389e+01
1.142298132318251547e+01
1.561791986476078620e+01
1.785711270790019611e+01
1.825657333353372636e+01
1.600206706022064651e+01
1.822356049155293789e+01
1.943739802797780669e+01
1.025171544344425101e+01
1.879984371473878824e+01
8.559254526763048432e+00
2.040170269777363288e+01
1.604617857258830682e+01
1.798278565514719674e+01
1.490018444869231651e+01
1.014779203319439738e+01
1.606853860393228572e+01
1.830122872458220140e+00
1.222855392165154775e+01
1.403976795893316698e+01
9.169270940622652688e+00
5.715385240271172229e+00
1.091541222192459770e+01
3.165328310433467074e+00
4.254454134707325252e+00
1.324649372321002261e+01
4.276607321967270003e+00
-1.697504154317647451e+00
5.087119012217095282e+00
9.225273330548507289e+00
1.038286685583781654e+01
-3.474551388619733672e+00
-9.689057697692629589e-02
6.835626095099834210e+00
1.248771680445745069e+01
-3.087879139136695539e+00
2.146195038144294465e+00
-6.400916142588474855e+00
4.171444229639171830e-01
-6.016970154972444362e+00
-1.376320630315064797e+01
-1.018955256175419422e+01
6.467562141358001782e+00
6.622687139559513270e-02
1.231009370765092115e+01
-1.367774684288104670e+00
7.436594988432243980e+00
-1.264773544103505731e+00
1.219638991616057488e+00
2.951551377573347068e-01
-6.235250656288798154e+00
5.590236620719791993e+00
1.574871836574864847e+00
-1.266205133365220625e+01
-1.265195364691451196e+01
-4.587125477107308669e+00
-1.535061453248037999e+01
-2.467438744200160272e+01
-1.600324419520671881e+01
-1.014454849319503360e+01
-7.347334376904282927e+00
-4.392245227267014940e+00
-3.468096272475291286e+00
-1.077143445001303412e+01
-5.704231389426759335e+00
-1.059563330143231319e+01
-1.832151281424136258e+01
-9.912790376820241889e+00
-1.001709427735201707e+01
-4.602115074731223388e+00
-4.972187577593366825e+00
-6.669421630811317669e+00
-1.002164362037733270e+01
-1.136820120159630676e+01
-4.816511928649397589e+00
-3.733925189074774664e+00
3.404297996367446899e-01
-9.579655288865605911e+00
2.041593710748301760e+00
-3.575245942094674945e+00
-4.675108428494361590e+00
-3.808680049893212072e+00
-8.660297479373905816e+00
-1.160218823938132360e+01
-1.507991118692658716e+01
-1.968935663230093880e+01
-1.667757894084723347e+01
-2.551184458291729840e+01
-2.410436403965060492e+01
-2.713725729922942520e+01
-1.946512105006297588e+01
-1.437223947097200139e+01
-1.515692291254192625e+01
-2.666560778059319503e+01
-2.226759151789200430e+01
-1.328223415494988657e+01
-1.768589445134402993e+01
-1.417311206306552052e+01
-1.249971907013317107e+01
-3.352748168816268759e+01
-4.362162104388598038e+01
-3.021097997261009027e+01
-3.319420896219306627e+01
-3.927777924173712876e+01
-2.836121256153593606e+01
-3.399141657942872996e+01
-3.941319345865469614e+01
-3.917029164448996426e+01
-4.166472068337401424e+01
-3.149982115987828024e+01
-2.758619977424038439e+01
-3.187945351753366907e+01
-3.535914536534608743e+01
-1.059986145687362580e+01
-2.585773293687658736e+00
-1.322109052005124852e+00
-1.047236412333078803e+01
-5.607585529588874351e+00
-5.260441211323843902e+00
-1.185856401920533898e+01
7.569590037306674901e-01
-5.680660955027754255e+00
-6.974678290767087674e+00
-7.624925354662728694e+00
-2.338873771128323398e+01
-1.677733198322479069e+01
-2.823183193341682795e+01
-2.249045234615766375e+01
-1.410748194226416885e+01
-2.553371509081895852e+01
-2.744311617850121365e+01
-2.238002048760175455e+01
-1.491054157831257321e+01
-1.536962038215607151e+01
-1.231853634438225598e+01
-2.257434699249112242e+01
-1.730685267297151597e+01
-1.724916770403862287e+01
-1.840727983046680549e+01
-1.612838418925031903e+01
-2.795828719277979602e+01
-1.546144437264835858e+01
-3.248474136989160144e+01
-3.029821824748882619e+01
-3.302692327792855309e+01
-3.610084311617288222e+01
-3.490808491485660170e+01
-3.048067885622991824e+01
-2.942611654809195443e+01
-4.122494508592564699e+01
-4.357800683306763290e+01
-3.224512641775542932e+01
-4.497321866188963213e+01
-3.500982323349148118e+01
-3.931471184618882120e+01
-4.347800836332794461e+01
-3.601318271848055730e+01
-3.284300954275907714e+01
-4.519240442194848129e+01
-3.422540782355277145e+01
-2.998048448668907184e+01
-7.948278261874353490e+00
2.804423941803463549e+00
4.482912840846239533e+00
-1.108063946965589963e+00
-3.564136210094478230e+00
-1.055879240916095974e+01
2.125387069175598498e+00
-7.567434833239556013e+00
3.871206650702237795e+00
-2.384536153697762728e+00
-6.106660050251925043e+00
1.249389788362002207e+00
-7.007847358656604797e+00
-4.109118628147950147e+00
-2.030963665762399728e+00
-1.216144300218815921e+01
-2.460185604072125898e+01
-1.216813352752666866e+01
-2.663418284546525427e+01
-2.807133835582040149e+01
-2.523669148770867565e+01
-1.604388906533615966e+01
-1.736976483990979858e+01
-1.739441654670290660e+01
-2.240308170418284917e+01
-1.491278377345867412e+01
-2.665781794939374549e+01
-2.240435237216839326e+01
-2.220970304446655774e+01
-4.154613112626755367e+01
-3.163908314261945876e+01
-4.332152519856897754e+01
-4.480233749603230109e+01
-3.483569325486902102e+01
-4.119954908269876626e+01
-4.330246965280683469e+01
-3.381707539991990075e+01
-4.597917891592599204e+01
-3.452751629942593325e+01
-4.362078275833998475e+01
-3.251125632429820200e+01
-4.691838572126280127e+01
-2.980916794113925761e+01
-3.115541646804464193e+01
-3.276845382606447288e+01
-5.529776373836693892e+01
-6.101150418699075573e+01
-5.385244824795410068e+01
-5.849376733036272924e+01
-5.375396084183631729e+01
-5.134013335367324515e+01
-4.755573374501461359e+01
-5.861769760572073551e+01
-5.116863831583348343e+01
-4.866541172898036649e+01
-4.972694077880894525e+01
-7.989962211578446727e+01
-7.741507781782568998e+01
-6.626935437612520730e+01
-6.625022743052404905e+01
-7.920457228503730107e+01
-6.653644295891973570e+01
-7.560060810428163336e+01
-7.599568935032830552e+01
-6.820506657767494119e+01
-9.301412944058429844e+01
-8.934633518342138814e+01
-8.403768070873785234e+01
-8.458984309443894745e+01
-8.935388848232226167e+01
-9.090694317794464041e+01
-8.570284559409859071e+01
-8.552665394833624646e+01
-8.233864863964700476e+01
-8.982752178535973542e+01
-9.320631963549624288e+01
-8.093274538554359765e+01
2.978522089478178714e+01
4.507805428938814885e+01
2.974439047237908085e+01
2.996481116004296297e+01
3.775559941568605637e+01
3.261271585309579280e+01
3.086860137881367550e+01
3.944929784372721571e+01
3.312301820561763321e+01
3.642375364665399928e+01
3.270203810881878326e+01
4.095651627443228904e+01
3.986960543404626378e+01
1.728156249800581890e+01
7.294851395442544018e+00
5.712504073444952368e+00
1.014328956960839712e+01
1.511489100070490466e+01
2.709748239841158934e+01
1.724956547429238185e+01
2.319520405149644304e+01
1.532258730178099171e+01
2.417998548675592474e+01
1.887505409176634785e+01
1.178500887267743380e+01
3.649315442725233538e+01
3.212370749542129289e+01
4.214329861881089556e+01
3.986315061876562993e+01
3.380031457604931688e+01
3.346411167207583759e+01
3.947443587669297216e+01
4.402766491794307058e+01
3.249001060964143051e+01
3.493835794367561220e+01
3.812037923308513854e+01
4.495962332642902481e+01
4.482040915353818633e+01
3.959387520337727295e+01
3.441457831235545939e+01
3.692566925298872604e+01
3.885782707500614208e+01
2.474223222861338556e+01
1.251769536672443905e+01
2.679293054634726801e+01
2.685252976832336103e+01
1.685108976018957350e+01
1.029679637093745903e+01
2.028795069414044860e+01
1.880460713728793820e+01
2.357389147789540118e+01
2.240747198903046211e+01
-8.355426952959238207e+00
-1.243512293544620917e+01
-7.287769640033037177e+00
3.000461852901809223e+00
-4.877541919090990774e-01
3.851748439810602775e-01
-7.161852288063991878e+00
-8.633704504946230429e+00
-1.325244376963042292e+01
-2.083943016875055676e+01
1.882921783966708063e+00
-1.181207065579016557e+00
-4.321578630978865476e+01
-3.475488079246095197e+01
-2.580460335895193325e+01
-2.564776232675471590e+01
-2.166686357287779430e+01
-2.882678199960599486e+01
-3.650766994061513060e+01
-3.039744348070085067e+01
-3.743568849394327458e+01
-3.616013980978919307e+01
-2.631618561318504490e+01
-4.107025265233064459e+01
-4.666490779295452285e+01
-2.273818721410999544e+01
-2.685774822964695119e+01
-2.935268222718576681e+01
-1.153303431710307692e+00
-8.287393464574897450e+00
-1.900760130126904812e+01
-3.792801198565037168e+00
-2.860871850233073665e+00
-1.819285809035105927e+01
-1.467371711848441507e+01
-2.036772420432519937e+01
-2.024344117835083168e+00
-8.073173845129426596e+00
-2.091907704450755645e+01
-1.908889717398565722e+01
-7.259077279621553025e+00
4.353351978970607661e+00
-1.453495421576452529e+01
-3.860980079634774853e-01
-4.310858236182288294e+01
-4.612047589101784695e+01
-3.454688877556156257e+01
-4.023680638041196289e+01
-3.568651550099001213e+01
-3.279457565601256164e+01
-3.398511787921626137e+01
-4.619435534182470349e+01
-2.896682846021703028e+01
-3.885060041423283650e+01
-2.780595465737007999e+01
-3.350839882917742329e+01
-9.211429621044572968e+00
-1.413005770153174900e+01
-1.916160145331842557e+01
4.456103435062601648e-01
3.138330190593705105e+00
-1.886073048553400611e+01
-1.940638311564140395e+01
-1.605755625180596979e+01
-1.220326516291777708e+01
-2.160321277057197520e+01
-1.855046112378684597e+01
-4.141284788721374355e+01
-3.794294836395449977e+01
-2.957111596073644932e+01
-4.137167718323173204e+01
-2.955558299000316680e+01
-2.252973048498555642e+01
-2.328113677413539051e+01
-4.261090390462500466e+01
-3.786382950115765311e+01
-4.552089997903462404e+01
-4.287109752540273178e+01
-2.378999486595422752e+01
-4.220579479190389094e+01
-4.090232030480254366e+01
-1.045179809872641528e+02
-1.032836487341349425e+02
-1.026869263504353000e+02
-9.628883935450330966e+01
-1.002938710420247048e+02
-9.629127067967942821e+01
-1.047354664999920146e+02
-1.008281239022030888e+02
-9.644440882680565608e+01
-9.685031328788093674e+01
-1.006129144198647225e+02
-9.925738275647788100e+01
-1.107970197875060450e+02
-1.051784882651854645e+02
-1.055704866630099446e+02
-1.074646436041935544e+02
-1.115736339230906822e+02
-1.085382789892137083e+02
-1.078656611769152533e+02
-1.140161956948059583e+02
-1.141328895938670769e+02
-1.144151759943146374e+02
-1.167959112250420048e+02
-1.145119763036059197e+02
-1.137143352215706784e+02
-1.139562056960977401e+02
-1.155745726377951712e+02
-1.171581654803177912e+02
-1.159534425038937400e+02
-1.168483300618618728e+02
-1.148117993572290629e+02
3.173630466786033466e+01
3.112885635297480391e+01
4.164434912768300023e+01
2.771231301254606194e+01
3.205291006052252101e+01
2.744909791959082668e+01
4.554900246730896640e+01
2.936962576200538422e+01
4.522751389202759498e+01
4.503685926161219300e+01
4.165677716603407532e+01
3.078889893100613051e+01
2.818769922161976638e+01
4.102542242217891300e+01
3.954577378442100155e+01
2.625244062827926683e+01
2.612937047670678936e+01
9.365524133415497943e+00
1.324990473382312040e+01
7.512226553522275196e+00
4.770884102102940005e+00
7.735836519944333745e+00
1.857151751158841790e+01
2.711591596095197065e+00
6.733210283978493749e+00
1.288539264550666452e+01
1.962472184027484801e+00
2.901815705361818232e+01
2.552897809223623682e+01
4.216536464911158077e+01
3.214825782304007618e+01
3.827847085719059095e+01
3.019408298244101729e+01
4.080995696976142995e+01
2.605874411840203919e+01
2.369158653533680337e+01
3.684321962134744410e+01
3.585534948820543377e+01
4.416526053499545412e-01
1.387096419371193434e+00
7.905428252309238957e+00
1.616224484897607994e+01
6.737600490374381579e+00
1.838963369060610020e+01
1.738843487638074237e+01
8.205361059452812356e+00
1.248381412685542813e+00
4.527147695082298640e+00
6.430794657246428514e+00
2.242119387378108541e+01
1.881069407719893505e+01
-4.881039931830388312e+00
-1.091934606390262630e+01
-1.314834835998524554e+01
-1.180360723596263028e+01
-8.745342092694729175e+00
-1.126040128211678315e-01
5.182532652153388764e-01
2.323551762210771976e+00
-1.130037142605694456e+01
-7.298397490611939986e+00
-9.807617545024395866e+00
-1.112961470841296752e+01
-1.371909136540186047e+01
-1.266299669296282104e+01
-1.946350084273595371e+01
-2.985370573967427532e+01
-1.551441754835120257e+01
-2.012076868810298080e+01
-2.405563028540240467e+01
-2.204077489290272496e+01
-1.735450203697787686e+01
-2.768179459115729202e+01
-2.388395135674062075e+01
-2.199242579765460448e+01
-2.998726091370255986e+01
-2.013792286926036113e+01
-2.217623397897725823e+01
-3.846265024329008497e+01
-4.246698335923672118e+01
-3.986642731014942598e+01
-4.200790785713600428e+01
-3.542134623466056809e+01
-3.418626878054794815e+01
-4.336142182767684972e+01
-3.802845484822159250e+01
-3.368708994754713615e+01
-3.845668748604239084e+01
-3.757108610361108703e+01
-3.165098994171840374e+01
-3.170917749545834141e+01
-1.365102625003973102e+01
-8.630218794328357035e-01
-7.018238000949394539e+00
-6.255322074377706265e+00
-1.381802328460052642e+01
-1.099422661148668823e+01
-1.676090340928193534e+00
-5.760437862722826097e+00
-1.859147009800840245e+00
-1.235547018853132428e+01
-1.042186135402603497e+01
-5.705158181131395168e+00
1.661853171521432415e-02
6.844261715740342922e-01
-2.183545755542558453e+01
-2.262022641336483275e+01
-2.207916771247295173e+01
-1.539913320127826779e+01
-2.183168068774851989e+01
-1.685187276184390370e+01
-2.090533153440045311e+01
-1.786417890424042554e+01
-1.808939481952604922e+01
-3.208240101066152050e+01
-2.206966736652834626e+01
-2.894319695529247483e+01
-3.107376713442712912e+01
-2.026815956783804751e+01
-4.435537435621341018e+01
-3.729345813349559791e+01
-4.374506561399878990e+01
-4.566545531004584291e+01
-3.746200227807999283e+01
-4.397943304819558108e+01
-3.668687782683293364e+01
-3.249947420120020070e+01
-3.728783712055592048e+01
-3.281067330351379496e+01
-4.531871635021649780e+01
-7.882647607226488162e+00
-9.851645000573885369e+00
-7.540998527808119078e+00
-1.558341842678792233e+01
-1.584589023412935305e+01
-9.944891858760200876e+00
-1.827597686281729139e+00
-4.313577807718397494e+00
-9.389868866163615380e+00
-1.361737249643641690e+01
-1.552179154443294706e+01
-3.021466470069523069e+00
-8.140913132241866634e+00
-6.781418027439925389e+00
-1.261523945709972949e+01
-2.490295082532508886e+01
-1.695812194068418322e+01
-1.824249419358158875e+01
-3.228589262789666492e+01
-1.849715916924611037e+01
-2.534172050433081580e+01
-2.687426294712156505e+01
-3.247372021046415824e+01
-3.231574998843871072e+01
-1.867948723291652868e+01
-2.815737074734073531e+01
-3.502857301829499193e+01
-3.423020120812562794e+01
-4.515864364265531350e+01
-4.488858786789268862e+01
-4.266971094801443343e+01
-4.097800434415580639e+01
-3.780862991394846517e+01
-3.363496077083262747e+01
-3.905597930685161145e+01
-3.768501990466091911e+01
-4.741760121632501779e+01
-3.451967110891592938e+01
-3.653682707459297063e+01
-3.634104879704922553e+01
4.750360398040887944e+00
3.260167674524458903e+01
3.648732274373961104e+01
1.109182881425555678e+01
2.028350515353958627e+01
2.112957751431341791e+01
2.904465937428762601e+01
3.041524977340496605e+01
1.744092948680454924e+01
2.889069184140009483e+01
2.928114481316745810e+01
2.455657070139840314e+01
1.189559935933858625e+01
1.894555380768997210e+01
2.284238118782290883e+01
4.781168912416756456e+00
-8.218627321226463778e+00
-6.716188280235872554e+00
-4.999227690354000941e+00
-1.923372219090803981e+01
-2.290874746994875721e+01
-6.329686413121805799e+00
2.012098349201476566e-01
-2.474541890000340771e+01
-2.480309510015784369e+00
-1.942498586094009738e+01
-1.883769564238309613e+01
-7.431063418445891244e+00
-2.377567015354509650e+00
2.283861961216222980e+01
1.207218948620687726e+01
2.108989797439599556e+01
2.303653977320676205e+01
1.375796931582262062e+01
1.500704172131827718e+00
1.585049451475115490e+01
1.841575924056521529e+01
2.370970166645049915e+01
1.186624933040713081e+01
1.503504973901839215e+01
2.184299565264322496e+01
6.581587908157482403e+00
5.091628097728325031e+00
1.976593979749171126e+01
1.214532709343475503e+01
1.317666147091092199e+00
1.480331285444940015e+01
1.238709629686544034e+01
-1.045973938627761513e+01
-1.565047963173586254e+01
-2.618407948881687020e+01
-1.618079799389618856e+01
-1.527780315788409204e+01
-1.985052163471591768e+01
-7.271574808353740593e+00
-2.866957282728873935e+01
-1.178730247565452949e+01
-7.446222300635081837e+00
-1.703601141482380399e+01
-2.019959411159174323e+01
-3.178736770320821137e+01
-2.689079961555892595e+01
-2.235771819968414320e+01
-2.408153242237463587e+01
-2.024269320900781821e+01
-1.675920267130378249e+01
-1.813912413079191310e+01
-5.022963825549071260e+01
-3.252468311178929383e+01
-4.158558907327453369e+01
-4.907883277467185934e+01
-3.560258850528128249e+01
-3.775553650446227749e+01
-4.025763199157723449e+01
-3.740236210965313290e+01
-3.773873886080673401e+01
-4.493489937280868673e+01
-3.333223345465897580e+01
-3.524283665293064161e+01
-3.356445162381328373e+01
-5.636750958539234091e+01
-5.436844301931442658e+01
-6.056170402565884814e+01
-5.741147934542458842e+01
-5.608887365938031877e+01
-6.383792028100346272e+01
-6.118239335107848831e+01
-5.941082320974022934e+01
-5.114752974406079034e+01
-5.067980446688252982e+01
-6.221712453089843109e+01
-5.096293548073774105e+01
-6.988917319359333646e+01
-6.771347389878319234e+01
-7.288961766237419226e+01
-6.748818310631499173e+01
-6.541480536718270855e+01
-7.030343720981493050e+01
-6.928748414591871096e+01
-6.870558600144293848e+01
-7.418596020671020597e+01
-7.261998849310265314e+01
-6.817802229216280807e+01
-7.940431424743101729e+01
-8.229365414055820338e+01
-8.256880002674509456e+01
-9.571792983290923473e+01
-9.495654980591632466e+01
-9.515547073921634080e+01
-7.712020081081742262e+01
-8.252519254686647798e+01
-8.785725326160675763e+01
-9.382742915020212138e+01
-8.410280767287616754e+01
-8.677662371551663512e+01
-4.907570053041960989e+01
-7.223067434714047863e+01
-5.615056048994328108e+01
-6.727622939970186167e+01
-6.448141753361008455e+01
-5.720129778140162813e+01
-6.244180354660682042e+01
-7.211164382737490541e+01
-5.833976401552207847e+01
-6.044628377846345302e+01
-5.773187037751625894e+01
-5.553739621809795324e+01
-7.813496976780039915e+01
-7.842333746517627446e+01
-8.046511141301797920e+01
-8.153586355177111500e+01
-7.801762715361668654e+01
-7.961248961617722841e+01
-8.045058446209966974e+01
-8.270163768441668140e+01
-7.999740911569982416e+01
-7.819465314823673907e+01
-7.970946275908882228e+01
-7.994694051442183991e+01
-8.077960713175995977e+01
-8.217073267552132165e+01
-8.003495154665267819e+01
-8.081506367712236738e+01
-8.557062009194258678e+01
-8.293422025352633398e+01
-7.987162243842811904e+01
-8.536378796587457884e+01
-8.343687762641867778e+01
-8.311141057290709000e+01
-7.884828742557496639e+01
-7.635905085865823594e+01
-8.151745544010898925e+01
-8.384692771241778075e+01
-8.185189547401368770e+01
-7.977814098535309029e+01
-7.967563871879515602e+01
-8.236000501616742042e+01
-7.598903467051428606e+01
-7.857359068897652321e+01
-6.997140626063335844e+01
-6.480736611902668187e+01
-6.064811816102974262e+01
-6.690954058568532048e+01
-6.521420862448439948e+01
-6.666797179243822313e+01
-6.466222935146861062e+01
-6.012711010984681792e+01
-6.683500325201211467e+01
-6.271131926121336164e+01
-4.234789057867477879e+01
-3.877834714600908939e+01
-4.758175806568234378e+01
-5.597326339571769438e+01
-4.467972394887733856e+01
-5.221252012573066281e+01
-4.143641403408057755e+01
-4.551602378009858541e+01
-3.947909209200316383e+01
-5.351032440973928317e+01
-4.741037907525712569e+01
-4.269103495866495024e+01
-2.412315676346807791e+01
-2.697193032736907270e+01
-4.482616134319243884e+01
-3.893351140122963727e+01
-3.857164537672940696e+01
-3.323243658308767579e+01
-3.266665834305884175e+01
-3.648851210805737111e+01
-3.572550776519137372e+01
-3.301806263853387691e+01
3.674679061847925254e+00
1.228187728942535628e+01
1.499301882786207685e+01
5.156544880169315448e+00
1.489590204358571945e+01
-1.872985557883373176e+00
1.461441171930436767e+01
1.173720112450299524e+01
3.536861431600698324e+00
1.643834409784478723e+01
6.556159717005909826e+00
9.398105859941402684e+00
-2.000406783981325987e+00
1.517431915693247468e+01
1.580673145725127071e+01
1.041974659028794470e+01
1.283069795884325437e+01
1.750719362084231534e+01
-5.711707405640948920e+00
-9.739871498937706207e+00
-5.401012951323370004e+00
-4.782391664829074074e+00
-6.051901895196005299e+00
-5.632323851170967899e+00
-1.200387253968489532e+01
-1.109911848271141643e+01
-9.788454107125010850e+00
-1.086558534406953136e+01
-5.416658724064030039e+00
-4.488239599191192752e-01
-5.348618899210823230e+00
-2.051209215897369376e+00
-8.418699865398181714e+00
-6.848617839261210705e+00
6.945148238992135958e-01
3.308065595870550268e+00
-9.667987049616639794e+00
2.741564713410127752e+00
2.008518270888657753e+00
-5.802499143422640060e+00
-6.710052764101936518e+00
-3.624731299391289241e+00
-6.286722767297755254e+00
-5.555419008109469203e+00
4.253934311319186534e+00
-8.947399223138852165e+00
-7.959751731409882680e+00
-2.142773021691192881e+00
4.694512328197948392e+00
-6.151352435357040349e-01
-6.134179420835710772e+00
5.384324447061142216e+00
-2.336990460220619781e+01
-2.629195644733457016e+01
-1.747354856101232201e+01
-1.552792162470862181e+01
-1.330967527972192599e+01
-2.041604415918381221e+01
-1.763978416694452989e+01
-2.071748500702649309e+01
-1.607442092628005881e+01
-1.718621395832154874e+01
-2.210796720154321449e+01
-1.803962302379976279e+01
-1.698838900016785303e+01
-2.696596765410541252e+01
-2.026262480890694917e+01
-1.378506256409250597e+01
-1.890792266422790391e+01
-2.050623864127572915e+01
-1.953788780835564154e+01
-2.661925516943400183e+00
-3.121791107023184964e+00
-5.027484419372571622e+00
-3.381119014466055006e+00
-8.993375251301699791e+00
-3.170390788566930240e+00
-6.038559983448058333e+00
-2.191168934784094802e+00
-6.933976134574795225e+00
-3.588488999282553493e+00
-3.249178315821570351e-01
8.175316578450271265e-01
-3.047870861031551470e+00
-5.381545269544231402e+00
-2.288261853076273056e+00
-8.546987611059982726e+00
-9.763679038983323011e+00
-7.623699659306550913e+00
-7.762252243657188799e+00
-1.661686876787435097e+01
-1.403203299519249114e+01
-1.467383049147416507e+01
-1.198320555969616485e+01
-1.150018793960654584e+01
-1.957554431079714519e+01
-1.022672006121794652e+01
-1.748429364438572264e+01
-1.403418247042576894e+01
-2.476938968832388355e+01
-3.009896481095356080e+01
-2.054428687375012075e+01
-1.977676671629696870e+01
-1.968971319871516101e+01
-1.951951987654680920e+01
-2.764070334137660723e+01
-2.741101418310955751e+01
-2.952797010917787901e+01
-2.265122150222683217e+01
-1.993808708922374962e+01
-2.616891822417908031e+01
-2.234033177799807390e+01
-3.109549992574627453e+01
-2.221183076664553369e+01
-2.316530947476206137e+01
-2.155089121758926396e+01
-2.501561232670490043e+01
-2.640322712224700297e+01
-2.100013666119662759e+01
-2.448676870050876175e+01
-2.327082779124549461e+01
-2.632942200483171291e+01
-1.500447380421386612e+01
-2.354994595912442890e+01
-2.256985000507075156e+01
-3.085201845229885365e+01
-2.355830798017699834e+01
-3.130618296615995888e+01
-3.377956680589029759e+01
-3.242556071057651224e+01
-3.554061881264804157e+01
-4.073947620767619071e+01
-3.138007607182555603e+01
-3.515769470792888995e+01
-3.339484864800781594e+01
-3.349718980791307388e+01
-3.463367749940234575e+01
-3.643932211315705416e+01
-3.407582991353508106e+01
-3.593132135980317798e+01
-5.805392890333134659e+01
-5.540958904784915973e+01
-5.852447864643166042e+01
-5.662113895213228432e+01
-5.910810064692694255e+01
-5.530044203804308722e+01
-5.284934135793037058e+01
-5.958571672467791558e+01
-5.913221905895173336e+01
-5.910891793202171129e+01
-5.857701123233901797e+01
-6.006285847239028897e+01
-6.058075433896367912e+01
-6.448519932270234278e+01
-6.125207770803578455e+01
-6.457541314419674450e+01
-6.083202169766423140e+01
-6.174864429103534746e+01
-6.024962632628320591e+01
-6.601621669339441212e+01
-6.761110099347695268e+01
-6.560467367306320341e+01
-6.719046421619216858e+01
-6.587315723335510143e+01
-6.470975665582349734e+01
-6.570593216237578815e+01
-6.427627780771771882e+01
-6.455945306128407424e+01
-6.491372489271077484e+01
-6.238125512236810977e+01
-6.166642149917981897e+01
-6.293407445001734857e+01
-6.289009347563424512e+01
-6.243700272363021497e+01
-6.313141493412489780e+01
-6.194792081666281547e+01
-6.314560774540782973e+01
-6.315028820560598888e+01
-6.318237745121770388e+01
-6.226467488984997090e+01
-6.167523918506383751e+01
-6.211336086348540420e+01
-6.258879714086528168e+01
-6.148467250032967968e+01
-6.227849404319604076e+01
-5.935337029835198308e+01
-6.151788265359905949e+01
-6.229154862515061097e+01
-6.143531406174765408e+01
-6.193003720890850161e+01
-5.995293410717521709e+01
-6.254391515509149713e+01
-6.028507563823855264e+01
-6.203607769674677286e+01
-6.150509598860375604e+01
-6.222317861465334232e+01
-5.863250648052179059e+01
-5.907175609182791476e+01
-5.281418808976322765e+01
-5.160556846178985069e+01
-5.712246835158495628e+01
-5.431206566068374997e+01
-5.353615640529648090e+01
-5.059377888830454850e+01
-5.653243658846962916e+01
-5.381109536421337936e+01
-5.743174225506867714e+01
-5.151340767186687231e+01
-4.783049892309860240e+01
-4.429287709152100661e+01
-5.182694260969110900e+01
-4.954184712445043459e+01
-4.912603243930404773e+01
-5.005324317926657329e+01
-4.242234225696086725e+01
-4.916600216676397395e+01
-4.913232732525673896e+01
-4.649344844722179459e+01
-4.612278195945476966e+01
-4.947724599552104507e+01
-4.413915580940355454e+01
-4.980091097815750345e+01
-4.665498927860267031e+01
-5.650797061026197809e+01
-4.401286242488621525e+01
-5.159982592541152968e+01
-5.417351481550466730e+01
-4.332840753984838500e+01
-5.402636790220257978e+01
-5.516841899528953519e+01
-4.129081542960834383e+01
-5.557686383695591559e+01
-3.489036971674856602e+01
-4.302680407532346862e+01
-3.422268524656632849e+01
-4.484789911193879419e+01
-3.375037498250640766e+01
-2.714668986523336613e+01
-4.128147305703497949e+01
-4.563201567288960092e+01
-3.558616828883442196e+01
-4.530696060561839289e+01
-3.773890491147101756e+01
-3.867461529185137437e+01
-4.331353237717691229e+01
-4.552160639166682898e+01
-4.264981843789064442e+01
-4.060200618229376346e+01
-4.547389376901713121e+01
-3.879691328604189948e+01
-3.555720189496111061e+01
-4.816463270844023015e+01
-3.670107481319969622e+01
-4.477200310514166404e+01
-3.983933432910009742e+01
-3.915094664041349404e+01
-3.591007259954069042e+01
-3.619421873686031432e+01
-4.062819698792970513e+01
-3.105878569230180375e+01
-1.811665830024789869e+01
-2.894990699902713516e+01
-1.897319800099608500e+01
-2.126155775901911937e+01
-1.706365535925539589e+01
-3.272540553929310647e+01
-2.195717436750229012e+01
-2.419714597646199294e+01
-1.610859421084663978e+01
-1.722006733378541909e+01
-2.520425883374078069e+01
-3.066461416238806947e+01
-1.844095597170042566e+01
-1.571765197599419395e+01
-1.319426765747379093e+01
-3.205895160050934578e+01
-3.402490666169996558e+01
-3.921386591282784906e+01
-3.769079972628513531e+01
-2.755398149998306323e+01
-3.396394543027568602e+01
-3.671793613716323534e+01
-3.444034548023557818e+01
-3.203010988937374748e+01
-3.284422775391372795e+01
-3.368463273619676102e+01
-2.940150940853454742e+01
-3.885118995548559440e+01
-2.972357764581009576e+01
-3.740766925930336129e+01
-2.109835594051637742e+01
-1.419672969157149467e+01
-2.494324529652458367e+01
-1.851178785263604354e+01
-1.884505859427831354e+01
-2.433928770761445293e+01
-1.901218637130822842e+01
-2.075045437223480604e+01
-1.549591459018498796e+01
-2.248537393274877161e+01
-1.547903868353678014e+01
-1.684359493066488511e+01
-2.518828396283043247e+01
-2.239674757147204787e+01
-7.944592670136650270e+00
-8.295012055286568042e+00
-1.514819370065394821e+01
-7.631644161515899860e+00
-1.048711213095189976e+01
-6.431385275204852370e+00
1.375006098786577979e+00
-7.312619207322157422e+00
-8.007587379066279709e+00
-7.686382360177899997e+00
-6.759203342461806763e+00
-1.156332870841103322e+01
-5.019345717162377873e+00
-6.417587008035079421e+00
-4.534092682696535981e+00
-1.870513375468774342e+01
-2.407347938899587803e+01
-2.211835306612574570e+01
-2.595609099772761041e+01
-3.066604930698676412e+01
-2.053137050579815082e+01
-2.487352789372141615e+01
-1.388129743971653696e+01
-2.225073293164431121e+01
-2.231112122857649638e+01
-2.241944580390567765e+01
-1.745908606983249811e+01
-2.704506936822026830e+01
-2.464942546854133809e+01
-2.532269059328232075e+01
-2.609752038321544632e+01
-2.139967620354715194e+01
-2.569927729613313971e+01
-2.081744351295527551e+01
-9.353629696324908593e+00
-1.131366815473815279e+01
-1.774447331370039294e+01
-6.546333015694921542e+00
-1.587400661220215348e+01
-7.855204581410879072e+00
-1.232904730181064323e+01
-8.340879980757986090e+00
-1.429980919455736199e+01
-1.270574417205060058e+01
-1.556606753056723846e+01
-8.285675221067435814e+00
-1.062523027322384017e+01
-8.756774210269895775e+00
3.030815188788373860e+00
-3.138325912538214801e+00
-5.127294991333097407e+00
9.825342661865416716e+00
-3.384510454913786326e+00
4.062485610580719886e+00
-2.567580896346698616e+00
4.395809875006664313e-01
2.505849111168801713e+00
4.102443883846019546e+00
-1.055846039666577418e+00
-6.818110249591409655e+00
8.958928840872015797e-02
7.661582914152393897e-01
-1.451358075691051575e+01
-1.593834881348193910e+01
-2.004589072232023739e+01
-1.895488717867942796e+01
-1.618891087341886958e+01
-1.647708785256487118e+01
-1.515535273503426161e+01
-1.853990395682208359e+01
-2.102050654158271925e+01
-1.788102291372444341e+01
-1.447161289220221647e+01
-1.963541539132139135e+01
-9.868332661346125079e+00
-1.456119280688761108e+01
-1.002857112296905129e+01
-8.139229335710776780e+00
-1.565216632022578835e+01
-8.346277061866050673e+00
-1.034380456300097784e+01
-1.361728175146556019e+01
-1.408495066929270401e+01
-1.117026698736702350e+01
-1.488468219026431072e+01
-1.547946557695467540e+01
-1.240997195358158578e+01
-9.930121727069646909e+00
-1.425643055865780440e+01
-5.583857056611499559e+00
-5.858513595217625713e+00
-4.801574796462675820e+00
6.406934680989451181e-01
-1.137568533187822917e+00
-2.506727336835581355e+00
-7.177029460398818728e+00
-7.271301487675120967e+00
-1.415472631824866045e+00
-3.866461925946810485e+00
-7.048440628809129471e-01
-4.493018234486707563e+00
-3.478688531585344190e+00
-2.782638378195633866e+00
-5.546359177704507815e+00
-6.468524839096895462e+00
1.715868154431764658e+00
-6.776625710356491972e+00
-5.614855613580715499e+00
-1.214655578534191349e+01
-1.237682780498064616e+01
-1.045422979522412810e+01
-5.382125937947555450e+00
-1.489184358750297577e+01
-6.874392341213983570e+00
-1.699368534042866585e+01
-1.303033960699783123e+01
-3.807416289091144712e+00
-1.385827422121966634e+01
-1.357516578550194453e+01
-1.660775600195674429e+01
-1.452099256751131762e+01
-4.048947009518482076e+00
-1.141847453021443037e+01
-2.575804670070582336e+00
8.427085580323391056e+00
-3.033449978411402626e+00
1.013232355381442851e+01
7.560490537220830198e+00
-2.232564241780103043e+00
-1.493469143047260417e+00
2.715553866505023839e-01
4.165821162512895803e+00
2.759802648427837291e+00
8.538666959799066092e+00
-3.346539568058440217e+00
3.044325333769170694e+00
7.374979935397778519e+00
-9.862570079694721326e-01
-2.088095725445140438e+00
7.206989108508555120e+00
-1.279595735141873636e+00
-3.014920968160111681e+00
6.796316037666674248e+00
3.583031508959826361e-01
-1.621190030865768961e+00
8.570253803371672419e+00
-7.003819373744974541e+00
-7.918084552875141569e+00
-3.286698985012526109e-02
-4.354347869977614138e+00
4.569420359900590256e+00
4.487966214449844671e+00
1.733569334364739589e-01
1.047108843481110085e+01
1.037821640213910612e+01
2.141025529047191789e+00
1.863025320762955772e+01
1.605108130369025332e+01
1.914343819752684794e+01
4.516462213183880081e+00
1.398769820801570063e+01
1.811199567345413541e+01
2.406444116380297515e+01
7.022691763595904746e+00
8.614345174192788335e+00
8.160718709882107902e+00
1.420403264867661441e+01
1.085407259475094932e+01
1.625461085558736585e+01
1.237033548104349734e+01
1.963468491303497032e+01
1.551150206282149391e+01
1.561056448343142833e+01
1.551710343973100059e+01
1.747914967796433672e+01
2.235174093890308455e+01
2.153501275899744272e+00
1.709189237684002904e+01
1.299873600158878162e+01
5.650591914955584549e+00
7.483084940716110189e+00
8.817452838460438258e+00
2.186885298218381024e+01
1.808596513342136802e+01
2.791496398828582670e+01
3.555051638650402879e+01
2.407170107412668258e+01
2.091579636823499655e+01
3.231750648966549733e+01
2.730101492673489005e+01
3.205090050463822138e+01
3.603015529859184340e+01
1.958883064457210565e+01
2.265898488959656021e+01
2.906761517718627630e+01
-7.148378132950887753e-01
-8.033044236933588600e-01
-4.914303467004754289e+00
-1.601108205859596678e+00
-4.178162715986706743e+00
-1.761521962050715207e+00
-5.295104228346902975e-01
7.223518216772943923e-01
-4.181271097808561876e+00
-1.509305570530658835e+00
3.431659242874870452e-01
-1.303508699235741197e+00
-8.390683815483499508e-01
-3.536324716599982931e+00
-6.791578086597611641e-01
5.207394026661915643e-01
-5.161455976376163601e-01
-3.557068285519620066e+00
-3.508103305180015674e+00
-3.610375008836780530e+00
-2.809143318799879996e+00
-5.527257588726897097e+00
-1.286245813545261685e+00
-6.898432151847774030e+00
-3.307966764752664712e+00
-7.749390642801497364e+00
-4.723026876741392321e+00
-4.590023929333232999e+00
-6.455992767373001762e+00
-5.372251081510865944e+00
-6.540747900988122865e+00
-2.373492523126967679e+00
-2.072475137058456873e+00
-8.003176399708115341e+00
-5.029987069539754607e+00
-3.619661428120886981e+00
-5.701188725919044131e+00
1.352251544568368269e+00
9.174496432296342263e+00
9.107649848300670925e+00
2.328339784468623552e+00
4.512569477979987198e+00
1.432893301475157477e+00
7.492367909987078800e-01
3.469288869139336429e-01
1.799326798892379786e+00
-2.666301677189109931e+00
6.844071402729409392e+00
-4.032833762929046273e+00
2.200441170765176313e+00
1.203834790136054211e+00
3.428366908804219015e-01
5.335890269773750916e+00
-8.104414001359194764e-02
6.638792510739200958e-01
2.852160951402922251e+00
2.150702233236484240e+00
-2.334634863085176981e+00
-8.494293525311318760e+00
-6.128437720561334068e+00
-3.942904394156777403e+00
-8.331110584702553723e+00
-7.020081575498613446e+00
-5.737015104327849890e+00
-8.558381700846432238e+00
-2.232527365727063007e+00
-8.350259793544781317e+00
-8.106347889114479344e+00
-8.575692321700101317e+00
-7.740182275339261508e+00
-6.358752300034902660e+00
-7.796118524487654078e+00
-4.262723423886524365e+00
-6.753172160134370827e+00
-5.145066566907376071e+00
-8.218082271304224307e+00
-4.963551218083244621e+00
-8.900139595927025749e-01
-3.007488400314012988e+00
-4.261575353735686633e+00
-5.496098735889204612e+00
-1.002607194834456816e+00
-3.475172482034719401e+00
-3.165993766296767209e+00
-1.933719317030821339e+00
-6.122388098728481776e-02
-5.764518969128875625e+00
-3.158810599900825355e+00
-2.678428010223114608e+00
-3.664925284153378371e+00
-5.600092808229290675e+00
-4.825438473524777727e+00
-1.995985760942834863e+00
-4.626553012472871984e+00
-5.774494987601091367e+00
-1.427205520790675086e+00
-2.305796066505450437e+00
3.045626129273355964e+00
3.602462676421256393e+00
1.057512150813613827e+00
3.462766587466293622e+00
5.479566535347713874e+00
1.243556613864350124e+00
-6.388758929268232301e-01
-3.497946877704292135e-01
6.939223113902394324e+00
8.041320204377466752e+00
7.916521251978753781e+00
5.901323169849201022e+00
1.589532741963165297e+00
7.639299466499185343e+00
6.902700017876531646e+00
3.022773520405482195e+00
4.896347346531666034e+00
-2.685452362091503176e+00
-7.301373822420305970e+00
-7.388035155698949197e+00
-7.293381863958474653e+00
-8.310018518109883345e+00
-6.120954739241544651e+00
-6.709260077166202763e+00
-6.850676488051613333e+00
-4.118650753588448232e+00
-7.430909820026608159e+00
-8.412541829287677686e+00
-5.652530846882675597e+00
-2.604403626598722710e+00
-5.935342493885992887e+00
-5.949006165530003720e+00
-7.227283750008885121e+00
5.208595184233937303e-01
-6.642225213488974767e+00
-3.075587021013248989e+00
-4.386806926214122271e+00
-7.940485299703724742e+00
-5.182301530619805696e+00
-2.655278104469199985e+00
9.128054074109108740e-01
3.819758963287186226e+00
-6.992802066248611226e-01
-2.791305459974848802e-01
5.981643956343383195e+00
1.900629199262997560e+00
-2.127870557455254996e+00
-1.403319475642695657e+00
2.253708593390594928e+00
4.136504467068733426e+00
-1.668248506142068877e+00
5.836606407063360535e-01
3.532893024114394542e+00
1.086227837283360032e-01
3.410590183742327142e+00
-1.468108524753529487e+00
9.390702176011952673e+00
1.652484944470441164e+01
1.224482041853329939e+01
1.629708472945355169e+01
1.634583093000323117e+01
1.805460882376331710e+01
1.854114662091344812e+01
1.702748745562204391e+01
1.386447445371899079e+01
1.724962026237332324e+01
1.635347514757231835e+01
1.742046863513650123e+01
4.486481240308607177e+00
4.522204154983695545e+00
1.289688749723944028e+01
1.379349958944794885e+01
7.684753233070110490e+00
9.486323510661268443e+00
8.875220810483604339e+00
1.282135930468102814e+01
1.004297238836324446e+01
4.785128661353630797e+00
7.166924775368917366e+00
1.669644867737527250e+01
1.105674572929459742e+01
1.485239599924312870e+00
-8.168531640586924603e-01
4.388276923625395121e+00
1.407429481018567241e+00
1.402723247894261682e+01
1.572585486620607043e+00
-1.405965000859989322e+00
7.608305626661035603e+00
2.340423035543526264e+00
2.282799802075852114e+01
2.413382889484902805e+01
2.311699400033787910e+01
2.315289146144021970e+01
2.135556639438787130e+01
2.078606857823399068e+01
2.299834265035473635e+01
2.017621268425542169e+01
2.376370592357370271e+01
2.277538126997739809e+01
2.189649561525576971e+01
2.204051145470332429e+01
2.227679809091370089e+01
2.389525390131222338e+01
2.140014617717583789e+01
2.445237424993846531e+01
2.013046194835556335e+01
2.355343938174827656e+01
2.405862973811725070e+01
1.530195615191350456e+01
2.427697247622140964e+01
2.654724817244801471e+01
2.587408670120336041e+01
1.588371081361059467e+01
1.697486416626983896e+01
2.165074054233173939e+01
2.120282269725591107e+01
1.472209441050758016e+01
1.814426521788461955e+01
2.743968565163473983e+01
2.541537863383642293e+00
-1.706765918978865759e+00
4.798196236410821491e+00
6.254308273391149697e+00
4.290198382320840054e-01
6.428879609915416182e+00
3.324068456080571998e+00
9.890609026116905511e+00
-2.317138138348258103e+00
1.109640282119650934e+01
-3.531901800455198526e+00
-5.216542517031648174e-01
5.122411840735981770e+00
-5.346997326207989509e+00
-1.553696934172096533e+00
1.703117692513657744e+00
-2.722223678014005444e+00
3.053138616921766690e+00
-4.552175190129084115e+00
-4.619285558618934751e+00
6.055074565438403056e+00
-2.257354282248792643e+00
-4.017927798524842942e+00
-4.886764343029493141e+00
6.403509898438516146e+00
1.244342870797874312e+00
-3.010091998812363556e+00
-7.357344788442112815e-01
-2.780587331761569914e+00
2.315528318055742218e+00
-3.362786392551198489e+00
-1.601721321461466729e+00
5.940979890631137295e-01
2.184457203448832274e+01
1.757230666412380415e+01
2.376885034273391284e+01
1.333332668125264497e+01
2.658514275054459830e+01
2.682765449035110805e+01
2.303372607456487131e+01
1.289566221442686711e+01
2.689480217078290991e+01
2.200887095979165764e+01
1.301763817217671360e+01
2.756921779175878839e+01
9.942618933962403815e+00
1.322467852652221154e+01
2.020771754158631239e+01
1.440580340635344037e+01
1.735201126269625860e+01
6.861707489520210146e+00
1.880055237120902589e+01
2.755376864168731288e+00
2.408652522496831949e+01
1.483380846256533658e+01
1.872660378757955257e+01
8.916098936348642923e+00
1.729110734485470857e+01
-6.749524167937082098e-02
2.262619336155562877e+01
1.095873254525828955e+01
9.247433241988680663e+00
1.053116457982256904e+01
1.697663199285052826e+01
1.462843737305529501e+01
1.080411465434010765e+01
1.250180547834535361e+01
1.942590451156116416e+01
1.252581202500771163e+01
1.107410832709101101e+01
1.362101507285420965e+01
1.418322580289048318e+01
1.303519087664300180e+01
1.270543716003798629e+01
1.105499556244136272e+01
1.103706555008785983e+01
1.296583832128918878e+01
2.312095716195134187e+01
2.139234572064504292e+01
2.283303152976467842e+01
2.127732370288730124e+01
1.655362727818091884e+01
2.082265234130274933e+01
2.041046564172859945e+01
2.204436561292349239e+01
2.181277722524786711e+01
1.808564766264301937e+01
2.156424098968594194e+01
2.147676822497069793e+01
2.004657015143767040e+01
2.154727261897563650e+01
4.038985825027792131e+00
9.264072772989198512e+00
9.457139694217143955e+00
1.584986464927192173e+01
7.181627907689042800e+00
8.387225317199259678e+00
1.052642026814129039e+01
1.060372028306446524e+01
8.781026634139973197e+00
7.447609928372449062e+00
9.608149639197719694e+00
8.358110123918480738e+00
2.048143624505735616e+00
1.887715480448203920e+00
1.196991968373938420e+01
2.356637877049938723e+01
1.809891049789792916e+01
1.679905339299688194e+01
2.121650973476659985e+01
1.682358474768273737e+01
1.758472581811213686e+01
1.706785487248761868e+01
2.087950781822560842e+01
2.097128749118978419e+01
2.323712517098311636e+01
2.263370468900108534e+01
1.972689821745199268e+01
1.327911630935382803e+01
2.283560416308147722e+01
1.580982053805876753e+01
2.373885450114299545e+01
2.387107955486750654e+01
2.657237680007606073e+01
2.379916526749309469e+01
2.454240958574216336e+01
2.591306150151634569e+01
2.585946619230363197e+01
2.583145162792943239e+01
2.478534192704668015e+01
2.341171436264201944e+01
2.573010331884129442e+01
2.565498315095983273e+01
2.574867698385521919e+01
2.609146803668453529e+01
2.659080628445740757e+01
2.435018089381561524e+01
2.512982795182660922e+01
2.643353369107688877e+01
2.422382217446359931e+01
2.490070535543318897e+01
2.496272820587609687e+01
2.532763555501127684e+01
2.497957272482423008e+01
2.574966532766538663e+01
2.460713738880489032e+01
2.210238085425720556e+01
2.266971813935892754e+01
2.279930273211766334e+01
2.433175234728511782e+01
2.240317490223794294e+01
2.219710627172146644e+01
2.301273935788657710e+01
2.413150878613181050e+01
2.331535389042546313e+01
2.364466254151371771e+01
2.302625038905800992e+01
2.464424497182795903e+01
2.490166910010779588e+01
2.147326962800353556e+01
2.405491578838499223e+01
2.122504228073256627e+01
2.567913018550289195e+01
2.339377855034643616e+01
2.588194061626872511e+01
2.494648143460759826e+01
2.389146801952036014e+01
2.124735894638298106e+01
2.595154134748494812e+01
2.326088772272777661e+01
2.356569286412265996e+01
2.191712105564267432e+01
2.502556669235092812e+01
2.232487647669739772e+01
2.150960264029714608e+01
2.502300001659052953e+01
2.431934407934161158e+01
2.395305891402866294e+01
2.316382409111962914e+01
2.059006625930107148e+01
2.466978350988402013e+01
2.345524792889978727e+01
2.287179541786463943e+01
2.070532911002801058e+01
2.435898374215788564e+01
2.116302716605822098e+01
2.459331623521065069e+01
2.284042681188095258e+01
2.250756654241992294e+01
2.092316306433790629e+01
2.101269184345661500e+01
2.229025963356897932e+01
5.215607213447517765e+00
5.123796196513211498e+00
-9.092809780361896799e-01
-2.604910166227313084e+00
-1.797387621908510980e+00
7.908011553781443936e+00
1.343712950631685388e+00
7.214793555683352899e+00
5.428792390303211590e+00
2.491708751242013520e+00
4.395563246929919288e+00
3.749257556374649525e+00
7.399746031121368972e+00
1.924988204691416627e+00
-1.723524554245317475e+00
-2.796959279197531956e+00
2.056789366807596053e+00
2.777049349753319518e+00
7.911521336634088186e+00
2.968170522607783468e+00
1.210882168270940795e+01
-1.828040110209201430e+00
3.469630869511775018e-02
6.491040869145354719e-01
1.256303630784809044e+01
1.051605170077557005e+01
5.542727238251893951e+00
-3.035585215878301213e+00
1.233777248626697798e+00
2.934147474602307071e+00
6.386314857594902250e+00
1.962812854150916664e+00
1.064623425817779889e+01
6.683847022356559364e+00
-3.358103403855249525e+00
-1.789451883270229970e+00
9.969024512005972838e+00
1.251562428620233192e+01
1.137316648191085378e+01
-1.587801376124536645e+00
-4.082678585981938113e-01
-3.928543358899290183e+00
-2.298958586991087572e+00
6.387890028614052085e+00
3.856598906603171173e+00
-1.840147488102704898e+00
6.748429435555823197e+00
1.067398811347150733e+01
-3.054557496243026193e+00
-2.721554280036208695e+00
-2.237275120670554784e+00
-3.101300088146915712e+00
-5.769381245238099254e+00
-5.795917305198370784e+00
2.903812584902318861e+00
-3.930820853063837106e+00
-7.519097579545130472e+00
-6.031129929316112026e+00
-6.532566166534598651e+00
-4.771010790198745966e+00
7.471910690087358198e+00
-6.175057561609722967e+00
8.279083768073197902e+00
-2.422653148033035109e+00
-9.759107028946758078e+00
-1.022827627433381892e+01
-9.221965419282724952e+00
2.072218211494242013e+00
-1.861588005354763098e+00
-1.579829178152484204e+01
-1.081823268091582335e+01
-9.235346669198087000e+00
-7.404388204183614874e+00
-9.887100499558135525e+00
-9.020354441200256090e+00
-1.047914592919821786e+01
-4.459562526981985187e+00
1.356370460826430957e+01
1.942328479106539518e+01
9.815269547921213089e+00
1.704568170442149722e+01
1.678225538898346159e+01
1.461125476592540018e+01
1.657636358984265712e+01
1.133606467566949227e+01
1.651412823451550338e+01
1.460558769273031032e+01
1.240991023285476658e+01
1.599858013413243718e+01
1.879577037170496823e+01
1.186180584811105909e+01
1.228903514743484671e+01
1.364237713118806106e+01
9.882891047896634973e+00
1.961693076817850212e+01
1.912104850118114285e+01
2.046870802474113304e+01
1.157234883103182810e+01
1.474323501065395092e+01
1.775885497800666002e+01
1.378921185440910691e+01
1.828727560683335795e+01
1.368705425058145231e+01
1.686905012966833439e+01
1.158556154926605508e+01
1.786112600543742701e+01
1.939581928098059649e+01
1.871506844255237922e+01
2.559060912860351422e+00
1.080608268737124789e+00
-4.421208036161972110e+00
-6.831126133436422165e+00
3.449359955464696981e+00
-8.059525043937226130e+00
1.189562536677557958e+00
-2.980858138453958972e+00
-3.524769628120145271e+00
-7.997225245082857370e+00
3.189098308605071708e-01
2.424191954083491751e+00
-2.186864493178049429e+00
-2.619437183285004078e+00
5.124950900208427917e+00
5.125276497042459134e+00
6.984884506846195329e+00
2.731058154939405291e+00
-3.131389653786873950e+00
-4.117808362473708073e+00
-5.982197741859522466e+00
-8.258473353220026070e-01
8.633210347408191154e-01
-2.867401961905269303e+00
-2.769738507886243983e+00
8.856873764648189873e-01
1.085382384322064908e+01
-4.645579057433133485e-01
6.197288726232619283e+00
-5.046706760732678099e+00
1.083014325302151093e+01
-6.050503948571824608e+00
-1.718019876648484434e+00
-9.963283336637797305e+00
-1.080969223468061635e+01
-1.280045889742148901e+01
-5.638346870596057769e+00
-9.916743215365146469e+00
-1.095973419928427006e+01
-4.230399784407943287e-01
-1.501126018179793675e+01
-1.546064388903588238e+01
-1.023146521633728057e+01
-4.436114657784765214e+00
-1.028022749181416984e+01
-6.978107544836769094e+00
-1.021646293667665972e+01
-1.707495449368445861e+01
-2.406949420840679821e+01
-1.732620837382695456e+01
-1.098518914732445495e+01
-1.532497464748009364e+01
-1.554744804966070681e+01
-1.096158303754317842e+01
-1.573252835481567047e+01
-1.775894250401331576e+01
-1.379208584758736933e+01
-1.271005719049005123e+01
-1.490669771585595527e+01
-9.661863780760505449e+00
-1.074803267846360910e+01
-6.382194078595579079e+00
-2.438267346673937652e+01
-2.329777019769335311e+01
-1.769522367939817187e+01
-8.599350524310734656e+00
-9.317105722795355760e+00
-5.020132153326933633e+00
-2.556239009786207461e+01
-1.004294213560150340e+01
-2.103838035484608682e+01
-7.737351147368842774e+00
-2.352956762930683610e+01
2.283692009206516005e+01
1.779368237379484086e+01
1.914903196984057487e+01
2.184759241665513230e+01
2.307086732755402991e+01
2.281158916093376732e+01
2.243307988811937292e+01
2.310583822437645907e+01
2.114509601444635578e+01
1.986018143080858067e+01
2.254666475554468619e+01
2.698538462422851580e+01
2.808699734436748230e+01
2.602188541100464292e+01
2.598673913433058402e+01
2.530905789050217081e+01
2.838980903034320846e+01
2.664888502856241104e+01
2.420159959423195772e+01
2.397037425435734903e+01
2.498140672855721789e+01
3.046276531168807011e+01
2.912916635898703177e+01
2.822737502453945169e+01
2.994449992188702225e+01
2.877391065526215286e+01
2.782463535167779156e+01
3.116094745525950316e+01
2.688119444339492858e+01
2.851115163977586064e+01
3.260287645891584418e+01
2.055164126534532443e+01
1.241875597600027348e+01
1.144700998866638564e+01
1.076132786409841557e+01
1.057068876081783415e+01
1.454765385883080953e+01
8.552483998698001244e+00
9.947494245282783254e+00
8.653432809485423149e+00
1.666869484840737670e+01
1.750998380213773942e+01
1.612251558909838423e+01
2.182795443762145027e+01
1.840571585282993894e+01
2.027174181319710655e+01
1.942659173316297938e+01
2.172080134680396313e+01
2.112976311650376360e+01
2.134307810367684866e+01
3.137815902996350914e+01
3.179627537504601165e+01
3.087259486277694975e+01
3.212947243595736779e+01
2.847786419755212961e+01
3.158099690303975748e+01
3.409859473178559597e+01
2.611530663664324692e+01
2.913780466286973336e+01
3.131040680874761506e+01
3.105977658660766494e+01
3.237287989170992830e+01
5.462411325607984480e+00
7.054295410791883825e+00
1.087770280700011583e+01
1.535164643211700231e+01
-2.137306595011480237e+00
8.452714877036720864e+00
-4.265512554409728097e+00
4.878118219210863415e+00
1.616322139069236385e+01
1.317974919301690306e+00
2.144793096307745728e+00
-3.583226333037528910e+00
7.506878815739423061e+00
6.533394937817672776e+00
2.243223211005656736e+01
3.005601325339458896e+01
2.451202947075061545e+01
2.684513313658312583e+01
2.449060613410401999e+01
2.449716398642486226e+01
1.822111739172647660e+01
2.195195489063471683e+01
2.485514191283157004e+01
2.173256933349342290e+01
2.992887509498036991e+01
2.112393422932319353e+01
2.342416563874706625e+01
1.659878076821585324e+01
3.381859097262001512e+01
2.883867512996322091e+01
3.398096203304258722e+01
3.053341230457072086e+01
3.463560187363685827e+01
2.951706996122337046e+01
3.434817018950032264e+01
3.346650728005768372e+01
3.408232762598763088e+01
3.377313171790543578e+01
2.961756858008705251e+01
3.086531891634209401e+01
2.962949407517887934e+01
3.416412023668401332e+01
3.222476681325142067e+01
2.651752924869706973e+01
3.655140523555511578e+01
3.285573845118619829e+01
3.457352020055500219e+01
2.857930034647401385e+01
3.613468283924903801e+01
2.403060299599065175e+01
3.101214240672427280e+01
2.219545409101317901e+01
3.241931879360308955e+01
2.639499854363354459e+01
3.404482235600254114e+01
3.340608057910585416e+01
2.138494480792135732e+01
2.088390897072984842e+01
3.111985611417066622e+01
3.931362967026184663e+01
3.230733017729604484e+01
3.729248523449027175e+01
3.812915849739828644e+01
3.722508988698891130e+01
3.128567516520929814e+01
3.912849897621700279e+01
3.258555286559757036e+01
3.524685937512769129e+01
3.564715419170728694e+01
3.219502452839692808e+01
3.283492100049205931e+01
3.885590689674081233e+01
4.061770348196014879e+01
3.860472784072449315e+01
4.117641320675436845e+01
3.875562483608467801e+01
3.722636421790069505e+01
4.168231662866837439e+01
4.026045126497400872e+01
4.086857936904497990e+01
4.379052332830042360e+01
4.447037734762592720e+01
4.353860875920621964e+01
4.344250416972336382e+01
4.383433365683755056e+01
4.329529290885203352e+01
4.267844200261208698e+01
4.340009886195026922e+01
4.455413457381887099e+01
4.369180733079812740e+01
4.428712911819523868e+01
-9.057784408745643390e+00
-1.362569393880939650e+01
-9.423298316810454267e+00
-5.856900295293689496e+00
-5.861693657065645269e+00
-1.260520919143198526e+01
-9.456801370543093554e+00
-1.091409063183347250e+01
-1.012196195378811403e+01
-8.768815390173134716e+00
-9.425258363274512163e+00
-4.761418469447328050e+00
-1.194173279155934742e+00
6.835479370657371767e+00
8.704379228817304082e+00
1.532183801788176591e+00
2.450000598489835202e+00
1.508755355526763875e+00
2.798687827979610354e+00
6.595349311511965462e-01
4.769700194614635791e+00
-5.212559939280999366e+00
-5.817886444955433056e+00
2.525628371241983317e+01
2.008572211925790896e+01
7.273181250125887232e+00
1.422084296947357629e+01
2.448172894258129162e+01
1.504380388640332100e+01
1.764609000516635362e+01
1.377893654370956966e+01
-1.247604870549086620e+01
-2.381715182638986761e+01
-2.332926263163282954e+01
-1.448086122996152625e+01
-2.102954597459849850e+01
-2.588103114908749802e+01
-2.431083227910381694e+01
-1.866385319049147284e+01
-2.435919826605415039e+01
-1.820823395524218213e+01
-1.289412957607633992e+01
-1.516639359455345648e+01
-2.258758218625937531e+01
-1.697261606218229701e+01
-1.686346025850873431e+01
4.925914988342404932e+00
9.831334734751617788e-01
-1.278979490812719888e+01
-5.315949571161729281e+00
-3.496191477995484576e+00
-5.932846204519954370e+00
9.905129445245659525e+00
1.098845065664908205e+01
-2.657071663796603200e+00
-4.820383114693366444e+00
-5.279021734353510631e-01
-1.283086793597192354e-01
2.463309189547099098e+00
-1.757757743693467711e+00
5.395739045086878960e+00
-9.306892528030779488e+00
-3.309817832672009530e+01
-3.432527363828002365e+01
-3.200384187747063436e+01
-3.899737339142309622e+01
-2.881896618370080887e+01
-3.164999317231913523e+01
-3.112398495956151478e+01
-3.237852954431107833e+01
-3.813277958174752769e+01
-4.125321350325531000e+01
-2.970295104127792030e+01
-3.608043466672408073e+01
-3.020254389479069701e+01
-1.772082396151004957e+01
-3.296267332351368395e+01
-2.520824053508611939e+01
-1.663308609303308572e+01
-2.888516051253837702e+01
-2.806251362511483549e+01
-2.714033282548348680e+01
-2.848016144817293238e+01
-2.994473466899958680e+01
-2.599408634340452906e+01
-2.115806188139436372e+01
-2.010444373129099915e+01
-2.943759136364653628e+01
-1.580199870115315797e+01
-1.061050313299860726e+01
-1.043553595371905196e+01
-1.127694300653512727e+01
-1.868607424913150439e+01
-2.234814277313275710e+01
-8.845732015896512479e+00
-1.630145725947508595e+01
-2.233371927881582053e+01
-1.054362291017576503e+01
-1.466488542673224060e+01
-2.073474220718798477e+01
-1.883058502069018658e+01
-1.634679192193304686e+01
-8.095078654746949098e+00
3.012276436290456516e+01
3.004749816554675235e+01
3.263872080117216967e+01
3.584432464118911810e+01
2.557640703844164420e+01
3.793843148466798709e+01
2.401842368983572840e+01
2.141353383452847225e+01
2.069523308182225563e+01
3.709357245473283626e+01
1.566768940160238799e+01
1.189234874594107083e+01
3.750788561625900286e+01
1.998934061779385019e+01
2.685263508147259159e+01
1.586040163837141392e+01
4.212234533254654423e+01
3.062673597348090837e+01
3.597598154287181416e+01
3.455692829293486312e+01
4.161549464972881651e+01
2.948652380084442370e+01
3.988715768958935826e+01
2.916770633175723759e+01
4.248087201405141400e+01
3.968456548903746750e+01
3.427589367506778473e+01
4.058800022739765012e+01
3.949584230583026567e+01
-1.180136774813608014e+01
1.521271227452759689e+01
4.158613578988157755e+00
1.032627389544253305e+01
3.492008028674975506e+00
8.706992836235698974e+00
1.359607943809148622e+01
1.197239325844284608e+01
-2.969530436170000343e+00
-1.856528088094631102e+00
-1.443608310194335864e+01
5.949030357244314615e+00
1.132775601674480725e+01
-1.431327446522852043e+00
1.155203731399116407e+01
7.728259253752328917e+00
1.436538805177325706e+01
1.867580839094020462e+01
1.166047694328794293e+01
1.854458449109216289e+01
1.302986033991017045e+01
2.022940353566367833e+01
2.928574193579735763e+01
2.160646591333019018e+01
2.025090075278679436e+01
3.163744439465369851e+01
1.273093405270977563e+01
2.034794614757216280e+01
3.231937397849391402e+01
1.464677474087217846e+01
2.380847737279394494e+01
1.289959433950676093e+01
3.087067588299873222e+01
2.098421448601225592e+01
9.234353507637980130e+00
2.244171103488250552e+01
1.802318636966958465e+01
1.832273862457560298e+01
2.643799772955053839e+01
1.820451321286740409e+01
2.766925756922772450e+01
1.331699339232881663e+01
1.473248392516866545e+01
1.362028434908249430e+01
3.086339909700721407e+01
3.254523196476861813e+01
3.251741800678323102e+01
1.300319205967717906e+01
2.078600374663144734e+01
-1.389440205675784235e+01
1.230701499789016751e+01
-4.120248172376230755e-01
3.028142419309372002e+00
1.244395326281854963e+01
-3.134929649756706738e+00
1.835812475220761542e+01
6.793353041709462303e-01
3.517213629636755545e+00
1.148642773789078575e+01
-1.253914490086899569e+01
2.470025815771871081e+00
2.699522505236862102e+00
-1.155676949667769549e+01
3.722471210979299450e+00
3.573687899346830932e+01
4.233750270649579761e+01
3.921605861783386615e+01
3.698068881911197536e+01
4.431179611145481090e+01
4.351309242612800432e+01
3.501839639088135669e+01
4.054564636303910419e+01
4.123502036584442010e+01
4.059451555478487705e+01
4.064326899783805658e+01
4.295920066398157644e+01
2.976949514654821627e+01
3.310330240288964632e+01
4.147186695412773361e+01
3.867632544526463789e+01
3.581892520637254052e+01
3.477833320353327906e+01
3.006037897668723247e+01
3.853133611572761907e+01
2.694961609495082300e+01
1.911910972962341404e+01
1.266136217862593938e+01
2.570257837035823911e+01
2.442525015192732951e+01
2.052199774319575099e+01
2.129337984029430419e+00
2.691859684773960026e+01
1.712508638229694213e+01
1.964425181197848147e+01
2.453222926377680224e+01
5.929561616200446750e+00
1.739125251423648422e+01
2.036171119849099398e+01
-1.440753400468606138e+01
-5.233279861509341657e+00
-8.656880531304675941e+00
-1.995755950823834723e+01
-1.099507826775485064e+01
-8.251934926433073247e-01
-1.745275483163842978e+01
-8.940869371122525777e+00
-2.686225808348093480e+01
-6.653424676198827825e+00
-1.015702894901447095e+01
-1.826787591943507039e+01
-2.675002868032303383e+01
-3.086223415083547650e+01
-3.977862797715790322e+01
-1.569899886332034811e+01
-2.964601669693364983e+01
-4.012572970073282619e+01
-2.968766719178561786e+01
-3.619308747590771702e+01
-4.478515873481783416e+01
-3.362045074117014565e+01
-2.384173435649593742e+01
-2.879219116315266547e+01
-3.928524324127842959e+01
-3.306845931879004752e+01
-3.373689254931187520e+01
-4.774379708216992668e+01
-3.517498072514990071e+01
-2.742809812493153032e+01
6.188409250933283090e+00
1.939958571469580306e+01
1.515063283116715809e+01
2.291564194313516989e+00
9.034048808227002070e+00
1.627057819464841160e+01
8.926707305458673858e+00
1.356678937003042762e+01
5.391405064119880741e+00
1.323066119597509527e+01
7.873385293653003991e+00
1.502109680334010378e+01
-1.659310341390956012e-01
-2.241604829593035220e+01
-9.926162417270598226e+00
-1.787714973662082585e+01
-2.275046757135334019e+01
-1.678126981768478032e+01
-2.161982147847322722e+01
-1.976099149780500142e+01
-1.190336670538150621e+01
-2.406441801019816751e+01
-2.376474627484978441e+01
5.835708375207159904e+00
-2.081937086947854709e+01
-9.711401946378252603e+00
-2.791325421527496076e+01
-2.043557515963942706e+01
5.999996234949893648e+00
-3.606725990740824983e+01
-4.078285370828398015e+01
-3.373580360933564037e+01
-4.465941721594970204e+01
-2.974803709516201877e+01
-4.789456552449073712e+01
-1.578565520253897425e+01
-4.594112383076209483e+01
-3.588992446859270302e+01
-2.101217586472852261e+01
-4.206753750317948004e+01
-2.190363333019283942e+01
-2.388504144356261349e+01
-2.243163450201831211e+01
-2.368732142696157439e+01
4.176695961575161675e+01
4.371861552691218833e+01
4.380441778723811552e+01
4.231755280954933340e+01
3.788107567654231644e+01
4.332325529840446166e+01
4.406723996156677003e+01
4.196768982971630635e+01
4.241761382400959945e+01
3.809455667536911960e+01
4.270518660851313086e+01
4.162657356029036038e+01
3.833925156522683153e+01
3.549723399668628332e+01
3.909895624338540898e+01
3.785669195105710116e+01
3.861393412229806188e+01
3.713937547046907639e+01
3.710326585081730144e+01
4.009460466627934494e+01
3.362096154867455056e+01
3.675426492972247416e+01
4.048338264242821083e+01
2.458410356399254937e+01
3.060547759554360780e+01
2.506628943708221158e+01
3.404531045619512497e+01
2.344029849791338904e+01
3.663028908961646124e+01
3.330952219356725408e+01
1.763392595873287760e+01
2.425716497265874594e+01
3.443002043820428071e+01
3.466051228642623983e+01
2.381475315587398711e+01
2.316167667303087541e+01
2.381951902556627942e+01
2.744366608397874074e+01
3.721171120252198250e+01
3.507913346293949530e+01
3.100563016438656661e+01
3.179539675454126169e+01
3.303125207580256273e+01
1.071329174659623007e+01
2.386897681664301984e+01
3.551676734494436971e+01
2.975552121975802677e+01
4.001322101976029444e+01
3.769491633787029627e+01
3.640243017510343293e+01
3.129955589984140829e+01
3.273323191113694008e+01
3.542260125870986087e+01
2.936553936937067988e+01
3.803422774711621202e+01
3.317694904419865765e+01
3.795732975885395177e+01
3.568565764498292481e+01
3.284581497637189074e+01
3.771762433425848116e+01
3.168247854075654857e+01
3.438804171337481819e+01
3.166121271961532102e+01
3.338456465037354803e+01
3.280012365415102238e+01
3.180676827346140101e+01
3.480324836222557394e+01
3.358985723593222872e+01
3.594851998173859897e+01
3.106372797697676447e+01
3.164523794353381447e+01
-1.115535661312949323e+01
-2.811042735063953657e+01
1.319167332365932843e+01
3.263838987165620154e+00
-2.875160741497201400e+01
3.142061019405627320e+00
-1.432742749593993281e+01
1.995940813688739013e+01
5.004388901054442229e+00
-3.121771334712435575e+01
1.642104355450944198e+01
1.778220867090578849e+01
1.132201584376300474e+01
1.500044233244483749e+01
-8.025796384444202403e+00
-4.127731412802809530e+00
1.759647442014415475e+00
1.877765977205475068e+01
2.268665060349918505e+01
1.207676429418771491e+01
2.779484387996020445e+01
2.185108773194915699e+01
2.866975932029764351e+01
3.090206538187857177e+01
2.807976631929305356e+01
1.921663116295176366e+01
2.605479972822277901e+01
2.667058130679109595e+01
2.269026990286137746e+01
2.569835114566166823e+01
2.667020640438141399e+01
1.975814189260263021e+01
1.764076768161415387e+01
1.635842131211026285e+01
1.974498813845944412e+01
1.932734129272601464e+01
1.527541179939265348e+01
1.843852772575750265e+01
1.693680997442739766e+01
1.766824089652226348e+01
2.016197412495313301e+01
1.979682953319598937e+01
1.696262518555593246e+01
1.619275192483475934e+01
1.758316210762082221e+01
1.673839943374354533e+01
1.516388674937827474e+01
1.334710881359649015e+01
1.464851103057146275e+01
7.673161815946146547e+00
1.231586556957928025e+01
1.225076151202467756e+01
9.509475616495468131e+00
9.843942371494666332e+00
1.085381380039110688e+01
1.565586251442393895e+01
1.066255800148032939e+01
1.149988979490975538e+01
1.592566125998796878e+01
9.288547414100877475e+00
1.423426975885721824e+01
8.098686602701171466e+00
1.455270072522573876e+01
9.059205278118213300e+00
1.142109213243166010e+01
1.877919533857381396e+01
1.756655497754847772e+01
1.828360631181891804e+01
1.408005858645537423e+01
1.754452303051778017e+01
1.825267473241067151e+01
2.053459659443054264e+01
1.642119027377289342e+01
1.716053018788781870e+01
1.885588791483127835e+01
1.587272526389488903e+01
1.648307266034393948e+01
9.121741159431575596e+00
5.309468333851024013e+00
1.138148859923198586e+01
1.280430386902690287e+01
9.055890261672123742e+00
1.265543206502414009e+01
6.498587200308749701e+00
7.088750077619793366e+00
1.018428604387757375e+01
1.093444233934672205e+01
1.243885634036385923e+01
7.165738887694387493e+00
9.037872021424849578e+00
4.169206878964735630e+00
6.705955887049234398e+00
7.403499192041506305e+00
6.095069612832904049e+00
6.799199040300387686e+00
7.223607412346528811e+00
5.005296520207654254e+00
1.133424525081470957e+00
4.082527362757299549e+00
1.152096798855529070e+00
4.856991973247155592e+00
-9.603982849307581837e-01
4.949453416139033557e+00
4.050496059869854726e+00
6.693017288347610894e+00
9.029520828597517035e-01
3.393772609095902837e+00
6.022695290711223670e+00
2.578302224477846405e+00
2.971564737224326791e+00
-6.219249466214415989e+00
-5.494672685573398496e+00
-3.376524460451770349e+00
-2.514036740052949082e+00
-6.128801788460879862e+00
-1.500983935872392649e+00
-1.559489762416273795e+00
-7.417128394112252998e+00
-8.629827515828870643e-01
-2.437627371653640740e+00
-8.038540101553689254e+00
-4.546805722126472382e+00
-2.402839284386484309e+00
-2.074662307770380743e+00
-1.316167488048765044e+01
-4.574513878525968025e+00
-8.426733936711684692e+00
1.418458121179053677e+00
-3.445860079346815041e+00
-2.183489916178405821e+00
3.506945638127855425e+00
-3.105714104469130987e+00
-3.815171360364251640e+00
7.022480889237412427e-01
5.061406220683874579e+00
2.458299741168917585e+00
1.437321986457044787e+00
2.736477774611079106e+00
-2.683595574996733291e+00
4.521790829574454662e+00
-1.161587468777613097e+00
2.155681548388612256e+00
-3.134572423057944590e+00
1.285804239806829230e-01
3.001025608455374805e+00
-1.019091675065414648e+00
-5.171707038264889533e+00
-1.247285114008758811e+01
-7.597753614834568126e+00
-9.999000244827195516e+00
-8.436598879400225570e+00
-5.153043225710291608e+00
-9.340613713731702461e+00
-6.513764892154117803e+00
-4.971566950263781592e+00
-1.281358523849985609e+01
-9.770667241419999982e+00
-4.579770930337745405e+00
-6.082658826817100461e+00
-1.440403995424714978e+01
-1.163107318863680817e+01
-6.456063397623648115e+00
-4.468650767970883564e+00
-9.159161573336819018e+00
1.070943339839355879e+01
7.029971777409318889e+00
8.648351012553826322e+00
1.141753866653466787e+01
4.750310279642118161e+00
1.673600919642935381e+01
5.048071578016255501e+00
1.416937341080476287e+01
1.268611656107338703e+01
8.808292153742716124e+00
1.555797577595860481e+01
7.168130227900656237e+00
4.419435210097727662e+00
4.286454296586256874e+00
7.104008603366239960e+00
4.562343535483668333e+00
8.548781989495530809e+00
5.972272148778718481e+00
1.020902198650579784e+01
4.438119383198324996e+00
2.984135954667141988e+00
7.739824924516169879e+00
6.164072268713784553e+00
5.966865005577053793e+00
4.444038094467270383e+00
8.876715522842323125e+00
7.505976298155071724e+00
6.492986803474657620e+00
-2.246109525181363420e+00
-9.002517331578394177e+00
-1.618184254242335030e+01
-1.545287365493469522e+01
4.287722924116279088e+00
-4.825514369131162162e+00
-4.814226246635941564e+00
-1.945207360452338818e+01
-1.720890050634827517e+01
-1.101188624731182664e+01
-7.926109394050838475e+00
1.634717286842074291e+00
-1.520907240861538412e+01
-1.143574436485911328e+01
-2.169643872013248398e+01
-1.674487032306580048e+01
-3.643312498702837132e+00
-6.133423972360017018e-01
-9.109601613484468174e+00
4.201739616998136917e+00
-1.669262527785201300e+01
-1.656789789516972533e+01
-1.814955079700294505e+01
-1.906025427170305875e-01
-1.839881886401588673e-01
-1.734067440878515143e+01
1.860596622092685948e+00
-1.390278796526876448e+01
3.733275990360773733e-02
2.622665304326924129e+00
-3.696044990972191968e+00
3.446056958190776953e+00
-1.203731443105878540e+00
-1.100549164925985579e+01
-9.329114722440126073e+00
1.739456892068014682e+00
-5.699694536360127017e-01
-1.930456662830804504e+01
-2.483836021553340601e+00
-1.143358998681989647e+00
-1.587458915000977200e+01
-2.294278117256343563e+00
-2.495347101641593568e+00
3.963753105369981711e+00
2.229774511509624801e+00
-1.478316910336818779e+00
-2.095267512364941354e+00
2.258986074089705198e+00
1.056512268989671099e+00
-4.440230488648850837e-01
1.853121434897254005e+00
3.665001740375501527e+00
-3.522435329268400750e+00
3.581450422645225729e+00
2.818833424322333414e+00
-2.547081426019204287e-01
-9.452668294244759295e-01
-2.192600665806361704e+00
-3.009584988437552511e+00
-2.979392410631263033e-01
-1.872088991779584433e+00
-6.170713383655357376e+00
-8.003476287761902341e+00
-9.804285547483340579e+00
-1.092229509631186879e+01
-1.173871659962965808e+01
-9.785884084936730787e+00
-5.598708645496841996e+00
-5.053094941639447057e+00
-7.381258230496625217e+00
-7.545840520423194420e+00
-8.045423789869252218e+00
-5.836329185623789328e+00
-8.971191102571731690e+00
-7.893729177866816826e+00
-6.367658077968485486e+00
-9.942969228123073933e+00
-1.357577811779254340e+01
-7.312217082753761588e+00
-1.986851522515799218e+00
-1.517332138965722876e+01
-7.904369708455078580e+00
-1.289584689323490352e+00
-6.540019106014149486e+00
-1.192205563177146743e+01
-1.103150193197034312e+01
-1.610565310276349749e+01
-3.771593789104191075e+00
-1.339320544322754358e+01
-3.492311634511622742e+00
-1.671592646621825295e+01
-1.531641701975229886e+01
-6.842556542357836946e+00
-1.160516093458129028e+01
-1.694157793030928616e+00
-1.336374832102073107e+01
-9.951097323645123893e+00
-1.325153369662287517e+01
-1.041824413202371602e+01
-7.761583168991624149e+00
-1.417566099271419588e+01
-1.370003539969772177e+01
-1.519944182364043428e+01
-1.207696169506056449e+01
-1.389879941147584930e+01
-1.287525917557759669e+01
-1.621445201119080082e+01
-1.214225492874370005e+01
-1.021971894008975923e+01
-1.238645616997058241e+01
-1.220149648906228990e+01
-1.131048651975484276e+01
-8.697854973132432832e+00
-7.919717749634056503e+00
-1.338217695218105519e+01
-1.308783852998937647e+01
-1.135765955344704992e+01
-1.138290149745484925e+01
-1.149123708037537739e+01
-8.264969870384462070e+00
-1.118725912093319508e+01
-1.072585488973825107e+01
-1.172740490073173802e+01
-1.265767276084331883e+01
-7.105273846347497368e+00
-5.454344529089745208e+01
-5.370855262674919572e+01
-5.472912086429246870e+01
-5.668332979836318231e+01
-5.375146454386199224e+01
-5.381902186029940083e+01
-5.470864840957440833e+01
-5.425452963438134901e+01
-5.317589552008109166e+01
-5.282105347541084228e+01
-5.599885669813997424e+01
-5.811641412990164213e+01
-5.555649970957665573e+01
-6.234867431664969217e+01
-6.286929041486790481e+01
-6.324960088843923955e+01
-6.070846199349718830e+01
-5.950287502355510583e+01
-6.093339132995783558e+01
-6.033263709644883477e+01
-6.034750267110450750e+01
-6.110836899954776413e+01
-5.951419353311467120e+01
-6.069090740212730140e+01
-6.299001585583449980e+01
-6.353084843325982689e+01
-6.128752520470760601e+01
-6.102627100002722216e+01
-5.336963615734553912e+01
-5.484924485797804294e+01
-4.537087307535252734e+01
-5.560858272718294160e+01
-4.640069524051012451e+01
-5.261196577939200836e+01
-5.278015739815162988e+01
-5.275218074309696448e+01
-5.580758586814771149e+01
-4.898249585802332717e+01
-5.058689714737307241e+01
-4.712283979213285079e+01
-5.118808789580756979e+01
-5.191609417950004968e+01
-4.603683880573554177e+01
-4.192184802761435947e+01
-4.991558696034186937e+01
-4.933919045999861197e+01
-5.573271464021255639e+01
-5.018673882825789434e+01
-5.571663564470023289e+01
-4.656111070892831094e+01
-4.820499234948790956e+01
-4.721652721112448603e+01
-4.350989645935051442e+01
-4.783762859797634803e+01
-4.863532017780105576e+01
-4.858845839496691354e+01
-5.548558870266050036e+01
-5.318644029689637875e+01
-4.314667375018527196e+01
-3.197659495369156701e+01
-5.161014325720357476e+01
-3.065535712151312708e+01
-2.448037711499202729e+01
-4.579269557174308147e+01
-5.015755876966623106e+01
-3.374891826891337132e+01
-3.650773236473535377e+01
-4.361584942181232805e+01
-3.975465097824493910e+01
-4.305531145756472711e+01
-3.203296770941265237e+01
-1.697042633828618818e+01
-3.256150340042293578e+01
-4.467462745202718111e+01
-2.275571316626891161e+01
-4.423238640667013044e+01
-2.657409984542834991e+01
-3.958774213692131383e+01
-4.118184617553280447e+01
-4.708657768247589814e+01
-3.856747053723167795e+01
-2.896790284699179452e+01
-3.187912058044464203e+01
-2.132137857498669575e+01
-3.811556761422480122e+01
-3.678952967492976001e+01
-2.121008640841343151e+01
-5.413317286120295790e+01
-5.236090100006997261e+01
-5.883942340165937424e+01
-4.902962350709717043e+01
-5.088481002825829336e+01
-5.787257400869155788e+01
-3.316672716984406577e+01
-4.648897009407711778e+01
-5.225500998733234326e+01
-5.086526184890331592e+01
-5.717056781334852644e+01
-6.169646807706652680e+01
-5.755409932642536575e+01
-3.455690718646634707e+01
-6.543968158064743079e+01
-5.737056674358595387e+01
-3.237818570404427732e+01
-5.950697052711429080e+01
-5.993606326021698294e+01
-4.787069479745397160e+01
-6.740241060863760936e+01
-6.430166412678387644e+01
-6.499854334120624344e+01
-6.174921657460196656e+01
-6.563434980087325243e+01
-6.621113059412648738e+01
-7.172127314765559447e+01
-6.516492317488084041e+01
-5.361423258408834869e+01
-7.139250953517353082e+01
-5.731543271827369779e+01
-5.676529442927476055e+01
-5.882667735275204279e+01
-6.979552601543912260e+01
-7.550746517548989800e+01
-5.911265115133066672e+01
-6.240214038105068539e+01
-7.304467586075264762e+01
-5.113254240218168434e+01
-5.871532357313962791e+01
-7.035090453572315994e+01
-6.749033900128020491e+01
-6.377974049594072881e+01
-6.227931429171758282e+01
-4.454853081070474730e+01
-5.994687811094711094e+01
-5.628470140210291106e+01
-4.491831511313142755e+01
-6.689387109560571787e+01
-5.540874701174208639e+01
-6.927339231618947224e+01
-4.756199563593149549e+01
-4.309388267869258016e+01
-4.676774952164031163e+01
-4.436788678526026786e+01
-3.520657842762498291e+01
-4.122007858659824109e+01
-3.296730378056192734e+01
-3.866404614862958056e+01
-5.199947923169322195e+01
-3.289146860975245090e+01
-5.550596093582051083e+01
-3.574640359388503441e+01
-2.540864654253562449e+01
-2.050849646219107925e+01
-4.038089808576987849e+01
-4.110795595786311196e+01
-1.384066055385189919e+01
-3.844584690267380722e+01
-4.316341429696365140e+01
-5.023071208824172373e+01
-2.990005952832489555e+01
-4.866670234723304134e+01
-6.768362378913661814e+01
-6.646838175533051185e+01
-7.075283146841036341e+01
-5.330873231849132310e+01
-3.997212638554446329e+01
-5.941967139845201018e+01
-4.197370216006222421e+01
-6.920029578191365260e+01
-5.746415995661608633e+01
-6.828850730261018498e+01
-6.208398837442588558e+01
-7.340219647762211252e+01
-7.115458693537900103e+01
-6.662206919368253466e+01
-6.349921336736157684e+01
-5.788621886855234777e+01
-6.883744257863423854e+01
-7.572507114307120446e+01
-5.600735977793537756e+01
-7.022068379959350182e+01
-7.327118831121325115e+01
-7.224652369258095064e+01
-7.765100208306297702e+01
-6.954910119257205281e+01
-5.676576445368034740e+01
1.573923799402134449e+01
-7.046732910312698550e-01
-6.304616006376537740e+00
7.255376577660193504e+00
1.700227539170991875e+01
7.800810767458980166e+00
1.763929630791540859e+00
3.660974104893750081e+00
1.055602328934904577e+01
8.175521677595444459e+00
2.443963131936008892e+00
6.817355680737296808e+00
1.233226141978681412e+01
-2.373732865730417885e+01
-2.364934160033392629e+01
-4.066964074180859257e+00
-6.491194264055284435e+00
-2.776357751838058263e+01
-3.675991257891549679e+01
-1.547617549138758619e+01
-2.648963451948927528e+01
-2.506804934633262860e+01
-1.103216955313692083e+01
-1.707647703427186059e+01
-6.295024231970025141e+00
-2.096665697047511401e+01
-2.469449050864422901e+01
-6.707647276567001882e+00
-5.209213581429656870e+01
-3.189236792353813144e+01
-3.860650569229577656e+01
-3.881365823088885492e+01
-6.602285664332545423e+01
-3.808059079947256009e+01
-3.462372754101863848e+01
-6.791554478001033601e+01
-3.525210529328718678e+01
-4.977378755293772628e+01
-1.653808971649116799e+01
-5.486651953188130904e+01
-4.283953969493089176e+01
-1.005568464256490557e+01
-3.577199817216619238e+01
-5.847692385351520983e+01
-7.968586292742918431e+01
-4.630973274814910212e+01
-7.726658485932355802e+01
-5.833395224192872064e+01
-5.431112686966339709e+01
-8.020558919877805693e+01
-6.502112195029638997e+01
-7.791748715161176619e+01
-7.551771005145600668e+01
-7.497303904819446529e+01
-5.449222002153879174e+01
-8.327591070210810642e+01
-6.168993558223012030e+01
-8.487644072446377663e+01
-7.807568832118442970e+01
-7.958252838276553121e+01
-7.638586324915063130e+01
-6.987780247199856376e+01
-6.706638447589752161e+01
-7.673298909576918447e+01
-8.249415850328975353e+01
-8.471221812439743815e+01
-6.292982600329096954e+01
-7.601708410225391788e+01
-6.748874547877949226e+01
-5.513631458196790192e+01
-4.791112855608519538e+01
-8.443061298553179483e+01
-5.015009254822789586e+01
-6.766085039047190719e+01
-5.842801028795068419e+01
-6.058076380648654435e+01
-8.377201445107402833e+01
-5.189353018359857117e+01
-5.893725715445050639e+01
-6.346306655000897479e+01
-6.243545087638970870e+01
-8.228381946540915237e+01
-4.758147137234696800e+01
-6.682434568068634917e+01
-7.558473132726197719e+01
-5.329370227235774848e+01
-4.723090611008097994e+01
-5.717928974710255119e+01
-5.704609917945451514e+01
-6.024427220288286122e+01
-8.654674072610890789e+01
-6.457166624002807964e+01
-8.566975333789361002e+01
-6.498352297857729809e+01
-8.504738613565913852e+01
-7.996384846858299511e+01
-8.620952664019139888e+01
-8.151835307534932440e+01
-5.501640948693170685e+01
-6.414997292032263942e+01
-6.493222160330003589e+01
-8.640664907278515727e+01
-8.668164038999675824e+01
-8.702474227254796801e+01
-7.706777841465417112e+01
-8.804641112025565519e+01
-6.742977659638479793e+01
-8.421395946799242438e+01
-8.042481285424238990e+01
-8.632318959129577252e+01
-7.831908073587284491e+01
-6.323191980318574679e+01
-7.816051924776715509e+01
-8.415997478076664606e+01
-8.024693398996490146e+01
-1.528419482896033088e+01
-1.594140435039376058e+01
-7.530367651980277799e+00
-1.427430277792377566e+01
-1.850909247945255842e+01
-1.154690662633272780e+01
-1.686892534186644355e+01
-9.059066184565949698e+00
-1.783060278655599262e+01
-1.141068857298309780e+01
-1.707692530805045905e+01
-1.469092709703864585e+01
-1.419839736548311393e+01
-8.772285901667970620e+00
-1.485585426623329042e+01
-1.679444570642826662e+01
-7.569403425892836879e+00
-1.807674070593337134e+01
-3.449005991660428094e+00
-2.798601742243739920e+00
-2.305384716848841720e+00
8.878627096179556588e-01
-2.470788245860532584e+00
-4.005052056517286019e+00
-2.112923207772745116e+00
-5.024501501026584549e+00
-5.694272084766780040e+00
-2.403013090211885583e+00
-2.740407475639081269e+00
-1.716309342898632906e+00
1.034751155976564974e+00
-1.617847624234251214e+00
7.692195700934902902e-01
-4.280289785534328928e+00
-1.340450486793737284e+01
-2.270325570897949063e+01
-1.832675332916087996e+01
-1.777491892680495411e+01
-2.120647597860142852e+01
-2.459730497940675775e+01
-1.932872231705891153e+01
-2.340935195579044148e+01
-2.129794762546547915e+01
-2.388775070187644545e+01
-2.103637158904882654e+01
-1.997941956994949209e+01
-1.514730786053887002e+01
-1.820707023121071089e+01
-2.381931306042376306e+01
-1.909212124856242099e+01
-2.250044328706331598e+01
-9.467230327133808743e+00
-1.415486756891741393e+01
-1.154701883391929584e+01
-1.190289527472117115e+01
-7.185073885555482320e+00
-5.764237770595922683e+00
-7.468668740081863433e+00
-4.671470717241426485e+00
-1.259399580363542270e+01
-9.339653108905221046e+00
-1.435844759283520489e+01
-7.366490577863466171e+00
-8.782552461900451135e+00
-8.118751732738374471e+00
-1.183652266936318043e+01
-5.680432095920973978e+00
-1.141704757172928453e+01
-7.906180357068500086e+00
-6.232322415202116161e+00
8.219892032638043133e-01
-7.431841713506770475e-02
-1.812695044715454173e+00
2.037822868424981948e+00
-3.100075837802101830e+00
-8.649846347315630624e-01
-6.510826842448878438e+00
-4.519903841189080396e+00
-3.429731438684761713e+00
3.257836395020675013e+00
1.342960694467080884e+00
3.125431548194868014e+00
-1.867871299236675497e+00
-1.840444703468953946e+00
4.239517958196969971e-01
-1.022438264496273064e+00
-2.114884208408945199e+00
2.139113936002523531e+00
3.214267740063377232e+00
2.552551499036312066e+00
-1.502055564840055979e+00
-4.655181285994345330e+00
-6.832305398986520117e+00
-4.409694046328624495e+00
3.055085826146424210e-01
-3.283359651433841009e+00
-5.109743764247216546e+00
7.445098339953233335e-01
7.143721650276031454e+00
3.194146515799296537e-01
7.584245952990997353e+00
-7.951564927438710129e-01
9.941637160639711368e+00
2.219238889202969744e+00
-1.796961193401642731e+00
6.050291888259749840e+00
6.846485346333963662e-02
-5.838253779268420374e+00
3.241393540173191923e+00
1.519808640405667433e+00
2.241956195400685914e+00
-2.178896890510031881e+00
7.754228443000570792e+00
5.980943573815970637e+00
-2.666517068571184979e+00
5.479225247903890761e+00
7.077999901229336643e+00
1.035124785715240137e+01
1.010285560921836989e+01
5.156451211110734789e+00
1.186684884435219800e+01
8.353265138028895365e+00
9.156935222465605761e+00
4.336559368089513811e+00
1.221324450101628045e+01
1.456985470422826268e+01
1.057316966983982809e+01
9.422857919776557623e+00
1.017727250912356496e+01
4.197792694867423791e+00
2.553916260800990301e+01
9.266053269421810512e+00
2.264695434663035911e+01
1.530104923454914001e+01
1.843928596818300036e+01
1.480280343724230008e+01
1.702657637460667672e+01
1.377524160719557855e+01
1.649514429090385192e+01
2.354825334446885776e+01
2.097958709545457623e+01
2.091777628757585816e+01
1.439873147688212995e+01
8.557016244871771704e+00
-7.649022062902245978e+01
-7.642367699366418776e+01
-6.595477419751678383e+01
-8.204655191282668625e+01
-7.629960717837599304e+01
-8.018735594366253849e+01
-8.318743034824191795e+01
-8.394421176538163820e+01
-8.296470073963865843e+01
-8.482061353328370501e+01
-8.283086927351318707e+01
-8.338505966951927917e+01
-8.429665284074232545e+01
-8.296267842112894186e+01
-8.072884217320094535e+01
-8.467233102070898099e+01
-8.566785127986464943e+01
-7.998555606091943559e+01
-4.724110618699855735e+01
-7.364094365541679110e+01
-6.736779142160416711e+01
-8.227637248372913348e+01
-8.229615940252111272e+01
-4.124331249078457517e+01
-7.070708420729360455e+01
-6.933498457726707898e+01
-8.234492367585500006e+01
-1.149753817159752245e+01
-1.550710597801493762e+01
-1.185433112295709890e+01
8.393652840268714499e+00
4.494434942186604331e+00
9.132223769819411530e+00
2.658137461249328481e+00
6.100922027775336431e+00
-6.188761057040114366e+00
-9.265778323802603467e+00
-1.464577533891917938e+01
-1.060168886572960290e+01
-8.800191099679359752e-01
6.591276445747315194e+00
-2.237080093307898920e+00
3.066970049417406585e+01
2.491555108813869523e+01
2.106934498382791432e+01
2.442103628067615162e+01
9.477232111690302219e+00
2.284292877033932001e+01
1.113047374961467995e+01
2.182932339586528769e+01
1.389415625801458276e+01
2.547045203917300427e+01
2.763469507806755132e+01
1.293737006085700258e+01
1.175297715571420554e+01
-1.517895937378613880e+01
-3.252105953304639741e+01
-4.924683508328460846e+01
-1.437552848156311391e+01
-3.425044588402474233e+01
-2.569425951599864533e+01
-3.710622398969374558e+01
-4.207279886587791395e+01
-4.381909260383234539e+01
-3.912191329102361692e+01
-2.760026726011282605e+01
-2.968535459901118401e+01
-3.873849106284697541e+01
-6.820275594927286633e+00
-1.455670121917802362e+01
-2.935568641002856438e+01
1.559232864431836596e+01
-1.267599233835850825e+00
8.400815035953652199e+00
-3.446469359581709746e+00
5.017810820782564463e-01
2.434056858906944143e+01
5.887191291160181805e+00
1.886566575673390389e+01
1.154707781836103564e+00
2.432219587973818165e+01
1.570295866071491986e+01
2.462933296250129800e+01
-1.609363265684103084e+01
1.953433227391984417e+01
3.119409633525931014e+01
-5.520948007976483041e+01
-6.029173368323483118e+01
-5.632542511060068335e+01
-5.907101257783816095e+01
-6.125922630812173963e+01
-6.176006676414482399e+01
-5.115185788859648142e+01
-6.046402543960309828e+01
-5.426823109355547103e+01
-5.867613037193100212e+01
-5.569190156770471134e+01
-5.883514182490046807e+01
-6.064961239665609583e+01
-5.216063943199038988e+01
-6.044150711627651873e+01
-5.337989523359313182e+01
-6.033721083258622286e+01
-5.083990688415050130e+01
-5.403060622559126358e+01
-6.083944523060601028e+01
-5.588704194626049571e+01
-6.148692547426745136e+01
-5.442220608342047683e+01
-6.630132028476852213e+01
-6.521334905998162412e+01
-6.653527408536737653e+01
-6.623779974603847620e+01
-6.641752705948887581e+01
-6.637276285193672720e+01
-6.502063599402717387e+01
-6.653731751028857389e+01
-6.623645858758581539e+01
-6.484292891750629906e+01
-6.650202847485363122e+01
-6.585316102520830839e+01
-6.461828533315259904e+01
-6.341387943102394331e+01
-6.596454660425585814e+01
-6.474429710929183557e+01
-6.474437433831745636e+01
-6.570055015053316083e+01
-6.621875328871517752e+01
-6.585074232158048346e+01
-6.663510994245500285e+01
-6.596311058146464745e+01
-6.600268461818617993e+01
-2.086828802131755012e+01
-1.679778608368041048e+01
-2.401332574243507523e+01
-2.455167065084455302e+01
-2.548181611447169459e+01
-2.504385621279123697e+01
-2.173047336451906730e+01
-1.844146431033942335e+01
-2.014250055184564658e+01
-1.900399100603623737e+01
-1.387368600039628497e+01
-1.413036976054682192e+01
-8.122520862478067372e+00
-8.246680098360560152e+00
-2.113483632161111458e+01
-2.127217794634497139e+01
-1.492634632485862944e+01
-2.352266581240010268e+01
-1.414716299696822510e+01
-2.122940607870667762e+01
-2.216268739155239587e+01
-1.646456934209723855e+01
-1.498841839782488883e+01
-2.452313957037245373e+01
-9.627099229872879249e+00
-2.099196854110382660e+01
-1.236151003200201615e+01
-9.142636803902487230e+00
-8.467586987004034782e+00
-1.700651963889399454e+01
-1.678708052097800874e+01
-7.338570404769194866e+00
-7.554292623647475224e+00
-1.659912429855820903e+01
-1.288612265171646598e+01
-1.874725499853568422e+01
-1.919677060069567887e+01
-6.616673875708625197e+00
-2.183506284282657717e+01
-9.590866555827577855e+00
-1.579333783952109371e+01
-1.245407435530109908e+01
-1.158212559595329338e+01
-4.368228734906112720e+01
-3.473352845784999943e+01
-3.848136485015594843e+01
-4.562360112104701670e+01
-3.911293194727612388e+01
-4.321569409040488097e+01
-3.153110905903365691e+01
-4.577570263851674781e+01
-3.432287674342517647e+01
-4.330352792980144017e+01
-4.249076547005557103e+01
-4.442901179464323036e+01
-4.288079508840648657e+01
-4.514419670592592126e+01
-3.659955698998938800e+01
-2.650105419069151580e+01
-2.827404712417413180e+01
-4.223401280019731274e+01
-2.955564455382783962e+01
-4.146205743981754210e+01
-3.565317030114152885e+01
-4.277763907950862432e+01
-2.626013498673216162e+01
-3.208786582838371260e+01
-4.286938065546926424e+01
-2.656879293406576537e+01
-3.831909418073250606e+01
-4.155742287839989757e+01
-3.429443203590976452e+01
-1.526722828411961608e+01
-1.946860400624365894e+01
-1.938748185341826868e+01
-1.809159273369034793e+01
-2.279334965988426376e+01
-5.862553719472019864e+00
-1.262617666754812973e+01
-7.057311678284459155e+00
-2.062572145161873749e+01
-8.212890722732808513e+00
-1.606064073159490491e+01
-2.537544727932462507e+01
-1.839747258303327726e+01
-2.559332493444642509e+01
-1.346103752573448809e+01
-7.213797948647276748e+00
-1.996969675042120684e+01
-2.305975887043524963e+01
-2.572244629638399260e+01
-6.393532055246666346e+00
-6.070530143071781737e+00
-1.847603525056392026e+00
-1.755539335178438165e+01
-1.804275697561373804e+01
-8.220496052422834765e+00
-6.842474788990873691e+00
-2.473908051760059124e+00
-1.698658020489865805e+01
-1.999344441305385356e+00
-8.760800316939086230e+00
-1.257521296187963422e+01
-2.198225861600527153e+01
-2.825437591501914092e+00
-1.651900276113688903e+01
3.277184639692106494e+00
-8.426710668331459431e+00
-9.126373092184572045e+00
-9.254066581017246662e+00
-8.155535459270739196e+00
-9.389721722215188748e+00
-9.215702125714710036e+00
-2.320371575240888262e+01
-2.090979412546144900e+01
-1.045023846645602283e+01
-1.868287460093146990e+01
-2.129117205095885978e+00
6.166451307239976032e+00
-9.168049656305363726e+00
-1.012891335852564367e+01
-9.705010987311638360e+00
1.712842762718205236e+00
-6.972849608402489352e+00
9.496811571219154757e-01
-8.497403135005452413e-01
-9.687584488979119612e-01
-2.869545002170337256e-01
2.736476842968381007e+00
-1.161593588397787435e+01
-4.650117273050317301e+00
-7.800921962960128297e+00
-5.309218082850780007e+00
-1.334434812167636508e+01
4.788474271798092374e+00
-5.916643124016318644e+00
5.653586361326647491e+00
-6.691446145356067632e+00
-8.674297093926952584e+00
-2.224133597262571982e-01
-6.617534531313011392e+00
-8.452318901843259624e+00
-2.395131614716369484e+00
-7.992319354650854635e+00
-4.043268643311977328e+00
5.598595507216268530e+00
7.256047451800501591e+00
4.915137518288140939e+00
2.133898348926313915e+00
1.111887380863070263e-01
-7.250135154967459528e+00
-6.492294353233237558e+00
-3.371686550937310844e+00
-2.070707214371884763e+00
-8.665299541551190643e+00
-4.874936436356916758e+00
1.034854114356687127e+01
-1.160346997062640995e+01
8.337498169814207216e+00
6.160902366796613627e+00
1.113442286369838463e+01
-1.867189765807656165e+00
-6.272220790432055104e-03
-9.094229622896419230e+00
-2.407184655004904528e+00
8.120875670334736895e+00
1.115179576390970517e+01
1.953743794699786918e+01
1.102981138057637622e+01
1.920016944488925148e+01
2.359631442087364306e+00
5.819581985284816739e+00
2.778013895508912867e-01
2.154016173984830118e+01
1.991941946736345770e+01
9.079333464600649606e+00
5.395042828114778644e+00
1.039462791492080562e+01
3.869543500227137400e+01
2.450876411772673080e+01
3.342995902211950465e+01
2.236083439772024661e+01
3.338595812459939793e+01
2.850977059654053747e+01
4.099189815308931628e+01
2.185551605730262636e+01
3.370042244879402915e+01
3.121331373986684454e+01
2.518438857663101871e+01
2.066942119409562295e+01
4.076933472456690311e+01
3.675868380396325108e+01
2.799516068804695124e+01
3.178870860133499221e+01
4.212524753425704205e+01
2.492210565233594011e+01
3.215042325286593439e+01
3.425921337948528134e+01
2.974951287440791603e+01
3.663748710837022315e+01
3.828283007755391765e+01
3.510689096443032753e+01
2.065353011515393788e+01
2.272438802755402421e+01
1.493665447888032993e+01
2.390919756999726253e+00
2.628460366116076230e+01
1.498656837433037659e+01
7.456918611040288525e+00
2.283420889557042699e+00
1.009799405680762163e+01
1.328552762317294444e+01
6.913599438933733410e+00
6.897821490137028277e+00
3.695488673015734804e+00
2.355191026834831902e+01
2.316267565563178010e+01
2.017308876200195300e+01
1.943285322672417692e+01
6.702139299041379061e+00
1.417182773841109800e+01
2.597395443868363429e+01
2.020884980101586947e+01
2.557195632170584076e+01
2.488909935345247604e+01
4.354941457468703980e+00
2.247691365087828785e+01
2.344155204015525840e+01
2.430625919011194469e+01
1.506699444023725754e+01
1.842393228604350952e+01
-1.994362228113552860e+01
-2.107941178407133620e+01
-2.070905675061427331e+01
-2.433948312844797357e+01
-2.504444136951514110e+01
-2.562411907242659126e+01
-2.419886486103345291e+01
-2.236558340960959157e+01
-2.462144093036467751e+01
-2.556843410808544093e+01
-2.037391463705493067e+01
-2.437139815635086748e+01
-2.216541666647876596e+01
-2.169890747758312699e+01
-1.629839392003925624e+01
-1.435109772200644684e+01
-1.704139958723582282e+01
-1.398059569589964113e+01
-1.111441744785794938e+01
-1.253009632019677611e+01
-1.890892182528799026e+01
-1.540858945940466640e+01
-1.795045109971313835e+01
-1.813164655303374673e+01
-1.729116562193745565e+01
-1.882564631567623792e+01
-1.487763055724021655e+01
-1.251542776935076162e+01
-1.376237421590900389e+01
-1.724290349363719699e+01
-1.259723705072198285e+01
-1.085291875301022912e+01
-8.554022279428215469e+00
-7.002265728741388529e+00
-7.440837169542626306e+00
-5.749959812003737625e+00
-6.244923971215461833e+00
-8.984836039974105404e+00
-1.113459362676019815e+01
-7.736620552451318744e+00
-9.038941079537604395e+00
-8.611636263723298157e+00
-1.010256325753382001e+01
-6.121308193387751118e+00
-1.355570766237633151e+01
-2.201005814917528269e+01
-1.279229928228043711e+01
-1.004012200438336677e+01
-2.125654122884673924e+01
-7.250486534867265576e+00
-1.761467295014491796e+01
-1.535483151654114664e+01
-2.229429432676252532e+01
-1.508506652655636415e+01
-2.200153900611823587e+01
-1.615665474064649842e+01
-1.711464255484742125e+01
-9.913777157500744508e+00
-1.637128683401823537e+01
-1.606469273594271385e+01
-2.268340453808794877e+01
-1.196493428684792448e+01
-1.095686511468757907e+01
-1.502662591921382962e+01
-7.132170016582199956e+00
-5.113317017233501849e-01
-9.283523546917345826e+00
-9.205557809228906763e+00
-1.558421055816885392e+00
-1.265732344083534855e+01
4.619735069200023858e-01
-6.844570642307868269e+00
-2.079109485937207236e+00
-3.936684524515997374e+00
-1.009693127028416271e+01
-9.254375689184488607e+00
-7.993732941407545312e+00
-2.253923833449313907e-01
2.665253468396638681e+00
-4.412411947267388612e+00
-1.241128416473633678e+01
-1.079216181645779926e+01
-1.606147992580650907e+01
6.165157491244617205e+00
8.300352492841227559e-01
8.902407132288203684e-02
-4.350060817773000466e+00
-5.386936243299949467e+00
1.974897243371078304e+00
2.981976863978989201e+00
-2.582866932734203758e+00
-7.315748041387085010e+00
8.507196765030755614e+00
-1.216294821888578248e+01
1.071211476693854081e+00
2.331348705077321171e+00
4.092433362483856030e+00
-5.737063256942448675e+00
1.468475304639124346e+00
8.444530714426438323e+00
-8.728864016408733661e+00
9.620173614613058533e+00
7.703704182242521625e+00
-4.799694819515888611e+00
3.599567949310426229e+00
-1.412434299354963230e+00
1.543729008125531266e+01
-6.406321211922463732e+00
-4.910998281816588928e+00
-1.638783938513839189e+00
5.707982411537155798e+00
7.428752390015972651e+00
6.618584150801460453e+00
-1.657253742863743895e+01
-1.667162084919846876e+01
-1.918176303964184015e+01
-1.687605348001090277e+01
-7.428726467088406338e+00
-4.709107598135048534e+00
-1.394088746142166535e+01
-1.499568462640575817e+01
-8.075962967522661629e+00
-2.968920927462260551e+00
-3.404011457350037517e+00
-1.640688678324324812e+01
-4.842525920000404938e+00
-6.660382559333244856e+00
-7.761743875615402466e+00
-1.073279056725414371e+01
-6.230970114764931012e+00
-5.834470999836085525e-01
-1.468849108214840271e+00
-7.250855147514000620e+00
-7.608161421084034259e+00
6.727347796480607656e+00
4.382565164039760930e+00
9.200827748714086596e-01
8.624131784382953470e+00
6.218161007552652109e+00
8.688325242996778996e+00
1.210409648134772809e+01
1.194550179695475833e+00
1.357215245374579382e+01
1.950961803268146610e+00
4.174994904705327414e+00
3.750774364146021611e+00
6.712506259180603507e+00
1.406914828879382640e+01
1.056780120274818913e+01
6.199700474839339392e+00
7.581641267045462484e+00
1.523418017263873381e+01
1.798604397845586789e+00
4.150346138498953508e+00
1.161809693056966708e+01
6.845770581116319420e-01
-1.473098804293368147e+00
1.149547415092013836e+01
1.609162232988543906e+01
1.046151452099182677e+01
-2.827070517228040814e+00
3.241440240505465198e+00
6.560639084731835879e+00
2.156001207325357782e+01
1.735653000885901420e+01
1.348819184896128576e+01
1.767808853957495430e+01
2.028200822955271576e+01
2.096793270167515288e+01
2.228939994703297955e+01
1.586798744576219278e+01
1.756173706028070569e+01
1.585470938572473543e+01
2.239954493957259984e+01
1.543629557639784977e+01
9.886703750051594852e+00
1.978619728348355977e+01
1.737096741555999557e+01
2.517941846537359041e+01
2.456328067132865911e+01
2.195800989742131293e+01
1.684557810362486663e+01
2.542438905328433307e+01
1.552801918339858034e+01
2.715607972555334371e+01
2.541470179894780301e+01
1.129286319096764402e+01
1.122808709260899285e+01
2.037523799456484142e+01
1.570462565135143507e+01
2.447848054975851539e+01
2.219422474208225893e+01
1.510114856358266167e+01
1.784075580219169765e+01
2.824702908676276891e+01
2.824442776703327240e+01
2.513779484753720794e+01
2.189573985212504326e+01
2.515601800561611512e+01
1.761645618866225504e+01
1.828059817231000750e+01
2.324650056394369457e+01
2.057435925041367142e+01
3.265792469111786289e+01
4.307747154642367349e+01
3.343014320065148581e+01
3.311285709985348547e+01
4.241961344973951498e+01
3.825235656580436228e+01
3.027393095441378534e+01
3.209087763583046637e+01
3.814217604075422940e+01
4.404927683093719537e+01
3.532404337530314109e+01
3.232802334820858903e+01
4.222806298453966889e+01
4.674746705432809080e+01
3.115105267921170196e+01
4.681437293426381530e+01
4.655479446543731825e+01
3.505369120710732744e+01
4.322501119529010793e+01
4.124020957828979306e+01
3.399734425370382951e+01
3.288121935081514380e+01
3.281148862731220106e+01
3.442413730575111686e+01
2.996575933393758717e+01
3.552216660249764857e+01
3.363136046485701058e+01
3.474573433001719991e+01
3.573096821497870224e+01
2.345412395818584983e+01
3.787843335001217326e+01
3.854763370419168211e+01
3.262862189036002292e+01
3.821724346066408629e+01
2.804752027284937554e+01
2.566502162324665548e+01
3.528427719765272741e+01
2.424441312363700618e+01
2.956631788145191209e+01
2.126282519716556152e+01
2.210823686569639079e+01
2.905559610921324776e+01
2.737103546400862797e+01
3.775108101081267620e+01
3.125147621194435743e+01
3.642286304596078139e+01
2.402492583657937075e+01
3.639024446613066743e+01
2.568992307471042125e+01
3.172717287404580233e+01
3.308732351174622011e+01
2.613590998306452207e+01
2.906355503365358928e+01
3.443293903028529002e+01
5.095484191920211003e+01
4.249070761026834475e+01
5.053802763610497095e+01
5.200150839160174598e+01
4.440772481188393783e+01
4.350350728563901015e+01
4.376808151056636120e+01
4.422309906210965380e+01
5.379772136240050884e+01
5.740444374823329099e+01
4.751298839926251816e+01
5.421797145593183131e+01
5.399406878871587878e+01
5.766897875666816731e+01
5.829759653753464477e+01
4.323575583664074884e+01
4.457948487165826634e+01
4.813847959866615867e+01
5.133111068843486180e+01
4.515150005149713763e+01
4.820558193075813591e+01
5.571208145059833328e+01
4.276376533977034455e+01
5.332910728363191311e+01
5.066013789637752041e+01
5.451795660454887127e+01
1.779839694660019234e+00
3.539779451785051378e+00
8.477322108045296289e+00
4.313565418663472428e+00
5.511789099680411752e+00
3.282037374631890714e+00
1.029298391792127987e+01
8.320822024918658855e+00
1.132322176836559535e+01
1.033807697239550549e+01
8.481822441658845690e+00
1.178715717142797104e+00
2.814369258165340781e+00
1.787055059599335038e+01
1.748926639158704432e+01
1.803021633175335836e+01
2.836831138723950829e+01
2.580332840122558835e+01
2.010809000184135442e+01
1.687253441811410681e+01
2.501842241098942665e+01
2.392446767678320185e+01
2.066783217542197093e+01
3.169696993483402636e+01
2.784182879978059688e+01
2.883287816859469643e+01
1.491433561001069208e+01
2.508573919892235438e+01
1.484448507942221340e+01
2.108584767879585442e+01
7.448022652515499331e+00
1.855133340477086179e+01
7.152236732974490252e+00
6.846869443811576694e+00
9.908252579525838044e+00
4.840779340678444953e+00
1.819419886661039953e+01
1.046800168051032287e+01
1.626879492820572182e+01
8.278245367992580483e+00
2.570012112583692243e+01
2.978489813434234890e+01
4.004618026679375475e+01
4.443295468903470891e+01
4.268610449222128267e+01
2.401756476461122247e+01
2.554221488337194046e+01
3.949443843854360381e+01
3.333442055907789126e+01
3.751890498056613410e+01
4.609345074831426814e+01
2.095360501885282645e+01
3.128070046599241749e+01
2.857436634047610013e+01
3.179375753856726305e+01
4.057150226366621126e+01
2.656365600783046332e+01
4.580751270707926892e+01
5.539542563425581534e+01
6.076703440448162041e+01
5.971394511841503316e+01
5.311623077586658326e+01
5.602550670612946959e+01
5.525140992412768526e+01
6.084985343840794769e+01
6.714194627074483890e+01
6.517382956515743331e+01
5.029115658489796203e+01
4.607435437649183285e+01
5.644606166558565263e+01
6.296221294796670520e+01
6.052709116040497150e+01
8.276668488416543568e+00
1.570337095722086751e+01
1.556237639970125564e+01
2.684057835886924437e+01
9.014815544179811013e+00
2.351680305313458774e+01
2.172021681092605405e+01
1.369940952597795203e+01
1.446183206099306062e+01
1.221719273923320692e+01
1.874280974017212387e+01
2.437452349944200947e+01
2.753618638514974037e+01
1.514892354122800633e+01
2.298463109665287263e+01
2.120438564719141539e+01
1.223692170368755860e+01
2.337297117511803179e+01
2.740463080056381528e+01
4.633853143780710582e+01
4.363070974587023443e+01
4.411303218121099690e+01
3.808556567518738945e+01
3.921377577434460449e+01
3.754438031463257630e+01
4.042404331951753704e+01
2.853563659293855537e+01
3.354195108659380509e+01
4.397907507523039072e+01
3.623737085318941809e+01
2.823378593988694973e+01
5.017965662735119992e+01
5.138850221254651274e+01
6.001265789117438487e+01
6.007294756363182842e+01
5.650172259650349815e+01
5.389943228605581282e+01
5.826168886074646025e+01
6.244014852285005190e+01
5.877557296347897875e+01
6.525268033725630801e+01
6.955102328580193216e+01
7.436363983989825499e+01
7.639472411973892463e+01
7.594369164520159643e+01
7.062207708254209138e+01
7.028279398231669006e+01
6.857043919932921483e+01
6.543788647217888865e+01
6.745039263284293440e+01
7.592857403893063406e+01
8.418293457131946411e+01
9.084579473215569578e+01
8.162171864858612480e+01
7.683229697892727472e+01
9.193031634621337389e+01
8.579742550586595939e+01
8.401005077863743509e+01
8.250422567548514508e+01
7.965709109676403443e+01
3.930084802253444565e+01
3.480444197586189858e+01
4.434668092616134061e+01
3.654745560557758211e+01
4.053547338837407210e+01
4.271585561648456064e+01
3.799932235199746344e+01
4.377230097506385675e+01
3.960991179868067746e+01
3.882336823130037828e+01
3.362641821523580177e+01
4.127394523059480491e+01
3.621887254212636265e+01
2.951497972946419424e+01
4.379576325246635093e+01
4.436302905501462845e+01
4.648428527082825923e+01
4.436843837911924737e+01
4.363592286133344089e+01
4.034839514710240849e+01
4.621517072072110466e+01
4.958706323151150741e+01
4.375935718610843850e+01
4.735735542381856078e+01
4.627998808791582519e+01
4.685624276706894165e+01
5.350796497519827000e+01
5.368293154935438594e+01
5.506133831233877629e+01
5.170676258079592458e+01
5.386238768147227063e+01
5.259626022756238939e+01
5.426545045273280010e+01
5.123257295971904313e+01
5.137567881434569728e+01
5.500855480405844133e+01
5.250484293091153631e+01
5.134826887379394122e+01
5.891720199006352487e+01
5.280909703465005123e+01
5.643566518155524392e+01
4.811652139766024305e+01
5.210920057832982621e+01
5.703370187183649875e+01
5.681293640909932208e+01
4.933530316286325501e+01
4.563049429029354087e+01
6.162682253558014622e+01
4.673487124150363314e+01
4.914197710621073867e+01
5.217221875737769210e+01
5.714890088443233651e+01
5.226161073074170815e+01
5.318107389841355825e+01
5.838678364073014393e+01
5.277464500127985048e+01
5.708376899956274997e+01
5.935962518641630226e+01
5.603865560043158212e+01
5.097142759441641857e+01
6.028878053357090039e+01
5.220954942518905995e+01
5.873007549087717649e+01
5.829654152696717517e+01
5.653561545616904738e+01
5.629827836283861586e+01
5.711272594379006051e+01
5.673477420720956843e+01
5.375318490737452493e+01
5.875811604927325504e+01
5.682493306752638773e+01
6.009105231227200505e+01
5.640173018144574257e+01
5.493228988794522394e+01
6.802594372690769831e+01
6.495607509753159547e+01
7.146579478448548173e+01
7.593305419984389459e+01
6.852971249901136730e+01
8.166061901376713195e+01
6.837026999030328511e+01
7.078870496112159572e+01
7.479358969334131757e+01
8.306257636779172060e+01
8.156286944789776783e+01
8.038050859876283027e+01
7.019911885566818910e+01
6.225322577676695346e+01
8.228122439429458268e+01
7.220078877770080794e+01
7.071018287138257108e+01
6.837531863236631580e+01
6.327732818780538793e+01
7.169808142198778000e+01
7.306317108734103272e+01
8.205727281184104527e+01
7.618505177211534374e+01
6.484847341944299615e+01
6.926370908293337436e+01
6.835510261230405149e+01
6.370614553921295453e+01
7.147674329554646988e+01
6.041927487709659772e+01
6.579929223907447522e+01
6.896038751567584768e+01
7.160814909769688086e+01
6.458893482689582299e+01
6.377025575063726137e+01
6.294445582915733439e+01
6.506015028931406619e+01
1.584939346204346755e+01
1.028709748616358866e+01
1.084469002534025783e+01
1.550595127718291977e+01
8.898971631769548196e+00
1.123183678100108196e+01
2.072539051451278524e+01
1.453661843917228502e+01
1.408235916493520712e+01
1.528220122223058297e+01
2.130667797207007652e+01
1.523925795995250709e+01
2.156875263529965636e+01
2.736895499949664412e+01
1.965470590748949320e+01
2.956715949370907381e+01
2.440474610592514182e+01
3.079134114133201194e+01
2.149861121896849170e+01
1.920706924954233585e+01
2.186432707414207854e+01
2.707066087890208550e+01
2.535387239545205773e+01
2.050334888377185649e+01
2.602661035852919014e+01
1.205572844632961704e+01
-4.035245220723647108e+00
5.587672261998930523e-01
1.838192279801474882e+01
1.415301039328692312e+01
1.530991468712772630e+01
3.244959477727079822e+00
1.072646339909840663e+01
1.223625932271214367e+01
1.608928739022317700e+01
1.075604190998944887e+00
1.240490727222131717e+01
1.104635133909080480e+01
1.184196579740890520e+01
6.287651171419028628e+00
1.401066411541025936e+01
1.494435499510474052e+00
6.825853777329504268e+00
1.489117236393326493e+01
1.962777657141639054e+01
2.105815508736042929e+01
1.492706326259222216e+01
2.710556981150551792e+01
3.301514145441728942e+01
1.885544499721272871e+01
2.706336197245397912e+01
1.997097104650504917e+01
1.730991265914981270e+01
2.058683767538550313e+01
2.516985038595056423e+01
2.121714883221547865e+01
2.136260355283015144e+01
2.844792742634412974e+01
2.805875322722647880e+01
2.419923286823493314e+01
1.136870481971887115e+00
-2.625627152760478200e+00
7.708535687391998570e-01
2.938406146555042620e-01
-2.600285185473632854e+00
3.228953597254105023e+00
4.332050759633376380e+00
6.730950111732772356e+00
7.934845706716506797e+00
-5.413662686348256869e+00
-6.252270564567342426e+00
8.903796995645146595e+00
-3.309511285269636893e+00
-8.935809568298923367e+00
2.472695990346038541e-01
-3.609973797329362633e+00
1.552631956310081307e+01
1.068401519473471417e+01
1.591280045219120609e+01
8.425872395415956007e+00
1.577269381222583533e+01
1.659545254239101908e+01
2.304458701045782476e+01
9.768391134947012944e+00
1.917891251924725893e+01
1.587851352527916049e+01
1.584339764356593250e+01
9.143445886273276813e+00
1.086391195795685150e+01
1.025203579586251657e+01
1.180084499219306515e+01
2.101543900610354854e+01
1.480149480348445579e+01
2.260699842897408729e+01
-1.466782846927395667e+01
-1.600607196660181586e+01
-9.402609774487853400e+00
-1.708728106303061978e+01
-1.599626047873001511e+01
-1.187456166389281442e+01
-9.469443332206381569e+00
-9.139118156580273933e+00
-1.202482903825141669e+01
-1.099387269998430305e+01
-1.411423099828598815e+01
-1.610917939335514504e+01
-6.095311249963152989e+00
-1.075221214722734864e+01
-1.296908791143835948e+01
-1.186148587775230290e+01
-1.066527546440241103e+01
-8.640772659552247603e+00
1.073796025201741999e+00
2.652408767964571368e+00
-3.467589151533752911e+00
-3.747478863263711268e-01
-4.408511357626539784e+00
-4.724028040490805047e+00
-1.366231980088772779e+00
-1.759241627307381872e-01
-2.643295786529984870e+00
1.449204450766024888e+00
6.399522862055755823e+00
1.046640683426991281e+01
5.033677988433531425e+00
7.946186674780115311e+00
7.859256204518068500e+00
1.002815843678254382e+01
4.704171965508607833e+00
1.171227911196378813e+01
8.822731878467854116e+00
8.454827443861834269e+00
8.816665566509879426e+00
5.288433871851911050e+00
6.827472417513119396e+00
6.077252921276041775e+00
2.021951006869703349e+01
1.425726090625931164e+01
1.032202309027782761e+01
1.665843427623484274e+01
1.481579911507955138e+01
8.064700707195385121e+00
1.554145890715872724e+01
1.944159888871869057e+01
1.749178443015356876e+01
1.553811456406548430e+01
2.102175688841550638e+01
1.478057345194519989e+01
1.654826622256387481e+01
1.765197742689305827e+01
8.722418516398654731e+00
1.360566031130737308e+01
1.467612369200704592e+01
1.662492572730647211e+01
1.735812466525658593e+01
1.578522469333663913e+00
-9.018401772953765771e-03
-4.797646742330255343e+00
-1.757321527656005244e+00
-6.897355486446318906e+00
-4.876655149525929822e+00
-1.380213292151427185e+00
-8.021194855728428497e-01
-1.033881391617064605e+00
1.137728740890821655e+00
-1.713638385536466302e+00
-2.382680242738964616e+00
9.004958920731505057e-01
-3.271931640817489217e+00
-2.616674107493330403e+00
7.205710445355115290e+00
1.742057563773368845e+00
1.722873715850378851e+00
5.748725568284332788e+00
5.458704796753647059e+00
1.790435809505871445e+00
7.410217336088400497e-01
4.544080662691396100e+00
3.506444794863695869e+00
1.003715080147012051e+00
8.756479596475417182e+00
3.018417956826952242e+00
4.129257097397201370e+00
-3.856133399320147426e-01
3.134814878690010076e+00
2.604291496723159849e+00
8.023130764928595227e+00
4.804216743175987681e+00
8.801414276867868480e+00
5.724458257287130536e+00
5.825766779664045103e+00
1.255748021428273020e+01
7.125636229437757763e+00
5.960042544814836418e+00
7.206545821969326582e+00
1.967514130304504061e+00
1.613591945778647130e+01
1.195566243317208333e+01
8.369133654935602351e+00
6.187356574472332227e+00
5.481006512482451853e+00
9.015127536783598572e+00
5.187917560929161453e+00
1.052616033061193690e+01
1.459041813328623149e+01
4.561197151859307297e+00
1.235572248501574677e+01
7.319142502038975096e+00
1.091985782262850080e+01
1.048893972020093557e+01
3.434867453428584128e+00
9.118134446329904108e+00
3.750297234157020654e+00
8.819256764331068865e+00
4.247648328014079766e-01
-6.948033728090052819e-03
7.893876209884709283e+00
3.115099210493173842e+00
6.194579287233420217e+00
7.263498149434695961e+00
6.677711090904335123e+00
3.762255027397351625e+00
8.973597868525835963e+00
4.101185276960180204e+00
8.947328673798029541e+00
3.031881881338698292e-01
1.347636152749558391e+00
2.238801514879019550e+01
2.378365604170924996e+01
2.489143633617763385e+01
2.781751749677077967e+01
2.766286942429502460e+01
2.848358950187092375e+01
2.648207153445849471e+01
3.011234694577133553e+01
2.234862147808089006e+01
2.161141823585705168e+01
2.446163159836260803e+01
2.349853220947157340e+01
2.677197068494584542e+01
2.254249158520503116e+01
2.346721568100221234e+01
2.187068199468351892e+01
2.308942869914600848e+01
2.226519667092090771e+01
2.271761561668760976e+01
2.719768293501893197e+01
2.369898096487803940e+01
2.092798370791922835e+01
2.258030362557125770e+01
2.142936250903927231e+01
2.286221167823530465e+01
2.113189653605480700e+01
2.270955025975920094e+01
2.305426459936394679e+01
2.237566445603641085e+01
2.204351282902723952e+01
6.830193426155004133e+00
1.167053060524449037e+01
1.147041892262531348e+01
1.119091644198556423e+01
1.192886117978159533e+01
5.973547857692503626e+00
1.041727652776415347e+01
1.129798140600179224e+01
6.714077611534197132e+00
1.027976516270918772e+01
1.208804938774011006e+01
8.001134254357678444e+00
1.158993359703744375e+01
1.280712426231321466e+01
9.151032685769083130e+00
1.305542979776276269e+01
1.079073440500246228e+01
1.165031522749092652e+01
1.840718827054958950e+01
1.474292391587368911e+01
2.218480388437922812e+01
9.494902394891223452e+00
1.820963926905285035e+01
1.772444388794826864e+01
1.398422750758151700e+01
1.626964587973541398e+01
1.554240744916604733e+01
2.357897184206905195e+01
1.494668190279743669e+01
1.199831215070053148e+01
1.135390809837348414e+01
1.440061114451195579e+01
1.983644694137714737e+01
1.727330539581468116e+01
1.597346435565414069e+01
1.805114728886433184e+01
1.611690346997729151e+01
1.534747202883768580e+01
2.506519129736927454e+01
1.890477477026290387e+01
1.674693327277677213e+01
1.445851907302872164e+01
1.515732998808378085e+01
1.509263230598696381e+01
1.631132206077493407e+01
1.675745655200801210e+01
1.615715125955183495e+01
1.468306184762463218e+01
1.480191625348188111e+01
1.684147901506757350e+01
1.669085465826618631e+01
1.686551110711952361e+01
1.532663445525879808e+01
1.975758977170003305e+01
2.042358251535899072e+01
2.073701688335184201e+01
1.843624362921350723e+01
1.730871339904904005e+01
1.922238970099060040e+01
2.053410009407427950e+01
1.722241588185500305e+01
1.757546223810589581e+01
1.996909836977842545e+01
2.284124243834614276e+01
1.785930721050754855e+01
1.847911645363664945e+01
2.199680081090480144e+01
8.844137322852054339e+00
1.232800220891925491e+01
3.836411753170487771e+00
9.733246618610792211e+00
7.336136773487456963e+00
5.826300397675993281e+00
1.238363949134403796e+01
4.854587304501711387e+00
7.300523679047220327e+00
3.590807604045647139e+00
4.775393880419162684e+00
5.534925304386465683e+00
4.051737481932729423e+00
8.731848169781560642e+00
2.847146557040204584e+00
6.450836216255801503e+00
1.219543458265829905e+01
1.474853237841307951e+01
1.169843508785035624e+01
1.306229148819547525e+01
1.553870919199004952e+01
1.665948932033899865e+01
1.473656258661022100e+01
1.707162119876308637e+01
1.525092499917257705e+01
1.959623006181170979e+01
1.686979642489579945e+01
1.707082293479118107e+01
1.224240188374803040e+01
1.282115673474810968e+01
1.228165942106782715e+01
1.330527874482178419e+01
4.158797939184142933e+01
3.961113045742446559e+01
4.026315141377087770e+01
2.409481077430577400e+01
3.672174527097834584e+01
3.365300230774702328e+01
2.572959865471014496e+01
3.672279077006095349e+01
4.040590003041845080e+01
3.189086712655798195e+01
3.406416420717358307e+01
4.383511375150387579e+01
4.463454104688478452e+01
4.432416399045356314e+01
3.108634614765327342e+01
4.332550997163328788e+01
4.728162914177674025e+01
3.742219826442303798e+01
4.167833994407306619e+01
4.065168109520792683e+01
4.186416028014355817e+01
4.144586027516898241e+01
3.683338983937973410e+01
5.477963934995702999e+01
4.934283953038305270e+01
5.066102800063765699e+01
4.484043214116428544e+01
4.764495611938110642e+01
4.089454916363221315e+01
5.159968826855775603e+01
4.626517997141549898e+01
4.259504044684735646e+01
4.303918747209683460e+01
4.730662643110361643e+01
4.250014544166836572e+01
4.755575809719888980e+01
4.874242344762674861e+01
4.334434366364523328e+01
4.829970953646386533e+01
4.891726283670340081e+01
4.580382488363495241e+01
4.728149385839786589e+01
4.603794689195314049e+01
5.142112196955716286e+01
4.550598569900761703e+01
4.908889314314316721e+01
5.225889284897526466e+01
5.274011979372941283e+01
4.821764314179426236e+01
4.872999848490472630e+01
5.368399175581627247e+01
5.233928937430405171e+01
5.419840976978596814e+01
5.706086392221427417e+01
5.301505033576813730e+01
5.578873336371515279e+01
4.835021126861549590e+01
5.401660753188206598e+01
5.038859102067168294e+01
5.625016342680442705e+01
5.673420354181963177e+01
5.532588440161921994e+01
5.772381243483621915e+01
5.842631976559181339e+01
5.036219101631139949e+01
5.439530019003347405e+01
5.339965618862122199e+01
5.590276922269664794e+01
4.659138009528361124e+01
4.442332036448447496e+01
5.395883242013698577e+01
5.093348785567276593e+01
4.697544116965113403e+01
5.586273574910359230e+01
5.067999767367391684e+01
5.323604330830751508e+01
5.321561508709977772e+01
5.922140513562681008e+01
5.838172916680814239e+01
5.072019672538206692e+01
5.157586275596668202e+01
5.888188573296132944e+01
5.960194657295066634e+01
5.036477168665156512e+01
5.341850082980747061e+01
5.210951111156568061e+01
5.708529196515735293e+01
5.490169466994085212e+01
4.790877782644291472e+01
6.144350069574592510e+01
5.870858824849064916e+01
5.109846844699199409e+01
5.821697935587643968e+01
6.001284112205078713e+01
5.283777310416832051e+01
5.715136535305657617e+01
5.940737467359993218e+01
5.711244118883927001e+01
5.971556012007655312e+01
5.032414985210274949e+01
5.035581889916363707e+01
5.632612205069186473e+01
5.862898782637569184e+01
5.805844404811586656e+01
-1.054155467373879107e+00
7.113000895235090937e-01
2.424436212643974908e+00
-5.507417149798480516e+00
-5.564484091299315871e+00
-3.284567712339341305e+00
1.352492771832898288e+00
-3.001355369164796283e+00
3.259635498483164362e+00
1.895052637921923688e+00
-1.980963110010730555e+00
-3.186979673497933874e+00
1.013979509310372507e+00
-4.436738462772625624e+00
1.666985203105661562e+00
4.259664081076044440e-01
-8.038893088008061127e+00
1.748473546357067754e-01
5.751344510770644014e-01
-1.791445292674614276e+00
-7.868398017075460160e+00
-7.166054120033269470e+00
1.935574443551336010e+00
-2.024207053131835909e+00
-2.774311048830068849e+00
1.299631333222794893e+00
-4.240818585583629563e+00
1.857767862225100153e+00
-5.663585342895174790e+00
-6.434559620131360624e+00
-7.910431243156850201e-01
-4.281288612983613184e+00
-1.238048485188163461e+00
-6.404211363696441950e+00
-7.717063977890750159e-01
-1.375654320259759533e+00
-2.128371195082951139e+00
-1.631547759969291800e+00
-2.335646320647942975e+00
-8.193307992872986389e+00
-7.269689497796334443e+00
-5.569386494451360470e-01
-1.259963904061668583e+00
-1.606965969043421705e+00
-9.118255627600769131e+00
-5.465823636791698803e+00
3.060660134834643387e+00
4.081076327430821493e+00
1.811904137529382730e+00
1.628864245716302506e+00
4.462513124502150319e+00
5.217689257894372545e+00
2.608128138203547053e+00
1.943613168055010831e+00
4.443046787572791700e+00
2.499590165106333473e+00
6.099882562477697334e+00
7.757385395855903809e+00
4.183686856443786795e+00
3.731833002754907369e+00
6.771515797623189670e+00
2.320395509568397685e+00
2.449231049039907404e+00
4.153092214942416760e+00
-1.814625579488335916e+00
9.436100857603726411e-01
1.212796869214242790e+00
2.159656373242837546e+00
2.100593468166774613e+00
1.367425173568904029e+00
-1.008441208280880019e+00
1.119730706848364399e+00
-1.767514501356123979e+00
-1.557195798210912585e+00
5.485886610731878221e-01
5.973079849602912716e+00
3.691856421788077824e-01
-3.669727518682519118e+00
-2.054537466483813191e+00
1.124461631837125708e+01
-1.114091806088545411e+00
-3.872296630516789406e-01
-1.867622013488850818e+00
-4.009224013807751064e+00
1.001430677907353939e+01
-3.778737501899292361e+00
-2.052907664734659576e+00
3.552247184118254353e+00
-6.351913997407798718e-02
-3.019479941064156847e+00
-4.676529118971094690e+00
-8.818965763270067981e-01
1.459768944727958839e+01
1.215731197186684298e+01
7.391442542344211830e+00
8.067774149563707198e+00
1.499573306428918684e+01
6.548122473593853243e+00
1.229527416231827708e+01
1.273858037930692255e+01
5.648275683390536983e+00
7.797018718885507127e+00
1.039095725344876442e+01
1.142598112054853488e+01
1.167836928092796533e+01
9.756216288780320767e+00
1.125591164131597210e+01
9.143860175493887965e+00
6.772725208915730377e+00
7.845074293529531673e+00
6.220381990331175004e+00
1.649549106699119250e+01
1.846268740430448574e+01
2.821957259792480244e+00
1.028181649315102675e+01
4.429667145946130091e+00
4.835863442245429411e+00
6.679667253340880961e+00
5.814961131005722095e+00
7.597365543055531134e+00
1.159171766462678121e+01
5.335604873531224257e+00
3.587808721363373365e+00
6.342314430874122166e+00
5.064673174392257948e+00
5.067160515152892231e+00
3.450682724298612669e+00
3.471789061007727994e+00
4.602402119559613425e+00
1.267297214028948282e+01
7.390865826539593897e+00
-5.662890601911852784e+00
-3.693915546294093133e+00
-6.429503498496723424e+00
6.653322699222718128e+00
-4.333322540022846781e+00
-4.325324046311312287e+00
-5.947196087398759268e+00
-6.207497569532181458e+00
-6.828511938339734577e+00
-1.922149216374359426e+00
-5.387005678344999104e+00
-5.690524171879778770e+00
5.803038539278052355e+00
-6.895310977795301000e+00
-4.843818869385247083e+00
-4.111757752328257354e+00
-9.164421884272346830e+00
-4.488038881059794427e+00
-7.636435844532945438e+00
-7.906702371910615312e+00
-9.244091794783750871e+00
-3.433488139142326645e+00
-6.642924073671934160e+00
-7.667001173263092717e+00
4.554380953361887308e-01
-8.023886522239934038e+00
-8.236691395507762081e+00
-6.775122439825834064e+00
-9.300166644153824436e+00
2.402310101956070199e+00
-1.291090218678684565e+00
-8.276100670989137598e+00
-1.229430387729403940e+00
-1.150998600686464002e+01
-8.236321394671431761e+00
-1.018045505434078635e+01
-2.620378395449801445e+00
-1.000468092419454180e+01
-1.038838570685603457e+01
-9.802421654171055820e+00
-2.086136610622027376e+00
-1.121289657249107741e+01
-1.054065422322461565e+01
-1.107499011832089941e+01
-3.981700572032095486e+00
-9.962638739732600612e+00
1.990049379539232000e+00
-9.747571065857307815e+00
-1.236106517805415983e+01
-3.136285674291872994e+00
5.238297910780623567e+00
1.406666896309523906e+00
1.866315248232073287e+00
2.874554490341321156e-01
1.072467084418629923e+01
3.063591320791140049e+00
1.134635835878135879e+00
3.582408444878648623e+00
1.114636674254388282e+00
1.074312895260088219e+01
-1.169615621195038813e+00
2.983939810939922666e+00
1.215682842257078278e+01
-9.847004560767960157e-01
-1.733104477188005532e+00
-4.693143836194870744e-01
-2.447619319958462825e+00
1.010925384493193135e+01
-2.550691944323590477e+00
-1.696702260308526888e+00
1.265842161493178253e+01
-1.571198748114158050e+00
-2.960991427855788061e+00
4.645695112012965922e+00
-2.402201583907523030e+00
-1.768082047249185607e+00
-1.797786696519665384e-01
7.254177114783715297e-01
1.169840547845794099e+01
3.832529603746376523e+00
-2.230551110951724425e+00
-3.249525883941323912e+00
6.907500642838524385e+00
8.103748062129284335e+00
-4.067115108386831324e+00
1.272743988893835621e+01
3.878663354708709932e+00
-4.925718544554618106e+00
-5.336061457936848385e+00
5.453681185751683813e+00
-2.551586142162712179e+00
2.763078592558963820e+00
-4.398408166407421049e+00
-7.845590816517216126e-01
5.116154200039563449e+00
6.053887593491392494e+00
8.290213198164689601e+00
-2.134780271497486837e+00
4.271233078668355887e+00
-1.450868796428048668e+00
9.899167758546347784e-01
2.085767439433160675e+00
8.112069670253072573e+00
3.150515164965160153e+00
5.270005971464602368e+00
7.016276992784527877e+00
1.180266966561275588e+01
-7.007899032586767163e+00
3.484103034731447224e-01
3.273994532574615590e-01
4.151221347518434968e+00
-4.000212898310001819e+00
-4.124593649344829416e+00
-5.883175886518673181e+00
4.924623478597817794e+00
9.988301605022581242e+00
-2.107568123893587497e+00
1.710304908235386279e+00
1.006476263740921695e+01
3.989887671493493215e+00
4.946521974474997307e+00
1.849625961330987778e+00
-3.454840103317037503e+00
4.723826609432522972e+00
1.877160657524257203e+00
3.948652029824417653e+00
-8.459153362311031543e-01
-4.513954802803697319e+00
4.318361340287935946e+00
4.444461975046024804e+00
-7.496726469567192908e+00
-7.593484255608354161e+00
-1.102279636491452308e+01
5.791305098910099147e+00
1.236509975583333087e+00
2.940995927033695168e+00
-4.386530433449451039e+00
-2.195160251174993249e+00
9.277626874797498147e+00
5.049877542899945837e+00
1.107336696947809429e+01
1.134624163420066090e+01
-7.805448269356277891e+00
-8.790233042715820844e+00
4.092457167245626692e+00
-3.556275753789433836e+00
-6.046084639585853182e+00
-3.632427281321304768e+00
-1.359644658181779420e+01
-9.265312575131831707e+00
7.480529029256948625e+00
-1.391528143259419004e+01
-6.351991224159815097e+00
-7.155107540342775074e+00
8.021019390820280037e+00
-4.558778133448504910e+00
-6.052413520930209678e+00
7.508567379972289402e+00
9.649169682600437170e+00
6.932760970356663499e+00
3.639015080636326616e+00
1.687228528204591349e+00
1.161610288692394910e+00
3.747975769878525210e+00
1.124136626080993118e+01
-1.140903002103678965e+01
-1.356626028235773695e+01
-8.445706188174712636e+00
8.055501054140412620e+00
-4.005933615502883072e+00
1.046972428952912004e+01
-7.949874691214152023e+00
-5.196111083540665199e+00
-1.131068873801461905e+01
1.052048415116995983e+01
-5.405087664039315953e+00
-1.160210240057714159e+01
-1.142156554179813099e+00
-2.864467565934280202e+00
-3.852736091088283299e+00
-3.008448669316020840e+00
4.706583607149730675e+00
-7.208337238141754533e+00
4.809348432336371104e+00
-8.388308974785772421e+00
-5.892592875566238675e+00
4.873749985923499395e+00
-1.246072842164593908e+01
-9.795132578162188963e-01
3.070885609863478471e+00
-1.469962473221403876e+01
-4.825775242716596303e+00
-1.551205123333905256e+01
-9.209992433099344566e+00
1.350190120594039200e-01
4.331872597135317804e+00
-6.442124058337940440e+00
-1.859958004113138053e+00
6.656233853569062831e+00
6.331264703420593776e+00
-7.360322698189297519e+00
2.900038772997391767e+00
-1.656390916086117215e+00
1.133100735077079335e+01
5.683990407023332914e+00
4.885240676900904688e+00
1.953302691921343204e+00
-6.131717221245192917e+00
3.499728424169024965e+00
-8.165011685673484010e+00
-2.394241707550139431e+00
1.068443297206014364e+01
2.818782244162569839e+00
-6.896023287059840357e+00
-1.743716920691556815e+00
6.344141561210361324e+00
8.651574738618485583e+00
-5.698728296638767787e+00
-2.716787234537513918e+00
-2.722103328945603806e+00
8.373043937267745207e+00
-5.617939732924869922e+00
4.002658303548787266e-01
4.649323686687231394e+00
1.057271000700460561e+01
-1.699129203575020064e+00
3.735163968978027604e+00
-4.431986311994453587e+00
8.768952594545451618e+00
-3.891087372163083202e+00
9.892843025423292858e+00
-8.278435081151431785e-01
1.075149278258579066e+01
3.322276391008214258e+00
4.302858276071988008e+00
-1.565838713013496530e+00
5.206180847454151106e+00
-1.087876533584149374e+00
5.939402056249710071e+00
-2.343440946733383434e+00
1.254931466202676926e+00
-4.777052409547644984e+00
1.945623712343918177e+00
-7.191991595638000945e+00
5.215344240817120225e-01
-2.220466276790272975e+00
2.845519488706971245e+00
1.049408767026437950e+01
-7.041873600791685561e+00
9.177180896940905441e+00
-8.210129490178221801e+00
-6.546670095112384402e+00
-1.927192583454778285e+00
6.873212653785091497e+00
-2.374648868007320779e-01
2.561808649498437784e+00
-1.083269268437128119e+00
7.208936061276912000e+00
3.188684497775338578e+00
6.524793712453580419e+00
3.723044289601740164e-01
1.283627912861298181e-01
9.458376576400338465e+00
3.883242787164385312e+00
7.924555649741595431e+00
-5.202117890207435202e+00
5.323312551118398517e+00
3.436659106527977237e-01
-8.309805569004693027e+00
-2.718055768403895733e+00
-6.493280749434364729e+00
2.023280089151420658e+00
8.012028358136070949e+00
-7.978888905994219627e+00
4.936256836803822878e+00
-3.891240571699046136e+00
1.610160029653155078e+00
-3.855212084303165199e+00
4.261145884704843567e+00
-2.342434052022061231e+00
6.813271215131267766e+00
5.363961262603770486e+00
2.607918793888211351e+00
4.935605709159474941e+00
-4.908338214772133945e+00
1.031798241121294168e+01
-9.453739803534344510e-01
5.536431020435212957e+00
4.148574836339730787e+00
2.389123983830873321e+00
3.613475351344970221e+00
8.029882349802203834e+00
8.906557853896428512e+00
4.646984153503106008e+00
1.834563273621134805e+00
-1.851438301865570679e+00
2.410047294272324336e+01
1.707543158803046168e+01
1.456637105167203039e+01
2.113546047908372572e+01
2.445497069621803377e+01
2.221511739212184722e+01
2.527038094299453519e+01
2.505033670316085193e+01
1.564301033091049931e+01
2.343218115348370389e+01
1.977824440958198693e+01
3.600550662042537908e+01
3.475684286659492273e+01
3.749620996506896375e+01
2.665211024593940081e+01
3.493677847261023572e+01
3.024353548845647310e+01
3.390712388171323965e+01
3.181051289194773446e+01
2.954839179240936886e+01
3.255438798266952460e+01
3.909624245448830493e+01
3.688827679941368842e+01
4.929244868719559491e+01
4.731767866000751610e+01
4.002618350537227343e+01
4.907869760819551175e+01
4.310604146134039638e+01
5.033369221810468730e+01
4.740143520384856402e+01
4.042787283823169275e+01
4.308557790950777644e+01
4.796906667689076187e+01
4.549445756255865092e+01
4.285032328201690177e+01
4.822768767181148064e+01
4.572899507244519413e+01
4.461250569484062822e+01
4.421503220084099439e+01
4.954499251679968097e+01
4.556021134217029100e+01
4.776608572925787399e+01
5.086459510692493069e+01
4.996319056610289522e+01
5.024377976116151956e+01
5.064491324679088535e+01
4.885456848258352380e+01
5.016234559459388720e+01
4.890669626397345837e+01
5.029142229533503183e+01
5.088842676952354793e+01
5.089759360028935475e+01
4.890272889687568636e+01
4.927427413852140603e+01
5.142790484130101447e+01
5.053816367154489342e+01
5.186974050907269174e+01
5.173037765143432409e+01
4.875592314133957927e+01
4.862299440681098872e+01
5.002785369376011460e+01
5.230457855081048990e+01
5.156335439907506668e+01
-4.588610744228356353e+00
-2.257504012117989234e+00
-4.202055618280439830e+00
-2.702770577076838876e+00
-2.413369304796634918e+00
-1.449511697467747107e+00
-2.074823163251709346e+00
-2.417966581382469116e+00
-1.806088924568917786e+00
-3.589344721702941055e+00
-5.974080945918782248e+00
-6.168607248885171757e+00
-4.771093921814871797e-01
-3.391833395126240713e+00
-4.201253792311568702e+00
-3.129048042242249750e+00
-3.382610107666744526e+00
-5.486037931284004632e-01
-3.710148416848744191e+00
-5.338039635892426915e+00
-1.588310998106908789e+00
-1.065623883372468494e+00
-2.032174750392651497e+00
7.635201100213780956e-01
-2.829659896656037787e+00
-9.589052380626096328e-01
-9.940300979705136708e-01
-2.558324720981375755e+00
-3.142393986210637369e+00
-3.019482863909096704e+00
-2.700222109403785931e-01
-4.113971192392711806e+00
-3.486715059931363658e+00
-4.238724814080913617e-01
-2.579983103914413878e+00
-4.334036739107334668e+00
-4.204410600751187665e+00
1.405334496564609070e+00
7.283127872348351683e-01
8.327308152269841113e-01
-6.981649421495395025e-01
-7.448076914651320379e-01
1.233640047045072352e+00
3.051116316317555643e+00
-3.161525567512974977e-01
-1.866101508985984259e+00
2.926070635930264618e+00
1.060888268737327778e-01
2.629419183544762451e+00
2.014725275783944891e+00
-2.101192151220720561e+00
-2.443296178380219619e+00
1.782909608141483915e+00
2.912953288841079180e-01
-3.138074173859459748e+00
-4.741605416438745002e-01
-3.024910881191120282e+00
1.372550703512062098e+00
3.255461846697102146e+00
3.569112279349752725e+00
-4.911564115931130736e-01
5.117802697278638568e+00
1.947855948639331203e+00
1.224165472004073441e-01
-6.391861862612078227e-01
1.620651652049054370e+00
3.486191888317049958e+00
-6.107178690015020450e-01
5.163104118451881774e+00
-1.607896528059952757e-01
4.551795930412843916e+00
5.472563838922733126e+00
-1.473340479880989484e+00
-1.831670791151930100e+00
5.614789402840774102e+00
3.212945760326460842e+00
6.192771515020455197e+00
3.590104113012854814e+00
4.748904424124344992e+00
3.993085950265913286e+00
2.799125960492801823e+00
5.126816851274184295e+00
2.249711069479639336e-01
2.558741285424352530e+00
3.003583260569848701e+00
3.735429023626837264e+00
6.112559577448329895e-01
-8.462663152437155389e-02
4.500254880103164545e+00
-9.566040876660653058e-01
3.986079760613372436e+00
2.475373872516287488e+00
4.761104802983177064e-01
-9.476346457050296435e-01
9.181658346497941769e-01
6.741027131128801031e+00
1.983364786683333714e+00
6.165171189324617274e+00
2.245129427599072081e+00
6.586810605374746608e+00
5.472065294883359243e+00
1.301277971227079666e+00
6.823157019899019460e+00
5.517240319122476144e+00
-1.234079151347519110e-01
-2.675523526639146388e-01
7.384879444704804285e+00
2.723577463613693350e+00
1.616430061191247214e+00
4.707710325792954009e+00
5.162231200344090887e+00
2.412330985614850931e+00
7.196525770831100344e-01
5.951134614482749718e+00
1.500182049437545739e+00
6.511849719619260846e+00
4.569375466716731005e+00
4.214833594275463113e+00
4.253413193149361282e-01
3.520713929772860684e+00
2.179335300416616494e+00
6.017239320651331269e+00
3.324766859606822056e+00
8.659295489224914100e-01
6.931723358637150945e+00
2.391526974581352771e+00
5.784564264407475953e+00
7.692395441328141459e+00
3.475685882230762580e+00
1.044019823738711494e+00
2.567227965551291735e+00
7.574161822059828353e+00
6.536769080017855060e+00
7.951347964088581577e+00
6.015385086048938845e+00
7.011450569588799198e+00
2.062936851684372908e+00
5.232115491028131338e+00
3.218630367530044722e+00
5.646978089710826154e+00
1.735473221176604852e+00
3.313982697566643321e+00
6.617093039949379474e+00
1.540590610477443168e+00
6.711707914423729271e+00
5.236137009142298737e+00
4.414646066084660703e+00
-3.335032720568118059e+00
-3.789737842012199653e+00
-8.154590728177449677e+00
-4.673682236317318051e+00
-7.946085309873309299e+00
-8.490530715005055740e-01
-3.990827274098112554e+00
-7.919272274541750534e+00
-7.311625031098854421e+00
-4.593968971330133044e+00
-5.256842132460889383e-01
-2.872326112835661860e+00
-3.448433304441143932e+00
-3.296533276081170971e+00
-6.029687631047872642e+00
-4.355186326022715271e+00
-1.994535087406165141e+00
-1.303368662681164025e+00
-1.318948106743754511e+00
-3.200241196287473500e+00
-1.834882515507197276e+00
-7.770506882940473758e+00
-7.134920015040565389e+00
-1.179394302404481953e+00
-5.388938920382823738e+00
-9.372758019016815823e-01
-5.657338977419984261e+00
-2.078480509268872289e+00
-6.976581130577105938e+00
-7.122833339840726197e+00
3.336803890952064755e-01
-4.216823616848103029e+00
-2.211538887631968819e+00
6.299103874756584176e-01
-4.439425556223985936e+00
-2.697773230125101396e+00
7.248747301889144623e-01
-2.851808878097626287e+00
-3.694415445238984574e+00
1.561024056838911100e-01
3.715669543707509348e-01
1.905583018767731396e-02
-2.082559734038490262e+00
1.962083422934839394e-01
-6.794399412846888531e+00
-4.598401042012092432e+00
-4.127623955206448869e+00
-5.916363613656987042e+00
2.599665792279274301e-01
7.350812940880566693e-01
-4.211236243063228635e+00
-1.980184628918256085e+00
-6.097684006764787057e+00
-2.924930242828685856e+00
-4.644718326970200373e+00
-5.718961573798067022e+00
-5.080956532511135215e+00
6.805461228818590058e-01
-2.264785129685490617e+00
6.795666474126322854e-01
-4.491403723278915905e+00
-1.691061286338245928e+00
1.055225321970341135e-01
-3.392334803173555624e+00
-2.039738557545607733e+00
-4.268891589396154096e+00
-2.205360626807335134e+00
-1.248523552745145038e+00
-1.963828811779011474e+00
-1.904142096012413354e-01
-5.116836412933669642e-01
-3.085261652419302170e-01
1.384912136580589426e-01
-1.785290507649167857e+00
-2.169255918377353431e+00
-2.533034396658678133e+00
-4.151644448036776680e+00
1.598939257372927747e+00
-1.657925039300012449e+00
-3.554700899726558561e+00
-4.203122990859509578e+00
-3.259054218907040390e+00
-2.670337267732437070e+00
2.048868207633226302e+00
-5.816710852209285854e-01
-5.708887128812232259e-01
-3.485995847906699474e+00
-4.064306736564962996e+00
-2.528635878384699609e-02
-1.256507632947360120e+00
-2.487741990774255729e+00
-3.504383046919357536e+00
2.034928949565466549e+00
-3.501574017194982957e+00
1.504689047362456122e+00
-2.914505481181755453e+00
2.055889522999028607e+00
-1.598853303253959357e+00
-2.820673093757830152e+00
1.702176836513040969e+00
3.304825274371213872e+00
1.748894541931744762e+00
2.306530689705229342e+00
2.094836320278429032e+00
3.000935409424390077e+00
2.716697276311101472e+00
2.785403324597127472e+00
3.400594874029711612e+00
3.601917609833497735e+00
2.440482195281123534e+00
2.751735858826747982e+00
4.417790270097230021e+00
2.983869983327386066e+00
1.835760573860753420e+00
7.898761034514775181e-01
7.090389944098723918e-01
1.416280335246808519e+00
6.921817111364283459e-01
2.654924202897170460e+00
2.367216616041411203e+00
4.968115901871675288e-01
2.185768442918906374e+00
2.418431248457356908e+00
1.333652938674731558e+00
3.047633416067276002e+00
3.507538068839124001e+00
1.868176372529869678e+00
4.183207436725478345e+00
2.159335905092393926e+00
2.965362027983938220e-01
3.042861489123267926e+00
-4.641849067201631041e-01
-3.272881901375056524e-01
2.048683774823250869e-01
3.191375369502396087e+00
3.198059590968078680e+00
9.917336736279691589e-01
1.918246051806130836e+00
4.269545576531543762e-01
2.850421119423239835e-01
3.688040382839774534e-02
-3.172027547445731011e-01
-1.083511198721370250e-01
3.102262207560951834e-01
1.596259440396345486e+00
2.028536295365130471e+00
1.323523408337158092e+00
-1.266227400522398572e+00
-2.787263736051528884e+00
-2.655325285965703941e+00
-3.277113582695154292e+00
-3.338020076154872839e+00
-3.661839679958748484e+00
-1.011053699275945350e+00
-3.781174602680792418e+00
-2.296528328740676361e+00
-2.572125034038760027e+00
-1.119023250291459437e+00
-2.829237350637479942e+00
1.039688879897160412e-01
-1.995576940096416729e+00
-3.398832355634535674e+00
1.843213412578490917e+00
-3.652667782139810360e+00
-3.623480821221211734e+00
-3.611028748628708929e+00
6.740510743238791180e-01
-1.413864281390473376e-01
-2.488396805570112669e+00
-3.671931539859372151e+00
-3.114362552266077611e+00
-1.401548623177041097e+00
-3.580596365365980027e+00
-6.789654137014085045e-01
-9.198796221618747992e-01
-3.000360509081451355e+00
-3.409947687272291361e+00
-3.706776472075600459e+00
-2.112444374929611790e+00
-2.990816226179646264e+00
-1.621319942460529129e+00
-3.788903954280639752e+00
-3.733338264709729071e+00
-2.452145893038001567e+00
-2.644214808637154412e+00
-8.270774027534181227e-01
-2.582583457366839141e+00
-2.850924361836141951e+00
-1.674215915191606951e+00
-2.103039326191980418e+00
-3.505604529430602856e+00
-2.047502177942251755e+00
-2.105364797553873846e+00
-7.762246633280940333e-01
-7.463231012612410176e+00
-3.043277723432188608e+00
-2.769551526646056416e+00
-6.140409190665763184e+00
-6.125806657870100480e+00
-3.724035368681136493e+00
-5.141977208078634121e+00
-4.249093604158326265e+00
-6.808257447298505127e+00
-6.049953834805767983e+00
-6.433279946665833471e+00
-7.866901396504987432e+00
-2.546128402904806354e+00
-1.726474399247994285e+00
-3.988598156321784050e+00
-2.197424116337761024e+00
-5.321767113407029015e+00
-5.962292693272277511e-01
-2.133000594838068587e+00
-5.588523982818061953e+00
-2.582877032137949058e+00
-3.731458418259249399e+00
-3.813684725065385805e+00
-3.505709950882950121e+00
-3.873850780550832873e+00
-6.532260185494731530e+00
-3.953323581905008322e+00
-7.864035450380346681e-01
6.628039524794200332e-01
-2.090820201355233721e+00
-5.034099394751697432e+00
-6.794627865465643346e-01
-3.380407291780980650e+00
-1.814504058241979356e+00
-4.096321261964043892e+00
-1.683826929371968095e+00
6.942590326013078350e-01
1.397392100286587002e+00
-2.382057186556372663e+00
-9.276321456872420601e-01
-1.976251255854308830e-01
-1.705980119814995533e+00
3.923641098254542214e-01
1.529948491873307059e+00
-4.143850221586743210e+00
-7.733922673381521395e-01
1.117349575795491878e+00
-3.228677097708789745e+00
3.288525131825191572e+00
-3.911942790290661165e-01
8.278552106369607699e-01
8.511836505584007284e-01
3.915536188933765871e+00
-9.985629496748699152e-01
1.101730257109948541e+00
-3.959026877610410944e-01
6.638386729680623155e-02
7.225975995772369043e-01
-1.231453865526212832e+00
4.104081674028201121e+00
1.825376478187139551e+00
-1.774750842028664177e+00
-1.502511564462329030e+00
1.689469981019309230e-01
-1.117677731639062255e+00
2.018459972010845149e+00
2.985628083681127087e+00
2.837791075804356744e-01
3.344489018498696398e-01
-8.471381846852322761e-01
1.611996637924185016e+00
-1.188724339559164678e+00
1.156151285365073278e+00
3.668168809571745292e+00
-1.244304248808054902e+00
1.206636592610630832e+00
1.225182371276252180e+00
3.315147633032123231e+00
1.228958023773189634e+00
1.771459415126596104e+00
5.898245893026933473e+00
1.994416547014306929e+00
3.710482414601634638e-01
-3.334449271720137942e-01
3.070712642847601259e+00
3.730820634485043641e+00
1.426371805339027521e+00
-5.892256209775699194e-01
6.143402364668938631e+00
3.576207925100894691e+00
1.736724870354630745e+00
-5.440517548682454185e-01
4.826723064390792572e+00
5.242879314427528747e+00
1.211757167340628660e+00
2.641298679473232269e+00
2.252587919073925526e+00
8.430457573362845736e+00
8.203885479349542820e+00
-2.372829948111577547e+00
2.898364023550341173e+00
6.617429019374855947e+00
4.501666242939377227e-01
1.033678083673886583e+00
-1.567368072393226619e+00
8.689851300297533498e+00
-2.546892530888246853e+00
-6.161213846401471628e+00
-8.898012589526427263e-02
-1.579924711663811987e+00
4.559543939434985482e+00
-1.225862558002663860e+00
-4.425734547065856894e+00
-2.626755124870688185e+00
3.727223532101071157e+00
-4.770270280161055254e+00
2.934775423678472883e+00
2.540953306991238669e+00
8.554339696871229748e+00
-2.628589778581992498e+00
1.458526304824681930e+00
-4.181487616732940893e+00
5.847287897925371958e+00
1.277403296048737147e+00
-4.550144936717041233e+00
7.993160693612300527e+00
6.730052276074744100e+00
4.910405859612003709e+00
5.149543740259944435e+00
6.293920841411352995e+00
-9.236000562082127274e-01
6.350537836264346758e+00
-1.373867788703808657e+00
-3.822634098483785436e+00
9.686006480726661039e-02
6.470305243934815209e+00
1.864095175858819786e-01
1.077406847005047652e+01
5.762436945663776733e+00
-3.933893811034594457e+00
5.610663714393393953e+00
-1.596478301023333657e+00
-7.545476917531296124e+00
-2.978203451749193320e+00
-8.676002339106037908e+00
-1.425974057011751484e+01
-9.030561679164904376e+00
-8.192203312643940194e+00
-1.479792650239506635e+01
-8.772685158105465675e+00
-4.441928435183497115e+00
-1.007793574016001692e+01
-5.661532763326805551e+00
-7.288186268320257177e+00
-1.067643874946423210e+01
-9.479174362872361925e+00
-1.209557797663076073e+01
-5.850233682714870653e+00
-2.104322990515997915e+00
-1.072975376758680532e+01
-7.100810532138086550e+00
-1.103096036366224375e+01
-1.483950298824359137e-01
-8.737649082667706679e+00
-2.453490475463352638e+00
-9.454705477336812436e+00
-8.220269266365603400e+00
-5.192608341502704228e+00
-2.752313995096701049e+00
-3.481614983372224970e+00
-4.817692632478358661e+00
-2.610111353298737669e+00
-7.599980639830008933e+00
-9.253407055092882416e+00
-5.322637370362569342e+00
-6.066249656835658755e+00
-5.327616114167492256e+00
-2.452416182800797095e+00
-6.951530694965442514e+00
-9.401935826835815746e+00
8.482240415510828413e+00
3.565121044493533731e+00
-3.443527920174215495e+00
1.921856531320371708e+00
1.087848429237231684e+00
2.115389302438103414e+00
-2.412552030714173235e+00
1.172679325502897285e+01
4.700200683634863985e+00
-3.946636796937417202e-01
1.083791268956801446e+01
1.129621718659976892e+01
8.246285388703231689e-01
9.939508506061814685e+00
-2.205483186308315524e+00
3.427868434725880320e+00
5.159248511412455329e+00
-2.530113706259857764e-01
4.299819390207701097e+00
7.949963955958816442e+00
8.016167975631862674e+00
7.897957981073248312e+00
-2.708667664744197623e-01
9.242429409387728612e+00
5.251090188473241938e-01
1.130566699408289288e+01
1.230589854527011617e+01
9.953599553215795481e+00
8.573956100708599593e-01
2.407770204788217683e-01
7.964935425715959916e+00
1.091542445914155657e+01
6.629122722802681444e+00
2.433306321409449247e+00
1.189235184359894504e+00
9.344686158932130837e+00
8.360100173196268969e+00
-5.812708819419404982e+00
-1.331974863907277040e-01
-3.666864789621134157e+00
-2.837669485640927469e+00
-2.551399254477750844e-01
-1.495923258910889508e+00
-5.919653509673735492e+00
4.805815987064043782e-01
4.245279571904045923e-01
-2.851959760615124573e+00
-6.166476557257341895e+00
-3.766316930644612260e+00
-4.571399019559786225e+00
-1.301030505192363407e+00
-3.884001461950847833e+00
-6.371263281842072246e-01
4.345619589661312787e+00
5.078510880413933393e-02
4.126856195656309900e+00
1.355603007877395072e+00
-2.151047171809285175e+00
3.992953681089877804e+00
-6.112170222802681963e-02
-2.748012474550636242e+00
-2.320241637263684709e+00
2.756892619258173305e+00
-1.071193028469167530e+00
4.692782529840124006e+00
-3.605615299135897622e+00
-2.479657507845831166e+00
-4.320387153510759859e+00
-2.938764079507405924e+00
-2.977981044259686350e+00
1.762247436973024328e+00
8.815331122404838737e+00
-1.765395948571679696e-02
2.256140583142031808e+00
1.624935083788852097e-01
2.800508999989371972e+00
6.643144411322163378e+00
8.620937618721509210e-01
-5.314885033503222722e-01
5.644609953507162992e+00
5.305893556241009890e+00
5.763041696318049745e-01
8.307222672972304878e+00
5.234724136689894003e+00
1.234707400725649151e+01
1.050886464272358367e+01
1.077015608577421446e+01
1.231234213274453104e+01
5.201670415300043260e+00
1.015099024240114289e+01
1.305630661812204707e+01
1.130013895686944458e+01
4.626566779974309540e+00
6.071504854995434464e+00
8.064966637332355859e+00
7.965390146053781706e+00
8.781231623335536085e+00
1.411400222332208543e+01
7.954665674795866614e+00
1.479035418096184173e+01
8.616429126223106749e+00
1.157971737778070320e+01
1.192736710784505760e+01
1.196990059411326257e+01
1.436389047819337605e+01
1.127690898237900541e+01
1.289545821417488014e+01
1.206991276179425654e+01
1.261273369894891694e+01
1.066034915926104887e+01
1.199413514259620683e+01
1.536314580467608693e+01
1.006618319985105714e+01
5.935364159407948037e+00
4.573012794937977077e+00
8.279696912900170958e+00
5.116025528556185975e+00
8.748279489716070501e+00
9.654609004580185783e+00
9.175199707348935974e+00
3.708027218534613478e+00
5.793310081182548643e+00
1.141405629722339299e+01
1.011235207568706862e+01
8.633397929209834842e+00
2.043079918396339956e+00
5.303536844488625945e+00
1.061765536365664531e+01
1.464486582617752575e+01
1.174672977775114191e+01
7.425709914019275715e+00
1.102547079105460881e+01
1.041830469790356695e+01
1.138334784074630868e+01
8.483275833515451225e+00
6.168974561162556824e+00
7.571970043139507389e+00
1.153645430593629051e+01
1.319662031849193262e+01
1.094977209698746456e+01
1.310717635229229039e+01
1.376151367294609784e+01
8.840539312123262050e+00
1.550936053244057433e+01
6.447753963914619746e+00
1.056168368178940575e+01
1.114279975595298744e+01
8.050754005378761846e+00
1.450243819434350279e+01
1.000249014820337301e+01
1.894919154407605788e+01
1.259636859661802433e+01
1.324879728632599551e+01
1.678100615768478576e+01
1.426661011230781639e+01
1.139441563513538647e+01
1.448904801830609301e+01
1.109944406714071263e+01
1.487430636240521054e+01
1.485051916944340711e+01
1.492147203040649828e+01
1.007005552218264555e+01
1.475737763337950526e+01
-4.164810641997629403e-01
5.062822541631263995e+00
3.929254012847178679e+00
1.777782288648095843e+00
4.493205708908571516e+00
5.938348744124440692e+00
3.755289166528310574e-01
4.298185676297483049e+00
2.442686821901748573e+00
6.711796502320820146e+00
5.455156295960996715e+00
4.427708468896584648e+00
7.819641804519166683e+00
9.366476703176223495e+00
3.081374596678982947e+00
2.225106087568725144e+01
2.219863623932763375e+01
2.357904637637656720e+01
2.287665174752631359e+01
2.273300330119288759e+01
2.137141559698563498e+01
2.443915529841090617e+01
2.163845798487432859e+01
1.897541994987796699e+01
2.252725370885777778e+01
2.028363480418878950e+01
2.039271022010477452e+01
1.887286883564219053e+01
2.210796473399527073e+01
1.845868531588777728e+01
2.061080107837459607e+01
2.139106325757073890e+01
1.918329638500209455e+01
1.910349091094320428e+01
1.915168715079354911e+01
1.503935387217567055e+01
1.765040961945498310e+01
1.492419436218887974e+01
1.838516796296683253e+01
1.762880899881161056e+01
1.664111520828187807e+01
1.473836207200727522e+01
1.831329800620202874e+01
1.486665324624358675e+01
1.418891301770559998e+01
1.323423861785717115e+01
1.240532109486675694e+01
1.047552495030524256e+01
1.309363482732574369e+01
1.421674056933868080e+01
1.273785175807168102e+01
1.476127752611208876e+01
9.118248594550276920e+00
1.014779203319439738e+01
1.606853860393228572e+01
1.403976795893316698e+01
9.169270940622652688e+00
1.324649372321002261e+01
9.299250098881181259e+00
2.940522621974208661e+00
2.467133584045108741e+00
4.803756986993485967e+00
4.535448771547318181e+00
7.063898641498275843e+00
3.619733974394426124e+00
5.793913839449472469e+00
3.946291309847314466e+00
2.596689871389667115e+00
1.830122872458220140e+00
1.222855392165154775e+01
5.715385240271172229e+00
1.091541222192459770e+01
3.165328310433467074e+00
4.254454134707325252e+00
4.276607321967270003e+00
9.717051806635529587e+00
9.085987219133441428e+00
9.640902383737445902e+00
1.050829107223749048e+01
1.139096645268481467e+01
7.153441658604333675e+00
6.693727180481805483e+00
9.225273330548507289e+00
1.038286685583781654e+01
1.248771680445745069e+01
4.724869597148298794e+00
2.855495126011560192e+00
3.871061531812593159e+00
6.988844236260642440e+00
6.258840119496873022e+00
2.671330555753247182e+00
8.176937929102441771e+00
5.087119012217095282e+00
6.835626095099834210e+00
4.336751460595488439e+00
1.490585097267094650e+00
1.104091052970113118e-01
-3.243640808156364130e+00
-7.767910286588384228e-01
-5.868692595623970831e+00
-4.095582249972209432e+00
-1.697504154317647451e+00
-3.474551388619733672e+00
-9.689057697692629589e-02
-3.087879139136695539e+00
-2.439511271972474749e+00
4.424127405098028376e+00
3.607481189354816209e+00
5.033600894988530250e+00
6.898928136225995544e+00
7.377117459203742733e+00
6.718254922730131362e-01
7.936977928690288842e+00
8.614728397953028249e+00
8.929564723843560259e+00
4.171444229639171830e-01
1.231009370765092115e+01
7.436594988432243980e+00
-1.264773544103505731e+00
2.951551377573347068e-01
-3.676140203522085592e+00
-3.081891016648090620e+00
3.458768545172818065e+00
2.156852047055708432e-01
-5.073502307776680098e+00
-3.047610069798507126e+00
-6.228695062897823931e+00
-7.334868131913126810e+00
-5.783815468977659080e+00
-5.719987665503827756e+00
2.146195038144294465e+00
-6.400916142588474855e+00
-6.016970154972444362e+00
6.467562141358001782e+00
6.622687139559513270e-02
-1.367774684288104670e+00
1.219638991616057488e+00
5.590236620719791993e+00
1.574871836574864847e+00
-4.019913390697849032e+00
-1.096165846277997424e+01
-9.309141773782570795e+00
-1.428538128457312517e+01
-1.523688333287626762e+00
-7.828295787033835218e+00
-4.842245250736302964e+00
-1.296845955946402462e+01
-6.069402789972842882e+00
-7.472349033941734220e+00
-1.376320630315064797e+01
-1.018955256175419422e+01
-6.235250656288798154e+00
-1.266205133365220625e+01
-1.017053201814540131e+01
-6.519145362123767384e+00
-7.255492951157161308e+00
-7.999983694046551186e+00
-2.613006338243179183e+00
-9.597389722485404562e+00
-8.785714101971311862e+00
-3.468096272475291286e+00
-1.059563330143231319e+01
-9.912790376820241889e+00
-1.001709427735201707e+01
-1.071108094672987399e+01
-6.110432453327740987e+00
-1.572576486461582235e+01
-8.102793998315899415e+00
-1.014676042584349958e+01
-1.271069346758202201e+01
-1.792354963943369484e+01
-1.265195364691451196e+01
-4.587125477107308669e+00
-1.535061453248037999e+01
-1.600324419520671881e+01
-1.014454849319503360e+01
-7.347334376904282927e+00
-4.392245227267014940e+00
-1.077143445001303412e+01
-5.704231389426759335e+00
-1.947974014063814607e+01
-1.811614939482618425e+01
-1.834817798186425364e+01
-1.649335006599254427e+01
-1.404031005120777031e+01
-1.742360949321840025e+01
-1.319435289319453553e+01
-2.467438744200160272e+01
-1.832151281424136258e+01
-5.068703831741721899e+00
-7.029139050718761439e+00
-7.363808616817369312e+00
-6.824579811389423156e+00
-1.236493518125911351e+00
-5.648807600777637106e+00
-1.165208725881572605e+01
-3.073583123279128415e+00
-1.412580418274963279e+00
-8.269965904011588265e+00
-4.602115074731223388e+00
-4.972187577593366825e+00
-1.136820120159630676e+01
-3.733925189074774664e+00
-9.579655288865605911e+00
-7.881652029973810869e+00
-1.740865055540297135e-02
-9.125250002372229829e+00
-3.256660524454218830e+00
-9.570601575266266536e+00
2.203777765954427537e+00
-7.816547040994667128e+00
-2.718146091963916433e+00
-4.342261717766760398e+00
-7.627603092525863104e+00
-6.669421630811317669e+00
-4.816511928649397589e+00
3.404297996367446899e-01
2.041593710748301760e+00
-3.808680049893212072e+00
-8.660297479373905816e+00
-1.160218823938132360e+01
-2.740326822455056544e+00
-4.704587497909244576e+00
-1.053784034484701948e+01
1.796589950527781809e+00
-8.543216734282793823e+00
-2.633096256483540287e-01
2.439992973947902044e+00
-8.007298461787996757e+00
1.757382023011743399e+00
-4.454945552494152139e+00
-1.002164362037733270e+01
-3.575245942094674945e+00
-4.675108428494361590e+00
1.854270385823113543e+00
-1.168077578430386154e+01
-4.947445324697078206e+00
-5.994942024729351004e+00
-8.906077046069576397e+00
-4.341949847783087790e+00
-2.001750853776854910e+00
-9.776999457237224078e+00
-1.145388100846722779e+01
-1.084126899105881137e+01
-1.047236412333078803e+01
-5.607585529588874351e+00
7.569590037306674901e-01
-5.680660955027754255e+00
-4.171413535117292071e+00
-6.887581922494064202e+00
-6.896500021651235102e+00
-8.378884006946353935e+00
-6.087156513890768395e+00
-1.126392179970861207e+01
-1.074333219079849044e+01
3.031882795618500381e+00
-1.086438069888004065e+00
-4.817783708025139333e+00
-1.059986145687362580e+01
-2.585773293687658736e+00
-5.260441211323843902e+00
-7.624925354662728694e+00
-4.097284140095069915e-02
-8.546916969730133928e-02
-7.965421401071509422e+00
7.551195396721332997e-01
3.313200259552338878e+00
-5.577939911978532450e+00
-8.312630565919430836e+00
-1.190372330045808269e+01
-5.061272936817577062e+00
-6.515734774805878260e+00
-1.322109052005124852e+00
-1.185856401920533898e+01
-6.974678290767087674e+00
-1.181573407672646070e+01
-1.474592961019769888e+00
-3.770050219386178014e+00
-1.570747401199604099e+00
-9.875771946487102326e+00
-5.721715686971663217e+00
5.416443477827108666e-01
3.998913572616274337e+00
1.469823514653612051e+00
-5.857921161160998480e+00
2.804423941803463549e+00
-1.055879240916095974e+01
-7.567434833239556013e+00
-6.106660050251925043e+00
-4.109118628147950147e+00
-4.141685377230469811e+00
-7.813782230751733948e+00
-5.028147758934647271e+00
-8.245660030849403910e+00
1.119898293667755951e+00
1.830031159901288618e+00
3.235496649548096570e+00
-7.753499881774814639e-01
-5.706071791363783063e+00
-9.623425012420582902e+00
-7.948278261874353490e+00
-1.108063946965589963e+00
-3.564136210094478230e+00
2.125387069175598498e+00
-2.384536153697762728e+00
1.249389788362002207e+00
-2.030963665762399728e+00
-7.372310616660797677e-01
-7.210595410395013616e+00
-4.556754109876875347e+00
-5.694646426624039748e+00
-1.098727065527299374e+01
-1.899468580276497676e+00
1.426600526193897878e+00
3.769868296558179566e+00
-8.345921786515228646e+00
2.051645612779584127e+00
4.482912840846239533e+00
3.871206650702237795e+00
-7.007847358656604797e+00
2.164550405295254265e+01
1.549850965822083637e+01
1.647957618574539396e+01
9.755164295541835173e+00
2.692846676003548012e+01
4.980750526293293845e+00
9.692718764886576466e+00
2.685252976832336103e+01
2.028795069414044860e+01
2.240747198903046211e+01
1.476917370054226808e+01
1.064704648038712875e+01
2.867363367394252549e+01
5.346083927396650282e+00
2.297238753122226385e+01
9.435153040662306978e+00
5.665345735333383814e+00
2.474223222861338556e+01
2.679293054634726801e+01
1.685108976018957350e+01
1.029679637093745903e+01
2.357389147789540118e+01
2.174526271118285337e+01
1.953664903886344817e+01
2.682252218192238047e+01
1.868527999683128016e+01
9.969624039428822471e+00
2.257299843370026338e+01
7.923872643949541050e+00
1.251769536672443905e+01
1.880460713728793820e+01
-1.708934357658453251e+01
-3.577917176674116462e+00
-1.021565436782637448e+00
-4.569053846198006141e+00
3.772607287841566404e+00
-6.113460861806226276e+00
-1.429398486505018973e+01
-8.355426952959238207e+00
-4.877541919090990774e-01
-1.325244376963042292e+01
-2.083943016875055676e+01
-1.181207065579016557e+00
-1.628990412195287263e+01
-5.872652219885763358e+00
-3.263353057497974774e+00
-2.101068983607197183e+00
-6.093597330204371332e+00
-1.101738687909707082e+01
-7.563795870535130916e+00
-1.243512293544620917e+01
-7.287769640033037177e+00
3.000461852901809223e+00
3.851748439810602775e-01
-7.161852288063991878e+00
-8.633704504946230429e+00
1.882921783966708063e+00
-7.659125065366526819e+00
-6.472042115617217206e+00
4.138387838706609756e-01
-1.455776250534555061e-01
-8.298830234264839234e+00
-1.766523599004631251e+01
1.401218012291231219e+00
-8.287393464574897450e+00
-1.819285809035105927e+01
-1.467371711848441507e+01
-2.036772420432519937e+01
-2.091907704450755645e+01
-7.259077279621553025e+00
-3.860980079634774853e-01
-2.665116828162639173e+00
2.323893087712307626e+00
-9.079235370612193989e+00
3.607758226560135562e+00
-3.390308597176442618e+00
-6.298452721331146087e+00
-1.898561901483243730e+01
-1.153303431710307692e+00
-1.900760130126904812e+01
-3.792801198565037168e+00
-2.860871850233073665e+00
-2.024344117835083168e+00
-8.073173845129426596e+00
-1.908889717398565722e+01
4.353351978970607661e+00
-1.453495421576452529e+01
-1.745375034507515366e+01
-3.663815672166820470e+00
-4.498182499260011014e+00
-1.403647303651808897e+01
-1.529334466305173734e+01
-2.445202309129425267e+00
1.816631309932677851e+00
-9.211429621044572968e+00
-1.916160145331842557e+01
-1.605755625180596979e+01
-1.855046112378684597e+01
-3.599747281918415531e+00
-1.964394614958258956e+01
-2.261343822964866135e+00
-1.615138909158109115e+01
-2.049369124353703242e+01
-1.735566200846465534e+01
-8.682711599553675441e+00
-1.413005770153174900e+01
4.456103435062601648e-01
3.138330190593705105e+00
-1.886073048553400611e+01
-1.940638311564140395e+01
-1.220326516291777708e+01
-2.160321277057197520e+01
1.615279456135555236e+01
1.943324379908209387e+00
2.148442568245654982e+01
2.039023822734898772e+01
2.146462230053554521e+01
6.520781762881998844e+00
1.068476475174551688e+00
2.735617419570471220e+00
2.363251592792614275e+01
1.767632537455646968e+01
4.416526053499545412e-01
1.738843487638074237e+01
4.527147695082298640e+00
2.242119387378108541e+01
1.881069407719893505e+01
8.887725885130670633e-02
1.631614696077018678e+01
-1.377921642502958122e+00
4.883463636247821427e+00
2.085724397288208110e+01
5.886714658928477562e+00
5.714564782761719641e-01
2.090881590783154920e+01
1.105580960265143275e+01
5.465371709277570211e+00
1.387096419371193434e+00
7.905428252309238957e+00
1.616224484897607994e+01
6.737600490374381579e+00
1.838963369060610020e+01
8.205361059452812356e+00
1.248381412685542813e+00
6.430794657246428514e+00
1.210745013899311162e-01
-5.807959074352151418e+00
-1.307038074666594341e+01
-7.842953453381317885e+00
-2.630776047779894267e+00
-8.557793620854846850e+00
-2.956389912732704683e+00
-1.314834835998524554e+01
-8.745342092694729175e+00
5.182532652153388764e-01
2.323551762210771976e+00
-1.266299669296282104e+01
-6.005829240022165116e+00
-1.422106784060209428e+01
-2.217014201288014075e+00
-6.666737927060041535e+00
-1.105643509934312796e+01
-5.381738078254542756e+00
-3.996254362518642189e+00
-4.881039931830388312e+00
-1.091934606390262630e+01
-1.180360723596263028e+01
-1.126040128211678315e-01
-1.130037142605694456e+01
-7.298397490611939986e+00
-9.807617545024395866e+00
-1.112961470841296752e+01
-1.371909136540186047e+01
-7.556834934239594403e+00
-1.397541088815891364e+01
-8.404294692564725722e+00
-1.484162573804667140e+01
-1.167857066846406866e+01
-2.474662401706074988e+00
-9.347000490240278125e+00
-8.630218794328357035e-01
-6.255322074377706265e+00
-1.381802328460052642e+01
-1.099422661148668823e+01
-5.760437862722826097e+00
-1.235547018853132428e+01
-1.042186135402603497e+01
1.661853171521432415e-02
6.844261715740342922e-01
-1.183595320616992375e+01
-1.576234779768963890e+01
-4.862994048801718705e+00
-7.593998058260524431e+00
-7.407240434048977917e+00
-2.094892409010299161e+00
-1.369067206037015083e+01
-1.365102625003973102e+01
-7.018238000949394539e+00
-1.676090340928193534e+00
-1.859147009800840245e+00
-5.705158181131395168e+00
-5.282016045543773686e+00
-8.083769930932978909e+00
3.966578385990439770e+00
-1.266374007143859615e+01
-2.463736201533470904e+01
3.348613867244374376e+00
-1.007660681270799863e+01
-8.218627321226463778e+00
-6.716188280235872554e+00
-4.999227690354000941e+00
-1.883769564238309613e+01
-3.011920262432031592e+00
-1.768772311042028633e+01
-1.294431480828438907e+01
-1.382520448413374936e+01
-6.197193274020635911e+00
-1.570606318250733224e+01
-1.890730948845765624e+01
-1.923372219090803981e+01
-2.290874746994875721e+01
-2.480309510015784369e+00
-1.942498586094009738e+01
-7.431063418445891244e+00
-2.653660856195410034e+00
-3.470881081291558701e+00
1.270575055310473545e+00
-1.523323142658230900e+01
-1.790861283393896741e+01
-1.697233321653059335e+01
-2.099549484658443532e+01
-6.329686413121805799e+00
2.012098349201476566e-01
-2.474541890000340771e+01
-2.377567015354509650e+00
8.267248807905222208e+00
2.408314418012552238e+01
1.456235761910492599e+01
2.233836884860023630e+01
2.880613765035867857e+01
1.018270125100978873e+01
2.551928014431391389e+00
2.604541394237366347e+01
1.289541432285293965e+01
2.323277878769262372e+01
2.283861961216222980e+01
1.207218948620687726e+01
1.375796931582262062e+01
1.500704172131827718e+00
1.503504973901839215e+01
6.581587908157482403e+00
1.976593979749171126e+01
1.317666147091092199e+00
1.480331285444940015e+01
5.261934642030396958e-02
6.408632637863425074e+00
1.783733469399868454e+01
4.854575554711471952e+00
1.846739942569956483e+01
-2.819945299653952020e-01
1.552245355456962983e+01
-2.492702461277074732e+00
6.881367995634464663e+00
6.743475846326660417e+00
2.108989797439599556e+01
2.303653977320676205e+01
1.585049451475115490e+01
1.841575924056521529e+01
2.370970166645049915e+01
1.186624933040713081e+01
2.184299565264322496e+01
5.091628097728325031e+00
1.214532709343475503e+01
1.238709629686544034e+01
-2.266940818685826642e+00
-1.605069600472110025e+01
-1.791149144516245428e+01
-1.751045358492731907e+01
-2.907388504988882261e+01
-2.529040314899290109e+01
-5.626884336093876726e+00
-1.045973938627761513e+01
-1.618079799389618856e+01
-1.527780315788409204e+01
-1.985052163471591768e+01
-7.271574808353740593e+00
-1.703601141482380399e+01
-2.689079961555892595e+01
-2.235771819968414320e+01
-2.408153242237463587e+01
-1.813912413079191310e+01
-2.209380384165257283e+01
-2.221627523932678017e+01
-2.015315733012875299e+01
-1.718685551223995844e+01
-1.276870733134005320e+01
-2.127544713907202834e+01
-3.553205747217074162e+00
-1.565047963173586254e+01
-2.618407948881687020e+01
-2.866957282728873935e+01
-1.178730247565452949e+01
-7.446222300635081837e+00
-2.019959411159174323e+01
-3.178736770320821137e+01
-2.024269320900781821e+01
-1.675920267130378249e+01
3.296272236815294576e+00
7.635682376631384827e+00
1.495797893538990664e+01
1.068898107534836228e+01
4.972756812907787705e+00
3.388929977225410894e+00
1.504358362271930716e+01
6.710085223434912649e+00
1.212609206069117462e+01
1.025582306177783565e+01
1.499301882786207685e+01
1.489590204358571945e+01
1.461441171930436767e+01
3.536861431600698324e+00
1.643834409784478723e+01
6.556159717005909826e+00
1.517431915693247468e+01
1.580673145725127071e+01
1.041974659028794470e+01
1.750719362084231534e+01
9.670193493789074779e+00
1.035566664868964537e+01
4.950758161136691982e+00
1.213437794530132408e+01
9.131919876010812231e+00
1.344758413141665443e+01
1.278217824082321208e+01
3.003752220032520626e+00
-3.000123049785436535e+00
-2.511740758684625874e+00
3.674679061847925254e+00
1.228187728942535628e+01
5.156544880169315448e+00
-1.872985557883373176e+00
1.173720112450299524e+01
9.398105859941402684e+00
-2.000406783981325987e+00
1.283069795884325437e+01
7.112343668682097331e-01
-1.437806493214692338e+00
-4.581337383354798121e+00
-1.060403151822015921e+01
-5.148525530820684537e-01
-1.055850832728628319e+01
-5.014251783878524549e+00
-5.711707405640948920e+00
-9.739871498937706207e+00
-5.401012951323370004e+00
-4.782391664829074074e+00
-9.788454107125010850e+00
-1.086558534406953136e+01
-5.416658724064030039e+00
-4.488239599191192752e-01
-2.051209215897369376e+00
-7.976069464394067055e+00
-7.456767752582072362e+00
-9.315320235200267973e+00
-9.563470985625123433e+00
-1.949652181202211665e+01
-2.055962923456507241e+01
-1.386948490459788985e+01
-6.051901895196005299e+00
-5.632323851170967899e+00
-1.200387253968489532e+01
-1.109911848271141643e+01
-5.348618899210823230e+00
-8.418699865398181714e+00
-6.848617839261210705e+00
-4.794565449604183627e+00
6.351923216940336125e+00
5.887003135448489743e+00
5.227626216748111787e+00
2.668974142285483353e+00
3.080824248611273575e+00
-4.446439295910113998e+00
5.753899898285117942e+00
3.615765312875543813e+00
-1.376463597368537961e+00
6.945148238992135958e-01
3.308065595870550268e+00
4.694512328197948392e+00
-6.151352435357040349e-01
5.384324447061142216e+00
-9.186604195132002104e-01
8.047046126097257002e-01
-2.815711708998357210e+00
-2.242704087923652168e+00
-5.746662559243620905e+00
9.051894795350339251e-01
4.117261608111302706e+00
8.373681603687559871e+00
2.697629366299794995e+00
-9.125344223054963066e-01
2.741564713410127752e+00
-3.624731299391289241e+00
-6.286722767297755254e+00
4.253934311319186534e+00
-6.134179420835710772e+00
2.790031311995871732e+00
-1.171298368442208471e+00
-3.259005765035492885e+00
-9.438322159662714483e+00
2.488524107563101495e-01
-6.705429478841068658e+00
-1.077536102881195745e+01
-6.071040584146734531e+00
4.934819422879107798e+00
7.223063229635187099e-01
-9.667987049616639794e+00
2.008518270888657753e+00
-5.802499143422640060e+00
-6.710052764101936518e+00
-5.555419008109469203e+00
-8.947399223138852165e+00
-7.959751731409882680e+00
-2.142773021691192881e+00
-2.109488657216964214e+01
-2.094888655123303778e+01
-1.388059078791611256e+01
-1.210363242104783943e+01
-1.520169182087458459e+01
-9.553898155781670454e+00
-1.395270688986705210e+01
-1.747354856101232201e+01
-1.552792162470862181e+01
-1.330967527972192599e+01
-2.026262480890694917e+01
-2.050623864127572915e+01
-1.953788780835564154e+01
-1.028988757142453991e+01
-1.186569622893100551e+01
-2.357386098101207494e+01
-2.342555198348445344e+01
-1.277069426052729817e+01
-9.337660034145867982e+00
-2.303991005747447574e+01
-2.336990460220619781e+01
-2.629195644733457016e+01
-2.041604415918381221e+01
-1.763978416694452989e+01
-2.071748500702649309e+01
-1.607442092628005881e+01
-1.718621395832154874e+01
-2.210796720154321449e+01
-1.803962302379976279e+01
-1.698838900016785303e+01
-2.696596765410541252e+01
-1.378506256409250597e+01
-1.890792266422790391e+01
-5.934556161599573443e-01
1.412392102888711420e+00
-6.918962448439934576e+00
2.200766160226049095e+00
-4.372125761590600845e+00
-3.672224742648459994e+00
-6.990966245731506490e+00
1.404044297260247376e+00
-3.007128448169108736e+00
-6.660344404251484107e+00
-3.121791107023184964e+00
-5.027484419372571622e+00
-6.038559983448058333e+00
-2.191168934784094802e+00
-6.933976134574795225e+00
-3.249178315821570351e-01
8.175316578450271265e-01
-5.381545269544231402e+00
-3.028495670378385185e+00
-9.275618882759758321e+00
-3.855194416906911670e+00
-5.599508724554398853e+00
-6.427114232248914760e+00
-4.834012147846140195e+00
-7.697930088125701786e-01
-6.856304262065771482e+00
-8.240528550373904082e+00
-6.601592811794551707e+00
-3.170390788566930240e+00
-3.588488999282553493e+00
-3.047870861031551470e+00
-8.176863010900047968e+00
-8.907356160157249292e+00
-6.203758475474366207e+00
-1.042001007040740568e+01
-4.129157392400083282e+00
-1.136450921281059934e+01
-3.495450316396713220e+00
-1.575019085165754618e+00
-2.097701707518542236e+00
-4.066729200052703774e+00
-2.661925516943400183e+00
-3.381119014466055006e+00
-8.993375251301699791e+00
-2.288261853076273056e+00
-4.969756614066059619e+00
-1.142579603060461757e+01
-1.023604367873088350e+01
-1.485288351078331992e+01
-4.200551853721875339e+00
-1.511599250880160916e+01
-1.127713560103123669e+01
-7.944592670136650270e+00
-1.514819370065394821e+01
-1.048711213095189976e+01
-6.431385275204852370e+00
-6.759203342461806763e+00
-9.460035489075766080e+00
-3.029299814261140256e+00
-2.404007948152862895e+00
-1.185064209515385159e-01
-3.931805600785271082e+00
3.892873849361455640e+00
-1.090921405869438843e+01
-8.295012055286568042e+00
-7.631644161515899860e+00
1.375006098786577979e+00
-7.312619207322157422e+00
-8.007587379066279709e+00
-7.686382360177899997e+00
-1.156332870841103322e+01
-5.019345717162377873e+00
-6.417587008035079421e+00
-4.534092682696535981e+00
2.580612738299057796e+00
-8.177915038034701212e+00
-4.385535235434328882e+00
2.842001187048452948e+00
-2.596270508294642454e+00
3.375486698422433207e+00
-1.039793375087795013e+00
-2.222887479877447170e+00
1.343886456803121909e+00
3.736536329798290978e+00
3.030815188788373860e+00
-3.384510454913786326e+00
-2.567580896346698616e+00
4.102443883846019546e+00
-1.055846039666577418e+00
-6.818110249591409655e+00
8.958928840872015797e-02
-3.112253727364325151e+00
7.103940812537946847e+00
8.017704496218174270e-01
6.831367105449752231e+00
-1.727372489291919777e+00
1.938867304564391603e+00
3.631916572240273311e+00
9.765016137107050298e+00
2.772080123087769188e+00
5.368578918391921029e+00
-3.138325912538214801e+00
-5.127294991333097407e+00
9.825342661865416716e+00
2.505849111168801713e+00
7.661582914152393897e-01
3.294541355689145412e+00
8.080229523710826811e+00
-2.113032842741668915e-01
1.133702128045084301e+01
1.159875428473227466e+01
8.059625001641640196e+00
1.096106141781886834e+01
-3.454791618946728704e-02
1.084961176579574804e+00
1.068616113039271376e+01
4.062485610580719886e+00
4.395809875006664313e-01
-6.619129338410986385e+00
-8.353955843637436374e+00
-1.995390232630027905e+00
-7.811048419818991118e-01
-4.200572621614235835e+00
-6.978266692179332154e+00
-4.850070409439527275e+00
-5.070047990769189106e+00
-5.195968608333782157e+00
-8.960898209672770065e+00
-5.583857056611499559e+00
-5.858513595217625713e+00
-1.137568533187822917e+00
-7.177029460398818728e+00
-7.271301487675120967e+00
-2.782638378195633866e+00
-6.468524839096895462e+00
-3.239583278363411978e+00
-3.474058393370307751e+00
-3.704513657434687079e+00
-3.501527575651064872e+00
4.556168437228820256e-01
-1.480325483616188542e+00
-1.877230313773502246e+00
-2.395889718758323461e+00
-6.968668980658048184e+00
-1.148096069727876145e+00
-2.506727336835581355e+00
-3.866461925946810485e+00
-7.048440628809129471e-01
-5.546359177704507815e+00
-9.023489276262268710e-01
-7.783529128223776183e-01
-1.662228574759448296e+00
-4.305419625272543627e+00
2.596826520990256348e+00
-1.666190982246624763e+00
1.816704971634537147e+00
-3.783644333074508648e+00
1.112751767203452147e+00
-1.564264563513731998e+00
-4.801574796462675820e+00
6.406934680989451181e-01
-1.415472631824866045e+00
-4.493018234486707563e+00
-3.478688531585344190e+00
1.715868154431764658e+00
-4.118638374211652575e+00
-6.962430101176313446e-01
7.469338767749213126e+00
6.017151252692376495e-01
5.091661145904140540e+00
-5.906321260522953143e-01
-3.149044011481580974e+00
5.074721118962342459e+00
-2.976472740544794160e+00
-5.816839821080963091e+00
-3.033449978411402626e+00
-2.088095725445140438e+00
-2.476760577930265050e+00
1.947092841189655421e-01
5.544386522723199207e+00
4.632996324586780901e+00
-2.899069270415089772e+00
3.704482691523249827e+00
-2.885804529527010498e+00
4.782659990697130326e+00
5.479866090525811195e+00
1.983419414899177058e+00
8.427085580323391056e+00
7.560490537220830198e+00
-2.232564241780103043e+00
-1.493469143047260417e+00
2.759802648427837291e+00
-3.346539568058440217e+00
3.044325333769170694e+00
-9.862570079694721326e-01
-1.279595735141873636e+00
1.101086470467402201e+01
1.178528809478064332e+01
8.689172595242347086e+00
-4.350061299192827802e-01
-2.383145457074590023e+00
9.852962591312012464e+00
-9.125254940344161847e-01
3.523870059434256241e+00
6.901960869947020072e+00
7.958720174560818705e+00
-2.575804670070582336e+00
1.013232355381442851e+01
2.715553866505023839e-01
4.165821162512895803e+00
8.538666959799066092e+00
7.374979935397778519e+00
7.206989108508555120e+00
-7.609055225782890730e+00
-7.311128984886709148e+00
-9.011091652952620379e+00
-7.328224360692913386e+00
-3.999834312562776883e+00
-9.893648691015487273e+00
-9.230259736632321577e+00
6.752196227824125430e-01
2.260629417157582033e+00
-5.762352520870706485e+00
-3.014920968160111681e+00
-7.003819373744974541e+00
-7.918084552875141569e+00
-3.286698985012526109e-02
-4.354347869977614138e+00
1.733569334364739589e-01
2.141025529047191789e+00
3.278716171461372841e+00
4.986338034383439144e+00
9.594764935525986971e+00
2.892930152624708207e+00
2.797260539798215095e+00
7.498587403936997298e+00
-6.855033753206067892e-01
-3.508641908945369536e+00
-2.009534300116143868e+00
-5.476863433526881764e-01
-1.621190030865768961e+00
8.570253803371672419e+00
4.569420359900590256e+00
3.733339440748785432e+00
6.294700085972047887e+00
1.063319885982608071e+01
1.273534059606320668e+01
3.767443406799285022e+00
9.470679408401455390e+00
9.403119305895218716e+00
4.777959084275795298e+00
1.287667389774244420e+01
7.964953417757710596e+00
6.796316037666674248e+00
3.583031508959826361e-01
4.487966214449844671e+00
1.047108843481110085e+01
1.037821640213910612e+01
-1.711987245983579875e+00
2.593205669048478601e+00
-4.054666393869057472e-01
1.666717947446026304e+00
-7.175396090928621851e-01
1.610402406517302820e+00
-2.106383721973868806e+00
-7.084750181893730014e-02
8.742573996233300448e-01
3.324306035246727409e-01
-1.601108205859596678e+00
-1.761521962050715207e+00
-5.295104228346902975e-01
7.223518216772943923e-01
3.431659242874870452e-01
-8.390683815483499508e-01
5.207394026661915643e-01
-5.161455976376163601e-01
-2.477107585429201286e+00
-1.555917086458159515e+00
-1.991545445894232103e+00
-2.271478687254497864e+00
-4.036982927269974653e+00
2.630853987507848490e-01
-1.644696505015711407e+00
-3.596299392454856303e+00
-5.021123990880364651e+00
-3.593150904264856838e+00
-4.914303467004754289e+00
-1.509305570530658835e+00
-3.536324716599982931e+00
-2.686581768812104087e+00
-5.663005672013311731e+00
-1.118623669933596965e+00
-1.526571060085832210e+00
-3.302220906790269250e+00
-5.733922104432915390e+00
-8.609993559470663360e-01
-4.067430412543461493e+00
-4.117021269436379249e+00
-7.922672193615083458e-01
-7.148378132950887753e-01
-8.033044236933588600e-01
-4.178162715986706743e+00
-4.181271097808561876e+00
-1.303508699235741197e+00
-6.791578086597611641e-01
-4.259365392601390354e+00
-4.061767023585918679e+00
-4.105218004057053172e+00
-1.468321475914599494e+00
-4.161873158459524547e+00
-5.144806999838302808e+00
-3.498216751770009125e+00
-4.318836399403241266e+00
-4.002788753754134454e+00
-1.667740327325431204e+00
-3.557068285519620066e+00
-3.508103305180015674e+00
-2.809143318799879996e+00
-1.286245813545261685e+00
-3.307966764752664712e+00
-2.373492523126967679e+00
-2.072475137058456873e+00
-5.908011395595407222e+00
-3.538390113979451357e+00
-5.167468776275515374e+00
-5.619483757931396539e+00
-5.819553649225895242e+00
-4.509089290461064436e+00
-5.713524387351528233e+00
-5.293738467302087969e+00
-5.838979528069621061e+00
-5.163173958726940072e+00
-3.610375008836780530e+00
-5.527257588726897097e+00
-4.590023929333232999e+00
-5.372251081510865944e+00
-5.029987069539754607e+00
-5.701188725919044131e+00
-6.394513858710920040e+00
-7.216045259148340385e+00
-4.888770855854275510e+00
-5.864226561072797494e+00
-7.289829274335701825e+00
-7.391621307126632345e+00
-2.135536263597721973e+00
-6.117263174865997577e+00
-3.063189134246850465e+00
-6.721440024201717378e+00
-6.898432151847774030e+00
-7.749390642801497364e+00
-4.723026876741392321e+00
-6.455992767373001762e+00
-6.540747900988122865e+00
-8.003176399708115341e+00
-3.619661428120886981e+00
5.843523541492394724e-01
3.887235431703181199e+00
-5.067680632024504916e+00
-5.581501725139354164e+00
-7.549582127627267880e-01
-6.196866458651415499e-01
-2.995381926537409534e+00
-8.869881803718071556e-01
-1.214482292793110707e+00
-2.690137237695885197e+00
2.328339784468623552e+00
1.432893301475157477e+00
-2.666301677189109931e+00
-4.032833762929046273e+00
2.200441170765176313e+00
3.428366908804219015e-01
-8.104414001359194764e-02
2.852160951402922251e+00
-6.830001623701875690e-01
1.291586879326781290e+00
-4.137414131649825855e+00
-5.010727837434378884e-01
-2.750898334038856419e+00
1.927781380106350140e+00
7.016280135705967869e-01
-2.029411576461249922e+00
6.688681412840882246e+00
-3.001144318502936947e+00
1.352251544568368269e+00
4.512569477979987198e+00
3.469288869139336429e-01
1.799326798892379786e+00
5.335890269773750916e+00
6.638792510739200958e-01
2.150702233236484240e+00
9.057685625236128857e+00
3.324077094362740681e+00
-5.795747264994028924e-01
1.726740522238389586e+00
9.034054573279354017e+00
1.148602413850150272e+00
5.496207386227000002e-01
8.954677706574448948e+00
2.592350029964311631e+00
2.230013235942122751e+00
9.174496432296342263e+00
9.107649848300670925e+00
7.492367909987078800e-01
6.844071402729409392e+00
1.203834790136054211e+00
-8.334081392468689842e+00
-8.066605337706944212e+00
-8.353412058203790735e+00
-8.225226960631392359e+00
-7.185219802170937697e+00
-8.617490713900270549e+00
-8.268570117852700463e+00
-8.616232641151054139e+00
-8.203225978831952148e+00
-8.478627595005063355e+00
-8.494293525311318760e+00
-8.331110584702553723e+00
-7.020081575498613446e+00
-8.350259793544781317e+00
-8.106347889114479344e+00
-8.575692321700101317e+00
-7.740182275339261508e+00
-6.358752300034902660e+00
-8.218082271304224307e+00
-4.963551218083244621e+00
-4.292319583003195049e+00
-5.824900698590568027e+00
-8.125760062283944762e+00
-5.003360643633104843e+00
-4.808694214187822169e+00
-8.516592698507926329e+00
-5.453687908094623005e+00
-7.227347739385112213e+00
-5.292515714143572580e+00
-4.850217470301944722e+00
-6.128437720561334068e+00
-8.558381700846432238e+00
-2.232527365727063007e+00
-7.796118524487654078e+00
-6.753172160134370827e+00
-5.145066566907376071e+00
-2.930783139233417156e+00
-6.050875600183930558e+00
-4.976753355938753565e+00
-3.220840214547914027e+00
-5.757903747274093043e+00
-3.774806231828247594e+00
-1.306861348513360443e+00
-3.091892669063779131e+00
-3.039374943178872357e+00
-6.215843073078458403e+00
-2.334634863085176981e+00
-3.942904394156777403e+00
-5.737015104327849890e+00
-4.262723423886524365e+00
-2.739399065120577514e+00
-1.949142694555506150e+00
-4.598529434527428350e+00
-3.518626361770823774e+00
-3.813019212676593384e+00
-3.750558838002044926e+00
-3.855909878279955461e+00
-2.709601153648194316e+00
-4.355466284765294738e+00
-1.192208804089977647e+00
-3.007488400314012988e+00
-3.165993766296767209e+00
-1.933719317030821339e+00
-6.122388098728481776e-02
-3.158810599900825355e+00
-3.664925284153378371e+00
-1.995985760942834863e+00
-2.430947240138750409e+00
-5.378944469835460040e+00
-1.695010425864974524e+00
-5.747279460806781870e+00
-4.010905620779127823e+00
-3.001237378566563141e+00
-3.235359781610065433e+00
-4.738227600250869642e+00
-1.332476617368216543e+00
-4.937359589245068570e+00
-8.900139595927025749e-01
-5.496098735889204612e+00
-1.002607194834456816e+00
-3.475172482034719401e+00
-4.825438473524777727e+00
-5.774494987601091367e+00
-1.427205520790675086e+00
-4.906586519057619000e+00
-2.949375045936878159e+00
-4.448849262293927076e+00
-3.997989088768119981e+00
-4.886792964091361213e+00
-1.539635125728136433e+00
-3.214611935707228696e+00
-2.495667250952790184e+00
-8.674915795523654438e-01
-5.220228424590911409e+00
-4.261575353735686633e+00
-5.764518969128875625e+00
-2.678428010223114608e+00
-5.600092808229290675e+00
-4.626553012472871984e+00
-2.305796066505450437e+00
2.043153250250875352e+00
8.937146882292362093e+00
3.327633035109504256e+00
3.249551750178672815e+00
6.229501854175085285e+00
6.669890168719626367e+00
1.071873082691418677e+00
7.805903626281859964e+00
2.271485470720069344e+00
2.937704756476300361e+00
3.045626129273355964e+00
3.602462676421256393e+00
3.462766587466293622e+00
1.243556613864350124e+00
6.939223113902394324e+00
1.589532741963165297e+00
4.896347346531666034e+00
7.838328027884807980e+00
8.908085343625003816e+00
2.775235139956527153e+00
2.492132851561752460e-01
3.951366115537430446e+00
4.423868818354270260e+00
8.154369653755068725e+00
9.428362162211881170e+00
9.593501235409910066e+00
6.826781137726047888e+00
1.057512150813613827e+00
5.479566535347713874e+00
-6.388758929268232301e-01
-3.497946877704292135e-01
8.041320204377466752e+00
7.916521251978753781e+00
5.901323169849201022e+00
7.639299466499185343e+00
6.902700017876531646e+00
3.022773520405482195e+00
-5.701866993707986886e+00
-4.383439557140940579e+00
-6.914936217899779969e+00
-6.120793839260447733e+00
-7.142324746420188220e+00
-6.845687442708843662e+00
-2.231280910213606639e+00
-3.176274382211945913e+00
4.264114986251543726e-02
-2.813973975125926508e+00
-2.685452362091503176e+00
-4.118650753588448232e+00
5.208595184233937303e-01
-6.642225213488974767e+00
-4.386806926214122271e+00
-2.655278104469199985e+00
-7.726167873287358212e+00
-6.117019490148957850e+00
6.883292387589166061e-01
-8.396007453146026478e+00
-8.237879921485763646e+00
-7.610316203131744395e+00
-8.327567784189668032e+00
-2.744737148204215771e+00
-6.871168403179666484e+00
-7.932506859270412214e+00
-7.301373822420305970e+00
-7.388035155698949197e+00
-8.310018518109883345e+00
-8.412541829287677686e+00
-2.604403626598722710e+00
-5.935342493885992887e+00
-3.075587021013248989e+00
-7.940485299703724742e+00
-6.211656328877923627e+00
-5.709197290261052160e+00
-5.172979422019235329e+00
-5.601287435455157393e+00
-6.201396318507820915e+00
-6.239063347174407248e+00
-7.405535066072392425e+00
-6.272493139648366522e+00
-6.154235527230937031e+00
-5.808678754579440273e+00
-7.293381863958474653e+00
-6.120954739241544651e+00
-6.709260077166202763e+00
-6.850676488051613333e+00
-7.430909820026608159e+00
-5.652530846882675597e+00
-5.949006165530003720e+00
-7.227283750008885121e+00
-5.182301530619805696e+00
-1.402801373807794683e+00
-9.831762477950016788e-01
4.714318815873886237e+00
-1.296560126616165043e+00
2.861530924775079754e-01
-1.295166389282035091e+00
5.717876214213444719e+00
5.288842215192566698e+00
-1.183363475754801719e+00
-1.033493213295052726e+00
3.819758963287186226e+00
-2.791305459974848802e-01
1.900629199262997560e+00
-2.127870557455254996e+00
-1.668248506142068877e+00
3.532893024114394542e+00
-1.468108524753529487e+00
-4.791955848533797635e-01
1.703665358297303811e-01
1.897855654306479067e+00
8.697990679841343109e-01
9.652041865741995963e-01
2.404599941913669880e-01
8.546204592599595529e-01
-1.943263778897276417e+00
-2.870779057477257368e-02
3.604315107700062359e+00
-6.992802066248611226e-01
-1.403319475642695657e+00
5.836606407063360535e-01
1.086227837283360032e-01
3.410590183742327142e+00
-3.071793735200342823e+00
9.660788394013177793e-01
9.678671145208230797e-01
4.506721178899848468e+00
2.092533785503032817e+00
3.564179936271881566e+00
-7.316224781289193402e-02
4.106543984291661786e-01
8.944316735105282135e-01
-5.179770579960470300e+00
9.128054074109108740e-01
5.981643956343383195e+00
2.253708593390594928e+00
4.136504467068733426e+00
6.243716545921865091e+00
3.856550477021326806e+00
3.202927117784359012e+00
6.165731682946096193e+00
6.020544814111572052e+00
3.603392951942458566e+00
8.697987788901441419e+00
9.991287528524267714e+00
5.831687658109147243e+00
8.190629767540444917e+00
4.486481240308607177e+00
4.522204154983695545e+00
7.684753233070110490e+00
8.875220810483604339e+00
4.785128661353630797e+00
7.166924775368917366e+00
1.132889216680290367e+01
1.514517876031932886e+01
1.245747016251243267e+01
1.472879354100126825e+01
1.480489981187551507e+01
9.292322047815984476e+00
1.150357536648436785e+01
1.211780363678242090e+01
1.424656781203203515e+01
8.475226844418569883e+00
1.289688749723944028e+01
1.379349958944794885e+01
9.486323510661268443e+00
1.282135930468102814e+01
1.004297238836324446e+01
1.669644867737527250e+01
1.105674572929459742e+01
-2.397338403361457093e+00
7.697918030180891380e-01
-4.876060218673947677e-01
7.648519746571991185e-01
-1.748962578023829373e+00
3.275403651843937780e-01
1.124982422547111227e+00
1.485239599924312870e+00
-8.168531640586924603e-01
1.407429481018567241e+00
1.572585486620607043e+00
-1.405965000859989322e+00
6.246028847598820377e+00
6.278114214897454914e+00
3.145056473699908928e+00
2.566120880341391519e+00
9.412712906903212939e+00
7.906052945706531609e+00
2.380614496253145251e+00
4.388276923625395121e+00
2.340423035543526264e+00
9.179568494074223040e+00
1.325689961581449872e+01
8.571406489106555782e+00
1.081050709497902496e+01
1.324276199073127103e+01
1.076680788085523588e+01
9.403030720643034357e+00
1.402723247894261682e+01
7.608305626661035603e+00
1.940975755591910001e+01
1.993444378659587457e+01
1.957640057630317187e+01
1.943292418122794629e+01
2.120501345345417477e+01
2.101819664698975032e+01
1.992333193010585290e+01
2.017621268425542169e+01
2.242713254943124213e+01
2.154594847441381944e+01
2.156736808168838238e+01
2.258837740325891019e+01
2.140562990541966215e+01
2.177283514702917699e+01
2.165445911607242735e+01
2.078606857823399068e+01
2.299834265035473635e+01
2.227679809091370089e+01
2.242631801930641799e+01
2.205407602511192522e+01
2.462641010386523277e+01
2.258013168753235789e+01
2.420544444433041420e+01
2.242538792305757411e+01
2.256335958392984509e+01
2.282799802075852114e+01
2.413382889484902805e+01
2.311699400033787910e+01
2.315289146144021970e+01
2.135556639438787130e+01
2.376370592357370271e+01
2.277538126997739809e+01
2.189649561525576971e+01
2.204051145470332429e+01
-2.791383774910553228e+00
-5.578574855873910110e+00
-3.001453685176951325e-01
-1.686030074244595056e+00
-4.208602357798499227e+00
-4.151948459653722168e+00
-3.085622607214291158e+00
-1.706765918978865759e+00
2.552877838941802757e+00
1.584237079858266561e+00
-1.266583037150851965e+00
2.373805662075350931e+00
2.053040224621755172e+00
2.467687846602473645e+00
2.239342043345568189e+00
2.541537863383642293e+00
4.290198382320840054e-01
3.324068456080571998e+00
-2.317138138348258103e+00
5.186518110119370917e+00
6.841520125019297183e+00
1.044562291401755516e+01
5.789741261078859225e+00
7.180242488678489465e+00
7.340025390758873058e+00
5.922850279970746534e+00
4.798196236410821491e+00
6.254308273391149697e+00
6.428879609915416182e+00
9.890609026116905511e+00
1.109640282119650934e+01
-4.948905618012859442e+00
-4.204166342248514709e+00
-3.723274195569673317e+00
-4.967432456582862699e+00
-4.709999501369699360e+00
-4.468004683850733016e+00
-4.192500635880461957e+00
-4.913951237827763663e+00
-4.230701997752600363e+00
-4.695193994096692691e+00
-5.346997326207989509e+00
-4.552175190129084115e+00
-4.619285558618934751e+00
-4.017927798524842942e+00
-4.886764343029493141e+00
-4.538104652394086003e-01
-3.761064488720984755e+00
-2.322304024256358623e+00
-2.258498407793490870e+00
-2.471942055891830137e+00
-1.027392641015863362e+00
-3.643622626419144694e+00
1.789640701314092475e+00
-1.998837210607755210e+00
-4.024503720944379026e-01
-3.531901800455198526e+00
-5.216542517031648174e-01
-1.553696934172096533e+00
-2.722223678014005444e+00
-2.257354282248792643e+00
5.458659632925771277e+00
4.495721216358004924e+00
5.145430729453268626e+00
8.014556885980315570e+00
2.959996427295332744e+00
3.616681910229083918e+00
4.563822107520831395e+00
5.065742142498939060e+00
6.929393624515647332e-01
3.635557678712467045e+00
5.122411840735981770e+00
1.703117692513657744e+00
3.053138616921766690e+00
6.055074565438403056e+00
-8.012019119770652509e-01
6.656161633878331152e+00
5.032838078550110339e+00
-3.235737761937542700e-01
-2.729349121971617720e+00
4.420144058443516322e+00
-2.099755397407138346e+00
6.403509898438516146e+00
1.244342870797874312e+00
2.315528318055742218e+00
-1.601721321461466729e+00
-2.972658055509782571e+00
-2.026801688963704606e+00
-1.513616968248227224e+00
-3.729896270515904888e+00
-2.511479833217981295e+00
6.940414972677100280e-01
-2.773417608813041113e+00
-3.010091998812363556e+00
-3.362786392551198489e+00
-1.606855522523481739e+00
-1.657290802697168886e-01
-1.425971995336421827e+00
-2.153910564665597605e+00
-5.218146399264291802e-01
1.028363700747366494e+00
-1.959714138405574957e+00
-7.357344788442112815e-01
-2.780587331761569914e+00
5.940979890631137295e-01
7.482356971000253765e+00
6.091488971432043265e+00
1.076350119326554911e+01
3.402632381175649812e+00
9.407274801007391218e+00
8.823255080234323700e+00
6.483111082893051602e+00
1.349431516162105993e+01
5.169283808752200393e+00
3.930786985130383826e+00
6.861707489520210146e+00
2.755376864168731288e+00
8.916098936348642923e+00
-6.749524167937082098e-02
9.247433241988680663e+00
1.053116457982256904e+01
1.175748792229650341e+01
1.476443620996559325e+01
1.867146316675221485e+01
1.462962656115115223e+01
1.923776010241903478e+01
2.326582989517968869e+01
2.175773811703782457e+01
1.270873301497548624e+01
1.733474684849215919e+01
2.610992883280730581e+01
1.440580340635344037e+01
1.735201126269625860e+01
1.880055237120902589e+01
2.408652522496831949e+01
1.483380846256533658e+01
1.872660378757955257e+01
1.729110734485470857e+01
2.262619336155562877e+01
1.095873254525828955e+01
1.960157171661049702e+01
2.164251540390701933e+01
2.206624862630734896e+01
1.964529643024749106e+01
2.165579694240979691e+01
1.966015670858851294e+01
2.113920646468223197e+01
2.283303152976467842e+01
1.655362727818091884e+01
2.181277722524786711e+01
1.808564766264301937e+01
2.147676822497069793e+01
2.477157426526294870e+01
2.066842966882568078e+01
2.395986413026862749e+01
2.038738611099439524e+01
2.313802546156604123e+01
2.236173186664876411e+01
1.892149970366433820e+01
2.312095716195134187e+01
2.139234572064504292e+01
2.204436561292349239e+01
2.156424098968594194e+01
2.154727261897563650e+01
2.044294680217280913e+01
2.164529622814876930e+01
2.549498769407180632e+01
2.205872994335152626e+01
2.019119927194455499e+01
2.395482886045889614e+01
2.305849504112973491e+01
2.127732370288730124e+01
2.082265234130274933e+01
2.041046564172859945e+01
2.004657015143767040e+01
2.627181192236888663e+01
2.629830575832081507e+01
2.624848098671739649e+01
2.624342787252453491e+01
2.613048386279984214e+01
2.596681118767692453e+01
2.659011492442137836e+01
2.490166910010779588e+01
2.567913018550289195e+01
2.588194061626872511e+01
2.585580759135883966e+01
2.592759230506559120e+01
2.371586409469922785e+01
2.472606147827803724e+01
2.579748036800610578e+01
2.429268448743583875e+01
2.517836245477630186e+01
2.464424497182795903e+01
2.405491578838499223e+01
2.494648143460759826e+01
1.955807565218984578e+01
1.974927928068191463e+01
2.162994171168259072e+01
2.219098223753489663e+01
1.924156508152403688e+01
2.154447273878896141e+01
2.070729262105738755e+01
2.147326962800353556e+01
2.122504228073256627e+01
2.339377855034643616e+01
2.619318208972381967e+01
2.589176165903442239e+01
2.654375690369133878e+01
2.574548891719376087e+01
2.597925699540932953e+01
2.590768213093133454e+01
2.607157531718232590e+01
2.466409210612339109e+01
2.486744830733871225e+01
2.540846391054444808e+01
2.492866801662439613e+01
2.521669711449844087e+01
2.589206834752570785e+01
2.459609100181919672e+01
2.595154134748494812e+01
2.502556669235092812e+01
2.502300001659052953e+01
2.431934407934161158e+01
2.345487622224322166e+01
2.377320177677385260e+01
2.230171222084393179e+01
2.122272148602323938e+01
2.419864270178353749e+01
2.349506424543026029e+01
2.413919531675384178e+01
2.389146801952036014e+01
2.124735894638298106e+01
2.326088772272777661e+01
2.356569286412265996e+01
2.191712105564267432e+01
2.232487647669739772e+01
2.150960264029714608e+01
2.395305891402866294e+01
2.468336671843870178e+00
2.408818452556200640e+00
2.099245601930357807e+00
7.621522780691272203e+00
3.506218832606874614e+00
7.369162714588529006e+00
1.955242181258876499e+00
5.219676216569443028e+00
2.026841017901775288e+00
3.370331498690971372e+00
5.215607213447517765e+00
7.214793555683352899e+00
5.428792390303211590e+00
2.056789366807596053e+00
1.801790572116434674e+00
-2.414455152222569012e+00
1.075595455056419070e+01
-6.259966860852728132e-03
4.736501297392880616e+00
6.391766929744788328e+00
-1.837708971317129070e+00
2.298223229571965120e+00
4.021990596183741218e+00
-2.728174184964835547e+00
5.123796196513211498e+00
-9.092809780361896799e-01
1.343712950631685388e+00
2.491708751242013520e+00
4.395563246929919288e+00
3.749257556374649525e+00
1.924988204691416627e+00
2.777049349753319518e+00
-2.302270619637450721e+00
-2.894246834564674131e+00
-1.578161057680597779e+00
5.483829050978631159e+00
-2.737185066439291603e+00
-2.687948541093838628e+00
6.252762374982456350e+00
-2.738085086434578486e+00
-3.011055837754485154e+00
-2.501583408334195013e+00
-2.604910166227313084e+00
-1.797387621908510980e+00
7.908011553781443936e+00
7.399746031121368972e+00
-1.723524554245317475e+00
-2.796959279197531956e+00
1.538698156822515806e+01
9.106760518584401609e+00
1.190993226503729474e+01
1.339688477268483524e+01
3.043164090144307110e+00
1.334874068893774890e+01
1.357525594956452153e+01
3.363550918640633824e+00
6.016607229101786913e+00
2.772800469918554001e+00
7.911521336634088186e+00
1.210882168270940795e+01
1.256303630784809044e+01
1.051605170077557005e+01
5.542727238251893951e+00
1.233777248626697798e+00
6.386314857594902250e+00
1.962812854150916664e+00
1.064623425817779889e+01
6.683847022356559364e+00
9.969024512005972838e+00
1.251562428620233192e+01
1.137316648191085378e+01
8.882648200170706332e-01
-8.556668868230943303e-02
1.286839934424600429e+00
3.325878502273537762e+00
2.348623030836357373e+00
-3.236909828895093710e-01
-3.813765845829152568e+00
-3.016389140750419529e-03
-9.235432274807671149e-01
-2.510248748925635098e+00
2.968170522607783468e+00
-1.828040110209201430e+00
3.469630869511775018e-02
6.491040869145354719e-01
-3.035585215878301213e+00
2.934147474602307071e+00
-3.358103403855249525e+00
-1.789451883270229970e+00
1.496420754273151132e+00
-2.771633449773624136e+00
1.841513760449034365e+00
2.755478933568998201e+00
-2.042134484107194226e-02
-1.736527300333490231e+00
-1.258508275171703161e+00
-1.587801376124536645e+00
-4.082678585981938113e-01
-3.928543358899290183e+00
-1.840147488102704898e+00
1.017612221200485223e+00
3.813611259274045651e+00
3.425104864924637837e+00
1.170540251149216004e+00
2.752761494061298109e+00
-1.886454034615653086e+00
1.285182143036788460e+00
-2.298958586991087572e+00
1.550636201294300598e+01
1.057740089343089984e+01
5.474028441110837306e+00
1.397846074364805702e+01
6.929832699595551482e+00
1.258598363164483835e+01
1.688348149140434984e+01
6.387890028614052085e+00
3.856598906603171173e+00
6.748429435555823197e+00
1.067398811347150733e+01
-4.343076407190048727e+00
-2.489684803330058926e+00
-4.652551893086556589e+00
-4.638795954404935529e+00
-5.003423970008038069e+00
-5.439406296835031185e+00
-3.186327840983144810e+00
-5.806040666854119792e+00
-4.639255115422766806e+00
-5.230459250365875334e+00
-3.054557496243026193e+00
-2.721554280036208695e+00
-5.769381245238099254e+00
2.903812584902318861e+00
-3.935252944555472254e+00
-6.208878384468375700e+00
-2.395873781235881239e+00
-7.071534939081264071e+00
-7.140844181766492937e+00
-4.714710298602922123e+00
-2.029225189736662216e+00
-1.244307776541202060e+00
-5.793045121556641419e+00
-7.335489233188217995e+00
-2.237275120670554784e+00
-3.101300088146915712e+00
-5.795917305198370784e+00
-7.519097579545130472e+00
-6.532566166534598651e+00
-1.171262669393950517e+00
-2.607780620568536989e+00
1.502449138404173823e-01
-4.879159130224021368e+00
-1.212528131218320482e+00
-2.555436803421944347e+00
-3.843755327971454250e+00
2.342646983326641674e-01
1.194378460062962333e+00
4.240325699692043315e+00
-3.930820853063837106e+00
-6.031129929316112026e+00
-4.771010790198745966e+00
-4.428162207676750839e+00
-3.536507179831891889e+00
8.639346928329693753e+00
1.291131274324224698e+01
-1.714303328558147044e+00
-5.906997460450604365e+00
-5.894415748357737073e+00
-2.541289044437050393e+00
9.851184205619983203e+00
2.876983938132310570e+00
7.471910690087358198e+00
8.279083768073197902e+00
-1.861588005354763098e+00
-4.459562526981985187e+00
-4.151240329294219933e+00
-8.430736621494391514e+00
-8.820197048875751733e+00
-9.251384668095097297e+00
-8.712983918751554313e+00
-5.016992521581984832e+00
-9.047708314813094788e+00
-9.532034049880699911e+00
-5.691672603966432931e+00
-8.221400950905712435e+00
-6.175057561609722967e+00
-2.422653148033035109e+00
-9.759107028946758078e+00
-1.022827627433381892e+01
-9.221965419282724952e+00
2.072218211494242013e+00
-7.404388204183614874e+00
-9.020354441200256090e+00
-1.433690897231061179e+01
-9.690627411409836967e+00
-1.563781275714135965e+01
-1.374689358748010015e+01
-1.418840882683602622e+01
-9.168743288927771573e+00
-1.006169527217132753e+01
-8.500740240779050438e+00
-8.131362174949721577e+00
-1.339306918921149503e+01
-1.579829178152484204e+01
-1.081823268091582335e+01
-9.235346669198087000e+00
-9.887100499558135525e+00
-1.047914592919821786e+01
1.625395735115248641e+01
1.868908964115127702e+01
1.815580886188443444e+01
1.755142312674067995e+01
1.702807659632097881e+01
1.690326557859902579e+01
1.607267320506860031e+01
1.356370460826430957e+01
1.942328479106539518e+01
1.704568170442149722e+01
1.678225538898346159e+01
1.657636358984265712e+01
1.651412823451550338e+01
1.227069061922614068e+01
1.012265152034900595e+01
1.254269516111889260e+01
1.210207838751563258e+01
1.269499590568329239e+01
1.082851686845465977e+01
1.192920186110528569e+01
9.815269547921213089e+00
1.461125476592540018e+01
1.133606467566949227e+01
1.187955202114832254e+01
8.786135490891602728e+00
1.162954555320020766e+01
9.692636751853873633e+00
4.916914801657185308e+00
7.088172251200523633e+00
1.017816989997548660e+01
3.194523010017924491e+00
4.192194535780953579e+00
6.788416719018398382e+00
5.892758495481004388e+00
3.660324234179761049e+00
1.302632381128589145e+00
6.623048054222160808e+00
4.328725556817547115e+00
9.213301410391494528e+00
1.118732492786012500e+00
2.559060912860351422e+00
1.080608268737124789e+00
3.449359955464696981e+00
1.189562536677557958e+00
2.424191954083491751e+00
-3.884635326996891180e+00
-2.419837109349836979e+00
-3.812059810839272700e+00
-5.511624316791674971e+00
-8.038395575231298551e-01
-6.986512977927965551e-01
-3.863673071670218562e+00
-1.481344281214783010e+00
-4.782436209395541482e+00
-4.714422403916103121e+00
-2.980858138453958972e+00
-3.524769628120145271e+00
3.189098308605071708e-01
-2.186864493178049429e+00
-8.176076811600379912e+00
-9.689009540481706040e+00
-7.669600510196774579e+00
-7.654472127582337748e+00
-7.161398185796242544e+00
-8.345607716752294181e+00
-6.810381770168408622e+00
-8.389250317387274336e+00
-6.692799515240038133e+00
-6.404112578499066899e+00
-4.421208036161972110e+00
-6.831126133436422165e+00
-8.059525043937226130e+00
-7.997225245082857370e+00
7.178225646601399390e+00
7.885617580143291505e+00
8.744896630644634072e+00
6.332718009096364398e+00
9.053458333346972253e+00
6.341889616418580289e+00
6.782371111680919107e+00
8.762011380262411109e+00
6.435828926367308966e+00
4.993671416587277534e+00
6.984884506846195329e+00
1.085382384322064908e+01
6.197288726232619283e+00
1.083014325302151093e+01
4.710646695504242309e+00
3.866966424498757604e+00
2.474389096192108894e+00
3.199946524887797406e+00
3.346197611302032193e+00
3.813874890251582883e-01
3.007959742218141663e+00
2.395997742099407191e-01
5.905378607348083619e+00
4.114351653949901433e-01
5.124950900208427917e+00
5.125276497042459134e+00
2.731058154939405291e+00
-8.258473353220026070e-01
8.633210347408191154e-01
-1.314938682453353547e+00
2.332749145300001548e-01
7.723539881639740479e-01
-3.443686127416166975e+00
-2.758675258480541626e+00
-5.651945027294932089e+00
-3.834790346212226808e+00
-3.178230358647630815e+00
-8.762569382775494686e-01
-5.900570496882911797e+00
-2.619437183285004078e+00
-3.131389653786873950e+00
-4.117808362473708073e+00
-5.982197741859522466e+00
-2.867401961905269303e+00
-2.769738507886243983e+00
8.856873764648189873e-01
-4.645579057433133485e-01
-5.046706760732678099e+00
-3.391293933651732928e+00
-1.364341094938497712e+01
-1.561198647601546519e+01
-1.768702063215004117e+00
-8.843140391059975514e+00
-3.217488067038862809e+00
6.909705819743461319e+00
-6.050503948571824608e+00
-1.080969223468061635e+01
-5.638346870596057769e+00
-9.916743215365146469e+00
-1.501126018179793675e+01
-4.436114657784765214e+00
-1.028022749181416984e+01
-6.978107544836769094e+00
-9.526514265858327946e-01
-7.730134988575966482e+00
-2.327461431930931468e+00
-1.244580517515487550e+01
-1.042835566681176829e+01
-1.368048387442013691e+01
3.772093492989809338e+00
-1.718019876648484434e+00
-9.963283336637797305e+00
-1.280045889742148901e+01
-1.095973419928427006e+01
-4.230399784407943287e-01
-1.546064388903588238e+01
-1.023146521633728057e+01
2.068989609827695730e+01
1.975907433794577983e+01
1.434133983931430301e+01
2.040008355558796893e+01
1.858849625690097085e+01
2.092313875789558963e+01
1.882066100362632000e+01
2.055164126534532443e+01
1.562361205987107482e+01
1.263948368846284431e+01
1.699191640209607712e+01
1.617685697726095384e+01
1.575279667382498339e+01
1.439471396968447081e+01
1.218812447104380681e+01
1.241875597600027348e+01
1.454765385883080953e+01
1.666869484840737670e+01
1.524375905032970735e+01
8.640762924064658179e+00
9.710028278788085387e+00
1.454483290748552449e+01
1.054148829266193665e+01
1.006552644243233985e+01
1.394877410010793106e+01
1.144700998866638564e+01
1.076132786409841557e+01
1.057068876081783415e+01
8.552483998698001244e+00
9.947494245282783254e+00
8.653432809485423149e+00
2.370270937941018019e+01
2.535779985265233449e+01
2.355083849596138634e+01
2.349391168887107639e+01
2.741939109113210193e+01
2.837391840642504448e+01
2.202832288092297119e+01
2.350045998488025489e+01
2.084078449153285462e+01
1.958250734645171320e+01
2.104506115605806471e+01
2.585626791053102025e+01
1.944385889271669754e+01
2.235748473940454417e+01
2.027174181319710655e+01
1.942659173316297938e+01
2.172080134680396313e+01
1.847426447960639351e+01
2.130162737452785038e+01
1.765738332554758472e+01
1.823226162760992963e+01
2.056843422296497437e+01
1.943162419017361486e+01
1.715143507890388719e+01
1.750998380213773942e+01
1.612251558909838423e+01
2.182795443762145027e+01
1.840571585282993894e+01
2.112976311650376360e+01
2.134307810367684866e+01
3.367235571421392848e+00
9.329358286878154161e+00
9.585389717129130460e+00
8.172383251484747646e+00
1.283145983031034199e+01
2.801901940020442350e+00
4.740083853967711036e+00
1.515596537769331320e+01
7.524064018796332576e+00
1.021662122721286536e+01
7.054295410791883825e+00
1.535164643211700231e+01
8.452714877036720864e+00
1.616322139069236385e+01
6.533394937817672776e+00
1.126950624800576684e+01
6.456570283905820773e+00
1.048722521835304455e+01
-2.147964846665190830e+00
4.717905787172464116e+00
-2.078842468810796706e+00
-1.920070221890964879e+00
-2.632266209362032150e+00
-8.784000498084969522e-01
1.125176426581793265e+01
5.462411325607984480e+00
1.087770280700011583e+01
-2.137306595011480237e+00
-4.265512554409728097e+00
4.878118219210863415e+00
1.317974919301690306e+00
2.144793096307745728e+00
-3.583226333037528910e+00
7.506878815739423061e+00
7.074548692104756231e-01
-1.302256106628444821e+00
-1.022886284171796412e+01
-2.880459930764015297e+00
-4.552642555999344864e+00
1.879153415703593843e+00
-3.256876015646771982e+00
-9.057784408745643390e+00
-5.856900295293689496e+00
-5.861693657065645269e+00
-9.456801370543093554e+00
-1.091409063183347250e+01
-1.596902204074724807e+01
-9.942940086391965693e+00
-1.264042775700069932e+01
-4.585345050329451055e+00
-3.572530939340567091e+00
-1.061303497101665094e+01
-1.239449727953933689e+01
-1.362569393880939650e+01
-9.423298316810454267e+00
-1.260520919143198526e+01
-1.012196195378811403e+01
-8.768815390173134716e+00
-9.425258363274512163e+00
2.535970284834453192e+00
9.898805002525431718e+00
7.456713499229561393e+00
7.672797030755504011e+00
1.226875852864393934e+01
1.101873554811363753e+01
2.731158306106015843e+00
1.135424981073344597e+01
8.850453319281937681e+00
6.685329604637917811e+00
8.704379228817304082e+00
2.450000598489835202e+00
2.798687827979610354e+00
4.769700194614635791e+00
1.091974099856015679e+00
1.846469918725223147e+00
-1.179566321376339655e+00
-1.869569285600389152e+00
9.334859038095045136e+00
5.811304106714522355e+00
-5.599303950901544091e-01
-3.208953114687432162e+00
-5.676711310170118985e+00
8.773582596405625766e-01
-4.761418469447328050e+00
-1.194173279155934742e+00
6.835479370657371767e+00
1.532183801788176591e+00
1.508755355526763875e+00
6.595349311511965462e-01
-5.212559939280999366e+00
-5.817886444955433056e+00
-1.102864566900670340e+01
-1.767618928655079102e+01
-1.805830436608261280e+01
-8.340884868894102411e+00
-2.047013340765760603e+01
-5.943416283297000113e+00
-2.146247207574606009e+01
-1.448086122996152625e+01
-1.866385319049147284e+01
-1.820823395524218213e+01
-2.258758218625937531e+01
-1.697261606218229701e+01
-1.686346025850873431e+01
-2.297964882495646322e+01
-2.478602874591267025e+01
-2.448180401438519027e+01
-1.300311901679657289e+01
-2.837674199039379985e+01
-1.574985265826779113e+01
-2.646524385871781604e+01
-1.247604870549086620e+01
-2.381715182638986761e+01
-2.332926263163282954e+01
-2.102954597459849850e+01
-2.588103114908749802e+01
-2.431083227910381694e+01
-2.435919826605415039e+01
-1.289412957607633992e+01
-1.516639359455345648e+01
4.924906797424631222e+00
3.191849705002110404e+00
2.297440951611751103e+00
1.020527537213757618e+01
1.244781971515703134e+01
1.524429123559027843e+01
7.000037666571056860e+00
9.507396212821920045e+00
4.674301650610072301e+00
-2.347232571783642197e+00
9.905129445245659525e+00
1.098845065664908205e+01
2.463309189547099098e+00
-1.757757743693467711e+00
-1.918381708771551342e+00
-6.537986805923161171e+00
-3.570933007605184617e+00
3.620706381155819109e+00
3.414247303733823902e+00
2.085169730455989523e+00
-3.995938294470753327e-01
-7.448176650370020191e+00
6.375098077667919583e+00
-1.939352451038839131e+00
4.925914988342404932e+00
-5.932846204519954370e+00
-2.657071663796603200e+00
-5.279021734353510631e-01
5.395739045086878960e+00
-9.306892528030779488e+00
-1.085921948457545305e+01
-1.516565410448950146e+01
-9.623903984556578806e-01
-1.911052245705654240e+00
-6.183541908128830755e+00
2.494491090205438688e+00
3.036502266226316138e+00
-1.443298971742932224e+01
-2.809603300015731886e+00
-1.891080552223779687e+00
9.831334734751617788e-01
-1.278979490812719888e+01
-5.315949571161729281e+00
-3.496191477995484576e+00
-4.820383114693366444e+00
-1.283086793597192354e-01
-1.030710036627422177e+01
-6.041631617660623732e+00
-1.497614324816678355e+01
-1.215538794377239640e+01
-1.146832144530027975e+01
-9.525919825918760964e+00
-1.016120826696018398e+01
-1.061050313299860726e+01
-1.127694300653512727e+01
-8.845732015896512479e+00
-1.054362291017576503e+01
-1.634679192193304686e+01
-8.095078654746949098e+00
-1.848359772474307405e+01
-1.611009350274291663e+01
-2.149057488103621694e+01
-2.471639528148414655e+01
-2.147260782017814051e+01
-2.106808388295034362e+01
-2.238760584124919006e+01
-1.580199870115315797e+01
-1.043553595371905196e+01
-1.868607424913150439e+01
-2.234814277313275710e+01
-1.630145725947508595e+01
-2.233371927881582053e+01
-1.466488542673224060e+01
-2.073474220718798477e+01
-1.883058502069018658e+01
2.199035967170398465e+01
6.884345027776055836e+00
1.252443665938054629e+01
1.347187238717432045e+01
1.483277372684875317e+01
8.869313118322940781e+00
8.024374665915351201e+00
1.521271227452759689e+01
3.492008028674975506e+00
8.706992836235698974e+00
1.359607943809148622e+01
1.197239325844284608e+01
5.949030357244314615e+00
1.132775601674480725e+01
1.155203731399116407e+01
-3.470188650883768489e+00
1.409878248669864043e+01
2.652981860117328505e+00
1.305901942039967167e+01
6.903142575565590633e+00
7.412336308087912329e+00
7.133383858199575656e-01
4.158613578988157755e+00
1.032627389544253305e+01
4.040736531942764387e+00
-2.903340065070105780e-01
-6.648638434740204772e+00
3.564511410758209209e+00
3.985983571428799888e+00
-3.916418815393771347e+00
-6.177423745105514286e+00
-1.180136774813608014e+01
-2.969530436170000343e+00
-1.856528088094631102e+00
-1.443608310194335864e+01
-1.431327446522852043e+00
2.402531511485249283e+01
2.795546195865748018e+01
3.145305838984144486e+01
2.571561334302540303e+01
2.279413137935521050e+01
2.368699410878599565e+01
2.871208519584673979e+01
1.436538805177325706e+01
2.022940353566367833e+01
2.928574193579735763e+01
2.160646591333019018e+01
2.025090075278679436e+01
3.163744439465369851e+01
3.231937397849391402e+01
2.380847737279394494e+01
1.279271293254237207e+01
1.783044762495677915e+01
9.956536134738399824e+00
9.877703484895917541e+00
1.463768526580579099e+01
1.087145540950622724e+01
9.736876568343404870e+00
7.728259253752328917e+00
1.867580839094020462e+01
1.166047694328794293e+01
1.854458449109216289e+01
1.302986033991017045e+01
1.273093405270977563e+01
2.034794614757216280e+01
1.464677474087217846e+01
2.596052875912683078e+01
1.553860706275254877e+01
2.387732787131250589e+01
1.883863692069438756e+01
1.395457676197904462e+01
2.178738108008002072e+01
1.380557531876555544e+01
1.289959433950676093e+01
9.234353507637980130e+00
2.244171103488250552e+01
1.802318636966958465e+01
1.832273862457560298e+01
1.820451321286740409e+01
1.331699339232881663e+01
1.473248392516866545e+01
1.362028434908249430e+01
1.300319205967717906e+01
2.078600374663144734e+01
2.377031852968117320e+01
2.382152318249028866e+01
2.013611344807892323e+01
2.726133797390436087e+01
1.676078443699663012e+01
2.363094938293043867e+01
2.101397821081588546e+01
3.087067588299873222e+01
2.098421448601225592e+01
2.643799772955053839e+01
2.766925756922772450e+01
3.086339909700721407e+01
3.254523196476861813e+01
3.251741800678323102e+01
3.171451486117972784e+00
5.175251843482063130e+00
-9.644594806574426471e+00
-6.603895891866397250e+00
-1.070627864131805573e+01
3.312565926292183605e-01
-1.491761520297178123e+00
4.574273471818113279e-01
-8.243612394987959391e+00
2.662523923127427139e+00
-1.389440205675784235e+01
3.028142419309372002e+00
-3.134929649756706738e+00
6.793353041709462303e-01
-1.253914490086899569e+01
2.699522505236862102e+00
-1.294641777995737542e+00
-7.533335602937839326e+00
-5.990960834380391731e+00
5.994889307718848315e+00
3.056079531607047706e+00
-6.644722205393631675e+00
4.372778294923787001e+00
-7.110897217485167232e+00
1.154151252215941170e+01
-7.669434300710832986e+00
1.148642773789078575e+01
-1.155676949667769549e+01
3.722471210979299450e+00
-2.513337399988947674e+00
9.624760276929665181e+00
-2.192276905975788281e+00
1.611268449085825694e+01
-2.226448370636871843e+00
4.573758531511815661e+00
-6.921703536711971694e+00
9.015591018218511721e+00
5.793360778651317489e+00
7.211747926952527976e+00
1.230701499789016751e+01
-4.120248172376230755e-01
1.244395326281854963e+01
1.835812475220761542e+01
3.517213629636755545e+00
2.470025815771871081e+00
2.850718277780874033e+01
2.420077745793156154e+01
3.111452375000449422e+01
2.942738417574162924e+01
2.934945681557721642e+01
2.512928132218623034e+01
2.484561936753800637e+01
2.976949514654821627e+01
3.117297622508362309e+01
2.931603403835451616e+01
3.647661016544903134e+01
3.822822482346383310e+01
3.751269413295072752e+01
3.044635859802945532e+01
3.530441961139895568e+01
3.310330240288964632e+01
3.477833320353327906e+01
3.006037897668723247e+01
3.853133611572761907e+01
4.135510353278120022e+01
3.889833112084810551e+01
4.101715998853338618e+01
3.911624924501049350e+01
3.855582074000402315e+01
3.777899959751843539e+01
3.731419306982935069e+01
4.147186695412773361e+01
3.867632544526463789e+01
3.581892520637254052e+01
-1.263766143479162452e+01
-1.327929415760981691e+01
-2.803652363546407500e+01
-3.048793880751793495e+01
-2.055009980593161245e+01
-1.660976498375649157e+01
-1.423855163680406832e+01
-5.233279861509341657e+00
-8.656880531304675941e+00
-1.745275483163842978e+01
-8.940869371122525777e+00
-2.686225808348093480e+01
-2.675002868032303383e+01
3.234490715407064343e+00
-9.390811132422134389e-01
-7.793699580854500653e+00
-7.633151004958891761e+00
6.976734737812099851e+00
-1.391283977446759224e+01
-1.024065189480157478e+01
-1.440753400468606138e+01
-1.995755950823834723e+01
-1.099507826775485064e+01
-8.251934926433073247e-01
-6.653424676198827825e+00
-1.015702894901447095e+01
-1.826787591943507039e+01
1.391575413517563753e+00
1.014997861041843663e+01
-3.417963650675526210e+00
-3.236467765076282532e+00
-2.121580602309844021e+00
3.321390199293226431e+00
1.241158231948867652e+00
6.637671635599831532e+00
1.370662099145647739e+00
1.091257973140547044e+01
6.188409250933283090e+00
2.291564194313516989e+00
8.926707305458673858e+00
5.391405064119880741e+00
7.873385293653003991e+00
1.415936391529536920e+01
1.834820280252405666e+01
8.493023229652179040e-01
1.608719446001302700e+01
1.836926788237644104e+01
7.656615416535643703e+00
1.891989468569990152e+01
1.505387061514039360e+01
6.052562182212447794e+00
1.814508243984216307e+01
1.939958571469580306e+01
1.515063283116715809e+01
9.034048808227002070e+00
1.627057819464841160e+01
1.356678937003042762e+01
1.323066119597509527e+01
1.502109680334010378e+01
-1.895790580858711394e+01
-1.732173209842689232e+01
-2.363165608617148550e+01
-2.353441053714714570e+01
-1.502782619712960077e+01
-1.256727031664308569e+01
-1.873497402524310473e+01
-2.241604829593035220e+01
-1.787714973662082585e+01
-2.275046757135334019e+01
-1.678126981768478032e+01
-1.976099149780500142e+01
-2.406441801019816751e+01
-2.376474627484978441e+01
-2.081937086947854709e+01
-2.791325421527496076e+01
-2.043557515963942706e+01
2.795948388364147164e+00
-1.483206387854915143e+01
-7.716730155492279586e+00
-1.178265532398881810e+01
-4.490515152113571773e+00
-1.185085812518163983e+01
-1.364596086380368689e+01
-1.659310341390956012e-01
-9.926162417270598226e+00
-2.161982147847322722e+01
-1.190336670538150621e+01
5.835708375207159904e+00
-9.711401946378252603e+00
5.999996234949893648e+00
4.140522729674979985e+01
4.453674621704521286e+01
4.350432793359635042e+01
4.161919029560861816e+01
4.240403943954476773e+01
4.451649382708822600e+01
4.176409372911000162e+01
4.357949972191237720e+01
4.413956019417886978e+01
4.349096073923689687e+01
4.389696158252340297e+01
4.346782847305495778e+01
4.195518122537023942e+01
4.382888546911349437e+01
4.371861552691218833e+01
4.380441778723811552e+01
4.332325529840446166e+01
4.406723996156677003e+01
4.270518660851313086e+01
4.192967874489644231e+01
4.230584727162253955e+01
4.078493318009972057e+01
4.208913483034680070e+01
4.055462156076284685e+01
4.038370179528262582e+01
4.040115162681099292e+01
4.176695961575161675e+01
4.231755280954933340e+01
3.788107567654231644e+01
4.196768982971630635e+01
4.241761382400959945e+01
3.809455667536911960e+01
4.050107306865422174e+01
3.719287243223223527e+01
3.374331078325220545e+01
3.548483588007431422e+01
3.607069722898377506e+01
4.110870273512657036e+01
3.194176558992377934e+01
3.710326585081730144e+01
3.362096154867455056e+01
4.070619867248089463e+01
3.501973535403882920e+01
3.749316341245067719e+01
3.771583025214250284e+01
3.897674208901731419e+01
3.802173164349450474e+01
3.582359685157344131e+01
4.162657356029036038e+01
3.833925156522683153e+01
3.549723399668628332e+01
3.861393412229806188e+01
3.675426492972247416e+01
4.212212446684546308e+01
3.843123841379038907e+01
4.179797120214931283e+01
3.899884648046901958e+01
4.179608249011487686e+01
4.198230982902386899e+01
4.079345312025409953e+01
3.909895624338540898e+01
3.785669195105710116e+01
3.713937547046907639e+01
4.009460466627934494e+01
4.048338264242821083e+01
4.016609315805692404e+01
3.552499506345442626e+01
3.946488135484862170e+01
3.419158167557016270e+01
3.942239538441919677e+01
3.739034152415242573e+01
3.538664834757301492e+01
3.721171120252198250e+01
3.507913346293949530e+01
3.303125207580256273e+01
3.551676734494436971e+01
3.065770498496345198e+01
3.062185066262702193e+01
3.412129842075700736e+01
2.888755891922366459e+01
3.314230731038163924e+01
3.082045537673232971e+01
3.177737993440245390e+01
3.100563016438656661e+01
3.179539675454126169e+01
2.386897681664301984e+01
2.975552121975802677e+01
2.764724846201590580e+01
2.224074643318104805e+01
2.527838625425882668e+01
2.197566075603612745e+01
2.965411757036455853e+01
2.886773657383701419e+01
2.355270535028979850e+01
1.071329174659623007e+01
8.917311156470887568e+00
1.153339779593962788e+01
1.609484876989048274e+01
-2.226426041100102893e+00
-4.182706580921185413e+00
1.489095801135644948e+01
1.200333440293081999e+01
1.319167332365932843e+01
1.995940813688739013e+01
1.642104355450944198e+01
4.783628335385181174e+00
-1.757506525830713429e+00
-4.415801777237310155e+00
-5.935100334623795604e+00
1.460454436769332176e+00
2.137441964653124415e+00
-3.986538053280348493e+00
-1.115535661312949323e+01
3.263838987165620154e+00
3.142061019405627320e+00
5.004388901054442229e+00
-2.003670741082800077e+01
-5.483974957424253560e+00
-2.386792392328488077e+01
-1.402914575273720743e+01
-2.079850784836799349e+01
-9.002570024285576622e+00
-3.331833287731038951e+01
-2.811042735063953657e+01
-2.875160741497201400e+01
-1.432742749593993281e+01
-3.121771334712435575e+01
2.835475909958089602e+01
1.986319726500695992e+01
2.230445609587684785e+01
2.386597839505440533e+01
2.236276994795786877e+01
3.048461297320201879e+01
2.838551675668094632e+01
1.877765977205475068e+01
2.268665060349918505e+01
1.901055201104831127e+01
2.000042349652414586e+01
2.111895932308030055e+01
1.660150619692252505e+01
1.811653836975350629e+01
1.238273804973458780e+01
1.466217837146890091e+01
1.778220867090578849e+01
1.500044233244483749e+01
6.845144454527265054e+00
-8.665597281278937913e+00
-4.366029912451185879e+00
-7.798588174678549478e+00
1.365243766851516583e+01
1.029951922567046196e+01
7.456487387283786461e+00
1.132201584376300474e+01
-8.025796384444202403e+00
-4.127731412802809530e+00
1.759647442014415475e+00
1.207676429418771491e+01
1.683021506914437637e+00
1.562226862932167393e+00
8.107267166756578547e+00
-4.074304071069767552e-02
7.040792061067024044e+00
5.226733732178668212e+00
5.156202436486093887e+00
8.914342208500405818e+00
2.663346777314537839e+00
8.786578020763151642e+00
4.169206878964735630e+00
6.705955887049234398e+00
7.403499192041506305e+00
6.799199040300387686e+00
5.005296520207654254e+00
4.082527362757299549e+00
4.949453416139033557e+00
6.693017288347610894e+00
3.393772609095902837e+00
2.578302224477846405e+00
2.971564737224326791e+00
4.217599385562758485e+00
-1.598001817301768490e+00
-5.684554304960620641e-03
9.365593450623945770e-01
4.566734191999897163e+00
5.038892112946083301e+00
-1.572814243534373269e+00
-2.521095532591749677e+00
3.118341712349989248e+00
-1.692278849103411087e+00
6.095069612832904049e+00
7.223607412346528811e+00
1.133424525081470957e+00
1.152096798855529070e+00
4.856991973247155592e+00
-9.603982849307581837e-01
4.050496059869854726e+00
9.029520828597517035e-01
6.022695290711223670e+00
-3.155867632572435522e+00
-6.473893448621578450e+00
-2.585514706307955990e+00
-6.283445765207494205e+00
-3.093188961568671402e+00
3.219587460851212612e-01
-3.879216611952821747e+00
-6.219249466214415989e+00
-5.494672685573398496e+00
-3.376524460451770349e+00
-6.128801788460879862e+00
-1.500983935872392649e+00
-1.559489762416273795e+00
-7.417128394112252998e+00
-8.629827515828870643e-01
-2.437627371653640740e+00
-2.402839284386484309e+00
-2.074662307770380743e+00
-4.574513878525968025e+00
-8.426733936711684692e+00
-4.212899580246859621e+00
-8.294335977353181732e+00
-1.151050850419148119e+01
-3.142331165385099823e+00
-9.293221197355839180e+00
-1.207045116014225528e+01
-1.028379140120005353e+01
-2.514036740052949082e+00
-8.038540101553689254e+00
-4.546805722126472382e+00
-1.316167488048765044e+01
3.227969055216464156e-01
5.853015367522752754e+00
-4.396359825297899704e-01
4.044366786683832871e-01
3.835527005505232623e-01
-2.750125729082667725e+00
-3.200425163825491026e+00
1.094245478099951541e+00
-1.378529829255109362e+00
4.342814061824517680e+00
-3.445860079346815041e+00
-3.105714104469130987e+00
7.022480889237412427e-01
4.521790829574454662e+00
2.155681548388612256e+00
-3.134572423057944590e+00
3.001025608455374805e+00
-2.023174217552741183e-01
6.966582007277350996e-01
-3.139923779178503516e+00
-8.522148022606410578e-01
3.954800826846693873e+00
-5.403408976578090162e-01
-1.906628369704260528e+00
4.543911987406845654e-01
4.545762919502946531e+00
-8.688234510473318295e-01
-3.815171360364251640e+00
5.061406220683874579e+00
-2.683595574996733291e+00
-1.161587468777613097e+00
-1.019091675065414648e+00
-3.064911388911506052e+00
4.554943221730258784e+00
-2.635165548326948937e+00
3.264577508002102668e+00
4.437660301833536103e+00
1.481615142839515897e+00
1.888046825894593717e+00
9.155615085707324852e-02
-4.139669934410436625e+00
1.246712954834610088e-01
1.418458121179053677e+00
-2.183489916178405821e+00
3.506945638127855425e+00
2.458299741168917585e+00
1.437321986457044787e+00
2.736477774611079106e+00
1.285804239806829230e-01
-4.841737819729519110e+00
-9.977889547855857799e+00
-4.371116752635567870e+00
-6.513727289446965329e+00
-7.021197965718036116e+00
-1.141351249660039890e+01
-1.092005745235551828e+01
-5.171707038264889533e+00
-1.247285114008758811e+01
-7.597753614834568126e+00
-9.999000244827195516e+00
-8.436598879400225570e+00
-9.340613713731702461e+00
-1.281358523849985609e+01
-9.770667241419999982e+00
-4.579770930337745405e+00
-1.440403995424714978e+01
-1.247871228797969323e+01
-9.390045614338250246e+00
-4.467273491530134422e+00
-1.373216822093880651e+01
-1.023021087109086125e+01
-1.232894204060957932e+01
-6.146646049520162691e+00
-5.153043225710291608e+00
-6.513764892154117803e+00
-4.971566950263781592e+00
-6.082658826817100461e+00
-1.163107318863680817e+01
-6.456063397623648115e+00
-4.468650767970883564e+00
-9.159161573336819018e+00
8.791012084191891063e+00
8.885297583617916217e+00
5.567071827003095663e+00
6.641687567457487340e+00
8.319739995208644601e+00
1.132212042260061580e+01
8.489833173041301251e+00
8.614734640173821845e+00
8.351960299186535153e+00
1.016157573540819392e+01
4.419435210097727662e+00
7.104008603366239960e+00
8.548781989495530809e+00
5.972272148778718481e+00
1.020902198650579784e+01
7.739824924516169879e+00
6.164072268713784553e+00
8.876715522842323125e+00
7.505976298155071724e+00
6.492986803474657620e+00
3.302725257210939347e+00
8.416140777945802398e+00
2.683197225860123325e+00
4.688291631583608066e+00
4.415639740037713423e+00
8.712225651840084240e+00
3.740339883960981382e+00
3.953557171983781870e+00
4.384103000543550621e+00
7.596351385229588082e+00
4.286454296586256874e+00
4.562343535483668333e+00
4.438119383198324996e+00
2.984135954667141988e+00
5.966865005577053793e+00
4.444038094467270383e+00
-1.394890217709274793e-01
-5.588344220673941543e+00
-3.441074776263692847e+00
1.318854849945332752e+00
-5.332061018611564229e+00
3.234946019254080873e+00
-6.694324245296285447e+00
-2.246109525181363420e+00
4.287722924116279088e+00
-4.825514369131162162e+00
-4.814226246635941564e+00
1.634717286842074291e+00
-3.643312498702837132e+00
-6.133423972360017018e-01
4.201739616998136917e+00
-2.115579427111307353e+01
-2.164194584703720992e+01
-1.405876299340696889e+01
-9.005951412954628310e+00
-1.331185632421631837e+01
-8.066014064742578427e+00
-1.776754386824826426e+01
-9.002517331578394177e+00
-1.618184254242335030e+01
-1.545287365493469522e+01
-1.945207360452338818e+01
-1.720890050634827517e+01
-1.101188624731182664e+01
-7.926109394050838475e+00
-1.520907240861538412e+01
-1.143574436485911328e+01
-2.169643872013248398e+01
-1.674487032306580048e+01
-9.109601613484468174e+00
-1.669262527785201300e+01
-9.357113066773798948e-01
9.965128821400330850e-01
-7.705144175797951078e-01
-1.302458451881948420e+00
1.029446219277311059e+00
1.297611390912445373e+00
-4.172454667139707141e+00
-1.906025427170305875e-01
-1.839881886401588673e-01
1.860596622092685948e+00
3.733275990360773733e-02
2.622665304326924129e+00
-3.696044990972191968e+00
3.446056958190776953e+00
-1.203731443105878540e+00
1.739456892068014682e+00
-5.699694536360127017e-01
-2.483836021553340601e+00
-1.143358998681989647e+00
-2.294278117256343563e+00
-2.495347101641593568e+00
-1.183085841998062904e+01
-1.169794069987197460e+01
-1.309127176574489582e+01
-1.939332701180318352e+01
-7.979291140714826369e+00
-1.108678146175017076e+01
-1.867808917739401409e+01
-1.656789789516972533e+01
-1.814955079700294505e+01
-1.734067440878515143e+01
-1.390278796526876448e+01
-1.100549164925985579e+01
-9.329114722440126073e+00
-1.930456662830804504e+01
-1.587458915000977200e+01
-2.974154053033842615e+00
3.785459154793112901e+00
-2.758853189536869976e+00
8.795093195671519481e-01
-7.313173112142443699e-01
3.863952505583316821e+00
4.683309761703569052e-01
-2.268399960059786835e+00
-1.840714390793118937e+00
-5.754973076751106476e-01
-2.095267512364941354e+00
3.665001740375501527e+00
-3.522435329268400750e+00
3.581450422645225729e+00
2.818833424322333414e+00
-9.452668294244759295e-01
-2.192600665806361704e+00
-3.009584988437552511e+00
3.999714584087113778e+00
-1.816731568772812722e+00
-2.440018765321347871e-01
3.208119451367382524e+00
3.257674388849274294e+00
-1.004217780777862501e+00
3.318270157763169692e+00
-3.451632426798227016e+00
2.670949807923765462e+00
9.619979491553110051e-01
3.963753105369981711e+00
2.229774511509624801e+00
-1.478316910336818779e+00
2.258986074089705198e+00
-4.440230488648850837e-01
1.014309047578594303e+00
1.138685946793334125e+00
-1.446255264353272452e+00
-4.282854986217998317e+00
-2.752675075828022955e+00
-5.102621117186423305e-01
-4.272967796351050396e+00
-4.620952834630926986e+00
-2.939986597349072639e+00
7.145112804362092618e-01
1.056512268989671099e+00
1.853121434897254005e+00
-2.547081426019204287e-01
-2.979392410631263033e-01
-1.872088991779584433e+00
-6.390341445835822753e+00
-6.064775013824881711e+00
-5.981927072972780479e+00
-5.278774474393053140e+00
-6.024525762872242396e+00
-2.105997437630684033e+00
-3.698394520359112647e+00
-7.312217082753761588e+00
-1.986851522515799218e+00
-1.289584689323490352e+00
-6.540019106014149486e+00
-3.771593789104191075e+00
-3.492311634511622742e+00
-6.842556542357836946e+00
-1.694157793030928616e+00
-1.043605500283982401e+01
-1.544937153033720634e+01
-1.166913506046659776e+01
-1.675778602376338711e+01
-1.104012867723053049e+01
-1.065736968784277394e+01
-7.922547890833538276e+00
-1.357577811779254340e+01
-1.517332138965722876e+01
-7.904369708455078580e+00
-1.192205563177146743e+01
-1.103150193197034312e+01
-1.610565310276349749e+01
-1.339320544322754358e+01
-1.671592646621825295e+01
-1.531641701975229886e+01
-1.160516093458129028e+01
-1.336374832102073107e+01
-9.951097323645123893e+00
-5.499602887658539885e+01
-5.529606433433468027e+01
-5.207609100137387514e+01
-5.262842588361191787e+01
-5.342893574369951182e+01
-5.326116899533432303e+01
-5.479457129034449991e+01
-5.336963615734553912e+01
-5.484924485797804294e+01
-5.560858272718294160e+01
-5.261196577939200836e+01
-5.278015739815162988e+01
-5.275218074309696448e+01
-5.580758586814771149e+01
-5.058689714737307241e+01
-5.118808789580756979e+01
-4.416404468450824794e+01
-4.912902178968529654e+01
-4.828612412956108102e+01
-4.649307576823871102e+01
-4.865552473542970802e+01
-4.957724598132046623e+01
-4.681125180878489545e+01
-4.537087307535252734e+01
-4.640069524051012451e+01
-4.898249585802332717e+01
-4.712283979213285079e+01
-4.498359771024980347e+01
-4.205347468482090534e+01
-4.145115916543929302e+01
-3.904108958207069691e+01
-4.070001483881954130e+01
-4.191859408982390534e+01
-4.376256712186076214e+01
2.483130053050111030e-01
6.514917210132949776e+00
6.491535645994787274e+00
-3.540698149686058116e+00
6.678766886607832021e+00
-6.117597616746191846e+00
-2.350788172332638837e+01
-8.199175974621123686e+00
-4.476047795921900274e-01
-1.832785028173200459e+01
-7.046732910312698550e-01
-6.304616006376537740e+00
7.255376577660193504e+00
7.800810767458980166e+00
1.763929630791540859e+00
8.175521677595444459e+00
3.014270877627495793e+00
9.650706159243231497e+00
-1.005911684001759454e+00
1.763857713010040129e+01
1.444181528233623624e+01
1.612439400942943735e+01
1.010313174898866251e+01
4.310568326054632138e+00
6.718163878143332823e+00
1.046231313372994975e+01
1.573923799402134449e+01
1.700227539170991875e+01
3.660974104893750081e+00
1.055602328934904577e+01
2.443963131936008892e+00
6.817355680737296808e+00
1.233226141978681412e+01
-3.024139147451453269e+01
-2.215143110641663071e+01
-3.339758784486308940e+01
-1.840681593154874207e+01
-9.708080835373785078e+00
-2.815185605555965509e+01
-1.978572503269596794e+01
-2.364934160033392629e+01
-2.776357751838058263e+01
-3.675991257891549679e+01
-2.648963451948927528e+01
-2.506804934633262860e+01
-2.096665697047511401e+01
-2.469449050864422901e+01
-1.212551627443162516e+01
-1.773992306247524908e+01
-1.942137587747370731e+01
-9.671961957884107619e-01
-4.004122666559595700e+00
-2.636623781870939354e+01
-5.635425664349813957e+00
-2.373732865730417885e+01
-4.066964074180859257e+00
-6.491194264055284435e+00
-1.547617549138758619e+01
-1.103216955313692083e+01
-1.707647703427186059e+01
-6.295024231970025141e+00
-6.707647276567001882e+00
-6.783453255221587597e+00
-3.365174225069232250e+00
-1.765914960602074757e+00
-4.565053637892049210e+00
-6.124323168085204827e+00
-4.504601343305623118e+00
-3.347493792732684881e+00
-5.796998040351844850e+00
-5.487756963484592632e+00
-4.242978721623316574e+00
-2.798601742243739920e+00
-2.305384716848841720e+00
-5.694272084766780040e+00
-2.740407475639081269e+00
-1.716309342898632906e+00
-4.280289785534328928e+00
-6.023864739745910413e+00
-2.208996825631942329e+00
-5.584863857355202299e+00
-3.404513989278271424e+00
-3.899146077906827657e+00
-7.760590455419418277e-01
-5.416503253097744164e-01
-6.683457871324471000e+00
-6.580393587216661899e-01
-3.571752116921096842e+00
-3.449005991660428094e+00
-2.470788245860532584e+00
-4.005052056517286019e+00
-5.024501501026584549e+00
-6.168239669575150685e+00
2.887391607748376998e+00
1.137148191194654601e-01
1.959128366209725414e+00
8.873698580099187438e-02
-4.268688609275983481e-01
-3.989528249559654682e+00
-4.428478331179526606e+00
-6.386150122509327787e+00
8.888534028079604354e-01
8.878627096179556588e-01
-2.112923207772745116e+00
-2.403013090211885583e+00
1.034751155976564974e+00
-1.617847624234251214e+00
7.692195700934902902e-01
2.482812041529435021e+00
3.039058702567906778e+00
-1.492434099139977377e+00
3.169893302811267688e+00
-1.516563035314881347e+00
2.292835342431700951e+00
1.237178061426860154e-01
2.440099408025126593e+00
-1.764123859198377886e+00
2.118936416027857206e+00
-1.812695044715454173e+00
2.037822868424981948e+00
3.257836395020675013e+00
1.342960694467080884e+00
1.409292530422547429e+00
-5.042417693275805135e+00
-4.060681181313775312e+00
1.358696908723722174e+00
-1.295101931302376386e+00
9.592119215562249224e-01
-3.731720777997672656e+00
1.961622830086348301e+00
-7.751329381663865092e-01
1.287733696272610473e-01
-7.431841713506770475e-02
-3.100075837802101830e+00
-8.649846347315630624e-01
-3.429731438684761713e+00
3.125431548194868014e+00
1.979015122600994658e+00
-4.095483861292375849e+00
-4.431363310168006109e+00
2.997955139742813913e-01
-2.368429051622289450e+00
-4.555243288756329889e-01
-1.466166632319563234e+00
1.661294892923137922e+00
-5.232739776795796161e+00
-4.283257376694251661e-01
8.219892032638043133e-01
-6.510826842448878438e+00
-4.519903841189080396e+00
-3.052076773460100867e+00
-5.443278736654388439e+00
-6.608600292612180738e+00
-3.190639547597569958e+00
-5.675748606145326391e+00
-4.666239515867822263e+00
-2.787514394509553739e+00
-5.575516906759499847e+00
-6.891070318744095147e+00
-7.266386982991832610e+00
-1.840444703468953946e+00
-2.114884208408945199e+00
-4.655181285994345330e+00
-6.832305398986520117e+00
-4.409694046328624495e+00
-3.283359651433841009e+00
-5.109743764247216546e+00
-1.275769470950621098e+00
-4.447954826863309563e-02
-3.073959442961175625e+00
-1.038811214187866483e+00
-5.371223036003058837e-01
-8.246101031867070219e-01
7.282125602643390039e-01
-1.883695152667783645e+00
-1.806207618744224419e-01
1.541051715886737838e+00
-1.867871299236675497e+00
4.239517958196969971e-01
-1.022438264496273064e+00
-1.502055564840055979e+00
3.751824937566361484e+00
2.454610404727709749e+00
1.661689269675107994e+00
2.731861707470173428e+00
3.694125761990235901e+00
-4.583079753184193805e-02
9.355762164469894060e-02
1.680303546151698413e+00
5.043564058809671735e+00
4.189121629500704103e+00
2.139113936002523531e+00
3.214267740063377232e+00
2.552551499036312066e+00
3.055085826146424210e-01
-2.081279669934666288e+00
1.249952112869348042e+00
-4.473267429505959569e+00
-3.272709834594721201e+00
2.649755634758328426e+00
-9.016730163402435494e-01
-5.529789495156570922e+00
1.194535587628990925e-01
3.520813078763893600e-01
-5.681174410922594120e+00
7.445098339953233335e-01
3.194146515799296537e-01
-7.951564927438710129e-01
2.219238889202969744e+00
-1.796961193401642731e+00
6.846485346333963662e-02
-5.838253779268420374e+00
3.241393540173191923e+00
1.519808640405667433e+00
-2.178896890510031881e+00
-2.666517068571184979e+00
7.792211607076691138e+00
5.604722679277813313e+00
5.655821396209599783e+00
4.451554582569688279e+00
9.548912363853567342e+00
8.304411875768810347e+00
6.839263434246383611e+00
1.039673262581813873e+01
5.102033869624538198e+00
7.095809025575441353e+00
7.143721650276031454e+00
7.584245952990997353e+00
9.941637160639711368e+00
6.050291888259749840e+00
2.241956195400685914e+00
7.754228443000570792e+00
5.980943573815970637e+00
5.479225247903890761e+00
7.077999901229336643e+00
7.796482653078083302e+00
6.964693846866914839e+00
3.683496104846881281e+00
1.134169913529893492e+01
7.502250205128675020e+00
7.526611521697400775e+00
6.496275848162412103e+00
4.471002119152792886e+00
6.585113485201574690e+00
9.754176893894282330e+00
1.035124785715240137e+01
5.156451211110734789e+00
9.422857919776557623e+00
6.761734427616531207e+00
3.809444730711554428e+00
1.134613448219435838e+01
1.123707434937585958e+01
1.381125073294692740e+01
1.247644137023139521e+01
1.191052474005014616e+01
1.236352452031080773e+01
4.587915489791988932e+00
1.127941718943399962e+01
1.010285560921836989e+01
1.186684884435219800e+01
8.353265138028895365e+00
9.156935222465605761e+00
4.336559368089513811e+00
1.221324450101628045e+01
1.456985470422826268e+01
1.057316966983982809e+01
1.017727250912356496e+01
4.197792694867423791e+00
-8.909775499959142309e+00
-7.696520892257368018e-01
1.244278472593627782e+00
-1.100310939430526957e+01
7.982114045435853456e+00
8.643756887962098290e+00
2.682235187706154989e+00
7.573105305435408496e+00
-5.852674227349030645e+00
8.065246174763558429e+00
-1.185433112295709890e+01
8.393652840268714499e+00
4.494434942186604331e+00
9.132223769819411530e+00
6.100922027775336431e+00
-9.265778323802603467e+00
-1.464577533891917938e+01
-8.800191099679359752e-01
6.591276445747315194e+00
-2.237080093307898920e+00
-3.146842020515727256e+00
-1.326928429075524818e+01
-1.669151664043448235e+01
5.540444039249429409e+00
-8.920143874207024481e+00
-9.907372996928586417e+00
-9.808667625655175470e+00
5.962541851066070819e+00
5.741874060974890170e+00
-1.087142195885299856e+01
-1.149753817159752245e+01
-6.188761057040114366e+00
-1.563181201095390627e+01
7.152862335710814534e-01
4.332059432670842369e+00
-1.733626139368101704e+01
-1.759707532216317816e+01
-2.141227291988922232e+01
-4.756229995077930539e+00
2.758505639987753000e+00
-5.471339247194720201e+00
-4.862043034269191821e+00
-1.550710597801493762e+01
2.658137461249328481e+00
-1.060168886572960290e+01
-1.124078773402610487e+01
-2.928900158805015508e+01
-3.511202053899188513e+01
-1.974245445777869890e+01
-6.724414361302935461e+00
-2.926806457965628283e+01
-2.905138350581825790e+00
-1.517895937378613880e+01
-1.437552848156311391e+01
-4.381909260383234539e+01
-3.873849106284697541e+01
-6.820275594927286633e+00
-4.202512196668885736e+01
-5.676099240819588942e+01
-4.567063862024861010e+01
-1.649091526915282202e+01
-3.553806527178346641e+01
-5.441260661479289240e+01
-3.630884202394067728e+01
-3.252105953304639741e+01
-4.924683508328460846e+01
-3.425044588402474233e+01
-2.569425951599864533e+01
-3.710622398969374558e+01
-4.207279886587791395e+01
-3.912191329102361692e+01
-2.760026726011282605e+01
-2.968535459901118401e+01
-1.455670121917802362e+01
-2.935568641002856438e+01
5.786014811403440206e+00
1.017950414142399573e+01
2.981656411359780634e+01
2.381798573816292830e+01
5.381130424747425423e+00
1.761198203174710386e+01
6.743054678447485628e+00
8.975538191496866602e+00
2.099536108112548405e+01
3.093019805020045965e+01
1.559232864431836596e+01
1.886566575673390389e+01
1.154707781836103564e+00
1.953433227391984417e+01
3.119409633525931014e+01
1.456551623973203036e+00
-2.611598380078703485e+00
1.956805725762575321e+01
7.085074133873494162e+00
1.662634974006770960e+01
-8.147637580644598643e+00
2.262921536868450545e+01
2.331019144518502273e+01
1.896229888770952243e+01
2.825648776204314316e+00
-1.267599233835850825e+00
8.400815035953652199e+00
-3.446469359581709746e+00
5.017810820782564463e-01
2.434056858906944143e+01
5.887191291160181805e+00
2.432219587973818165e+01
1.570295866071491986e+01
2.462933296250129800e+01
-1.609363265684103084e+01
-1.908233442152855019e+01
-1.844618485365652205e+01
-2.312772271343158792e+01
-1.962095260668298380e+01
-2.243074464842369053e+01
-2.047458445101847957e+01
-2.511572735486590702e+01
-1.996969675042120684e+01
-2.305975887043524963e+01
-2.572244629638399260e+01
-1.755539335178438165e+01
-1.804275697561373804e+01
-1.698658020489865805e+01
-1.257521296187963422e+01
-9.622848079408178990e+00
-5.319039435315588982e+00
-5.861455465784897179e+00
-4.052160752120355980e+00
-1.030222475782851177e+01
-1.007381797055997730e+01
-5.638152063981855200e+00
-7.213797948647276748e+00
-6.393532055246666346e+00
-6.070530143071781737e+00
-1.847603525056392026e+00
-8.220496052422834765e+00
-6.842474788990873691e+00
-2.473908051760059124e+00
-1.999344441305385356e+00
-8.760800316939086230e+00
-1.712223726131137269e+01
-2.263575190894687950e+01
-1.581812450847748508e+01
-1.675102054425382292e+01
-1.638467902464183723e+01
-1.648171277497426246e+01
-2.116188827821498109e+01
-2.198225861600527153e+01
-1.651900276113688903e+01
-2.320371575240888262e+01
-2.090979412546144900e+01
-1.868287460093146990e+01
3.467955126721830261e+00
-6.144989349018491254e+00
-5.599741201663176682e+00
2.905676190615815280e+00
-8.816245134653160065e+00
-3.012355223512207303e+00
-3.778744313734654803e+00
-2.825437591501914092e+00
3.277184639692106494e+00
-8.426710668331459431e+00
-9.126373092184572045e+00
-9.254066581017246662e+00
-8.155535459270739196e+00
-9.389721722215188748e+00
-9.215702125714710036e+00
-1.045023846645602283e+01
-1.015340993913125089e+01
-9.299969972638812976e+00
-6.335683737328539067e+00
-1.154275459166393247e+01
-1.068388632931645965e+01
-1.302352804795183161e+01
-8.645508985409467329e+00
-1.237189791044260012e+01
-8.897521317608209301e+00
-1.127474194664314311e+01
-9.168049656305363726e+00
-1.012891335852564367e+01
-9.705010987311638360e+00
-6.972849608402489352e+00
-1.161593588397787435e+01
-7.800921962960128297e+00
-1.334434812167636508e+01
-4.565831937816812847e+00
-1.929742692787815628e+00
-1.267736436592228344e+00
-1.771695588075587580e+00
-9.296371895491049031e-01
1.684995651368375036e-01
-1.325620451954174328e+00
-1.777094910035089015e+00
-2.838061975274669635e+00
-1.976232555044601824e+00
-2.129117205095885978e+00
-8.497403135005452413e-01
-9.687584488979119612e-01
-4.650117273050317301e+00
-5.309218082850780007e+00
5.078491843378584392e+00
5.411524382321408311e+00
-1.868559497731605568e+00
4.349199866585454544e+00
5.268088130792367707e+00
2.711298767067082949e+00
5.259781399646964672e+00
3.962153076487973102e+00
-1.227183749384751721e+00
3.605397380098249727e+00
6.166451307239976032e+00
1.712842762718205236e+00
9.496811571219154757e-01
-2.869545002170337256e-01
2.736476842968381007e+00
-1.023951510775033391e+01
-3.660679998513376887e+00
-4.508367176397719334e+00
-1.047622062162976775e+01
-4.391180678288529649e+00
-4.319293911782681405e+00
-4.471482030138998809e+00
-5.357982127564278940e+00
-4.371651666763431976e+00
-7.739725396377602706e+00
-5.916643124016318644e+00
-6.691446145356067632e+00
-8.674297093926952584e+00
-6.617534531313011392e+00
-8.452318901843259624e+00
-7.992319354650854635e+00
-7.250135154967459528e+00
-6.492294353233237558e+00
-5.709489958424143197e-01
-4.186739936403606421e+00
-1.411362067016529664e+00
-1.341487058547745193e+00
-5.631029415041233221e-02
-2.192131447000891242e+00
-5.366032292484526067e-01
-3.240050369112715600e+00
-4.755778794141924948e-01
-4.821379286162379429e-01
-2.224133597262571982e-01
-2.395131614716369484e+00
-4.043268643311977328e+00
1.111887380863070263e-01
4.610082822364457655e+00
8.027782358661568196e+00
3.692094089576908544e+00
7.082721783225485623e+00
5.196374700052572848e+00
6.054124906845366638e+00
5.997322629578452080e+00
2.943214393629306258e+00
7.123559371729781375e+00
6.453546623957755912e+00
4.788474271798092374e+00
5.653586361326647491e+00
5.598595507216268530e+00
7.256047451800501591e+00
4.915137518288140939e+00
2.133898348926313915e+00
-1.118239572487136613e+01
-3.263486102305516834e+00
-1.706632052069827488e+00
8.844039138216719387e-02
-9.267238173325901940e+00
-1.191574244822502671e+01
-4.684778578573851604e-01
-3.712953954632102871e+00
-4.092432211608820758e+00
-4.194284580607800628e+00
-3.371686550937310844e+00
-8.665299541551190643e+00
-4.874936436356916758e+00
-1.160346997062640995e+01
-1.867189765807656165e+00
-9.094229622896419230e+00
-2.278882678341904278e+00
2.076566262413028774e+00
6.839690272146636829e-01
-1.281974665598485663e-01
6.675752711542455309e+00
-2.946870368814328067e+00
2.538946912956705049e+00
4.038647948750916150e+00
4.625359993192038610e-01
3.284949530303084231e+00
-2.070707214371884763e+00
6.160902366796613627e+00
-6.272220790432055104e-03
-2.407184655004904528e+00
1.086173232345588602e+01
1.687252332376475294e+01
6.029436242112232058e+00
8.734510794843648895e+00
1.401260768775421006e+01
1.313760203224556200e+01
6.245377888934399380e+00
1.129038673454706299e+01
1.502408251054358246e+01
1.250152035013113583e+01
1.034854114356687127e+01
8.337498169814207216e+00
1.113442286369838463e+01
8.120875670334736895e+00
-1.548862581421202034e-01
-2.436312239010870684e+00
3.606088844016024364e-01
-6.995247447318098999e+00
-2.513655595571109291e+00
-5.519231322180369048e+00
7.059954474076710618e+00
4.499012185547253573e+00
4.998943443154757471e-02
-3.444079151351889134e+00
2.359631442087364306e+00
2.778013895508912867e-01
9.079333464600649606e+00
5.395042828114778644e+00
1.364747205532891883e+01
1.087532939657897124e+01
2.085141779848799004e+01
2.096083645956387187e+01
1.019849296999469246e+01
1.428342113991389795e+01
1.994115696097104617e+01
9.521560136395683216e+00
1.894463725241995178e+01
2.290409020546128360e+01
1.115179576390970517e+01
1.953743794699786918e+01
1.102981138057637622e+01
1.920016944488925148e+01
5.819581985284816739e+00
2.154016173984830118e+01
1.991941946736345770e+01
1.039462791492080562e+01
2.651325023387137492e+01
3.018583733943373204e+01
2.447158866348346251e+01
2.709008151956269828e+01
2.379594080299765935e+01
2.055490055509912040e+01
2.501346034532374674e+01
3.178870860133499221e+01
2.492210565233594011e+01
3.215042325286593439e+01
2.974951287440791603e+01
3.985757628774361194e+01
3.817137413464575246e+01
3.375466762636030182e+01
3.367606796457219787e+01
3.624980447606612444e+01
3.970843298884338424e+01
3.542097431204321367e+01
4.212524753425704205e+01
3.425921337948528134e+01
3.663748710837022315e+01
3.828283007755391765e+01
3.510689096443032753e+01
4.633694520701440211e+01
4.454455765181627669e+01
4.793097158040754380e+01
4.906068220497422061e+01
4.867205036116224903e+01
3.795256964721595239e+01
4.557547342024484749e+01
4.514961062196118036e+00
1.598972067661478924e+00
4.981499191266921756e+00
1.401592402152936678e+00
-2.269988501022357497e-01
1.255754947577364611e+01
2.993443622673164217e+00
8.682807554944016459e-01
1.076152880329741635e+01
7.869152137857247098e-01
2.390919756999726253e+00
7.456918611040288525e+00
2.283420889557042699e+00
1.009799405680762163e+01
6.913599438933733410e+00
6.897821490137028277e+00
3.695488673015734804e+00
1.677334821569964518e+01
2.497208708099540786e+01
2.568312829417254051e+01
2.490770786677184034e+01
2.839493231984296884e+01
2.413971493027101900e+01
2.262406690577230250e+01
2.258974972465422937e+01
1.785279253199295724e+01
1.961763844292638836e+01
2.065353011515393788e+01
2.272438802755402421e+01
1.493665447888032993e+01
2.628460366116076230e+01
1.498656837433037659e+01
1.328552762317294444e+01
2.355191026834831902e+01
1.455209743714876147e+01
1.606200363657907459e+01
5.193576201642986057e+00
1.652792819056005413e+01
1.232985778538474975e+01
1.129870375762965296e+01
1.177579290041411042e+01
6.702139299041379061e+00
1.417182773841109800e+01
4.354941457468703980e+00
1.506699444023725754e+01
2.061174480678390353e+01
1.850377437708073103e+01
2.330174787821400884e+01
2.827600884241601875e+01
2.093607300378927505e+01
1.916713283923618150e+01
2.604658136602776608e+01
2.316267565563178010e+01
2.017308876200195300e+01
1.943285322672417692e+01
2.597395443868363429e+01
2.020884980101586947e+01
2.557195632170584076e+01
2.488909935345247604e+01
2.247691365087828785e+01
2.344155204015525840e+01
2.430625919011194469e+01
1.842393228604350952e+01
-4.748347489529850307e+00
-4.503776736312635087e+00
-1.048506322900511911e+01
-1.131563808919467817e+01
-8.054382669974877729e+00
-1.192985955193197789e+01
-1.532707658111288396e+00
-1.314590743080967350e+01
-1.142300792810420162e+01
-1.117219564437780122e+01
-7.132170016582199956e+00
-1.265732344083534855e+01
-3.936684524515997374e+00
-1.009693127028416271e+01
1.328120300327960246e+00
-7.411183031364329210e+00
-5.776234410435382216e+00
-2.955831380216832560e+00
-1.662466437092143590e+00
-5.085979524432397980e+00
-1.848152988029954091e-01
-6.653160183085706780e-01
-7.803012133306057585e-01
-2.464507063013461341e+00
-5.113317017233501849e-01
-9.283523546917345826e+00
-9.205557809228906763e+00
-6.844570642307868269e+00
-2.079109485937207236e+00
-9.254375689184488607e+00
-7.993732941407545312e+00
-2.253923833449313907e-01
-2.054398041358104443e+00
-2.457376238656419076e-01
-7.423489403402864006e+00
-4.116202303693000886e+00
-5.067352116786198124e+00
-3.612734297415948870e+00
-7.323412385703339744e+00
-1.144632259798811447e+00
-4.748147168330601353e+00
-4.430293048182279314e+00
-1.558421055816885392e+00
4.619735069200023858e-01
2.665253468396638681e+00
-6.449622704449282651e+00
-1.624606598872118113e+01
-7.417166903907512321e+00
-1.277731586707664135e+01
-1.220465995132372683e+01
-1.312594077780098090e+01
-1.397711041757291994e+01
-9.865019540013697963e+00
-9.465195884141296645e+00
-7.200999425474440940e+00
-1.241128416473633678e+01
-1.079216181645779926e+01
-1.606147992580650907e+01
-1.216294821888578248e+01
1.781000134734867402e+00
-6.693337928359065714e+00
1.182215898193952341e+00
-2.095524386402930261e+00
-1.760375460977805062e+00
6.345266168681042984e-01
8.751473971564962540e-01
1.020452354534402417e+00
-1.202237367855566674e+00
-5.414202018767273472e+00
-4.412411947267388612e+00
8.300352492841227559e-01
8.902407132288203684e-02
-4.350060817773000466e+00
-5.386936243299949467e+00
1.974897243371078304e+00
-2.582866932734203758e+00
-7.315748041387085010e+00
1.071211476693854081e+00
2.331348705077321171e+00
9.241210762130076972e+00
8.146545627565238590e+00
6.025813348046384021e+00
1.000662276366405834e+01
5.737671677470935094e+00
2.638118878095355058e+00
3.791060207779779034e+00
8.833642619696998821e+00
7.810124443361821989e+00
2.634590076107333090e+00
6.165157491244617205e+00
2.981976863978989201e+00
8.507196765030755614e+00
-8.858614457758550387e+00
-5.181752631228945916e+00
-2.906810460082155601e+00
-6.527379227058041522e+00
-7.564959547318293787e+00
-1.047553281945369008e+00
-7.142765682082332646e+00
3.914150489940837474e-02
-8.230161480126440665e+00
-5.980959746354010065e+00
-5.737063256942448675e+00
-8.728864016408733661e+00
-4.799694819515888611e+00
-6.406321211922463732e+00
-4.910998281816588928e+00
-1.638783938513839189e+00
-2.469592475592918390e+00
-4.588306016951584354e-01
-2.746491134319420269e+00
2.331216656591827530e+00
7.305601943440294122e-01
1.498344671153152063e+00
5.368931336137364951e+00
2.232394201139886292e+00
2.247096584258329699e+00
2.147584308501222949e+00
1.468475304639124346e+00
3.599567949310426229e+00
-1.412434299354963230e+00
5.707982411537155798e+00
1.170210986911143181e+01
9.130327474937104171e+00
6.092283375005102641e+00
6.724494010028976732e+00
9.137564538303539763e+00
7.764312485864749647e+00
7.331490677324779881e+00
5.605513849716473374e+00
7.556172787572069893e+00
1.163382108193041731e+01
4.092433362483856030e+00
8.444530714426438323e+00
9.620173614613058533e+00
7.703704182242521625e+00
1.543729008125531266e+01
7.428752390015972651e+00
6.618584150801460453e+00
-1.187053074295434918e+01
-1.426454312160089444e+01
-1.024652610058646118e+01
-1.632860508288508328e+01
-1.518716664248619708e+01
-2.035460543122172439e+01
-2.129177807374025377e+01
-1.657253742863743895e+01
-1.667162084919846876e+01
-1.918176303964184015e+01
-1.687605348001090277e+01
-1.394088746142166535e+01
-1.499568462640575817e+01
-1.640688678324324812e+01
-8.940556401928295926e+00
-8.411816296244797542e+00
-5.077353614400415438e+00
-5.117368725189766820e+00
-9.995698497542017336e+00
-9.259178115510296792e+00
-8.104731189758286547e+00
-7.428726467088406338e+00
-4.709107598135048534e+00
-8.075962967522661629e+00
-2.968920927462260551e+00
-3.404011457350037517e+00
-6.094252104901161537e+00
-8.868241979538449726e+00
-7.619724695793415492e+00
-1.073411851637733960e+01
-1.385963290397582170e+01
-6.800506096972543268e+00
-5.848590185848390632e+00
-7.761743875615402466e+00
-1.073279056725414371e+01
-6.230970114764931012e+00
-7.608161421084034259e+00
-7.753433201326780377e+00
-4.767052171079049216e+00
-2.872655235339601987e+00
-5.186651583533313570e+00
-7.205599432677827210e+00
-1.986975695090350769e+00
-7.765896949868356103e+00
-6.660382559333244856e+00
-7.250855147514000620e+00
3.435335431228700998e-01
1.887743023281696964e+00
-1.759036120361752609e+00
2.380733423340934962e-01
-4.501392439196539641e+00
3.035630816882459726e+00
3.405049989008084310e+00
-4.842525920000404938e+00
-5.834470999836085525e-01
-1.468849108214840271e+00
4.529439164381816596e+00
4.084002411117428899e+00
-4.310532952193360856e+00
-1.433962034771852245e+00
1.770392392612214039e+00
6.138511891627054240e+00
-1.354166453844234397e+00
7.818280807356627449e+00
2.706384862315101003e+00
3.945322007344456594e+00
4.382565164039760930e+00
9.200827748714086596e-01
8.688325242996778996e+00
1.194550179695475833e+00
1.950961803268146610e+00
4.174994904705327414e+00
3.750774364146021611e+00
6.712506259180603507e+00
1.298772583002732972e+01
5.000375389034118712e+00
1.183853851905230137e+01
7.416407803273852295e+00
8.504714767254448304e+00
8.585265846123178335e+00
1.014775666285953903e+01
3.179554278844722859e+00
7.949636147899267868e+00
1.090510719510155724e+01
6.727347796480607656e+00
8.624131784382953470e+00
6.218161007552652109e+00
1.210409648134772809e+01
1.357215245374579382e+01
1.406914828879382640e+01
4.954152808730906798e+00
3.725442092745474554e-01
-1.179407072582353777e+00
8.497872433607021492e+00
1.353252365058779105e+00
5.595911931395342265e+00
2.218419431524917940e+00
-2.480137671678249944e+00
-1.672624035179342883e+00
3.977779557174272895e+00
1.056780120274818913e+01
1.798604397845586789e+00
4.150346138498953508e+00
6.845770581116319420e-01
-1.473098804293368147e+00
1.046151452099182677e+01
-2.827070517228040814e+00
3.241440240505465198e+00
5.047708383051066505e+00
1.491157311298760746e+01
1.645587431568205616e+01
7.401762732119010479e+00
1.216323010721033526e+01
1.680223652665387135e+01
1.880065730293410908e+01
1.606977971481206779e+01
1.451981348268963146e+01
9.501232401656526605e+00
6.199700474839339392e+00
7.581641267045462484e+00
1.523418017263873381e+01
1.161809693056966708e+01
1.149547415092013836e+01
1.609162232988543906e+01
6.560639084731835879e+00
1.749977768531980260e+01
1.303864385456875041e+01
1.553123026365722836e+01
1.101966014912406422e+01
1.043533228223728315e+01
6.878416598366342782e+00
1.521325870163532556e+01
1.425627966004723035e+01
1.348318683730427736e+01
1.116618397985358513e+01
1.348819184896128576e+01
1.586798744576219278e+01
1.585470938572473543e+01
1.543629557639784977e+01
9.886703750051594852e+00
2.147145718782429924e+01
1.496379991303052748e+01
1.682010049936651086e+01
2.028620549627218850e+01
1.592176087823616371e+01
2.503926928354266934e+01
1.875094872205482233e+01
2.024387995399749229e+01
2.371125054966013224e+01
1.527742085205237998e+01
2.156001207325357782e+01
1.735653000885901420e+01
1.767808853957495430e+01
2.028200822955271576e+01
2.096793270167515288e+01
2.228939994703297955e+01
1.756173706028070569e+01
2.239954493957259984e+01
1.978619728348355977e+01
1.903437948210682862e+01
1.765331537212355784e+01
2.639656102493331957e+01
2.153809714573002410e+01
2.387055199829997321e+01
2.685681371010564078e+01
2.899749567009528661e+01
2.345412395818584983e+01
2.566502162324665548e+01
2.424441312363700618e+01
2.126282519716556152e+01
2.210823686569639079e+01
3.687814202505808936e+01
3.414427825560030527e+01
3.790863408106514498e+01
3.508870089671853520e+01
3.550425021493479250e+01
3.822154172641529613e+01
3.287965506364470514e+01
2.996575933393758717e+01
3.552216660249764857e+01
3.363136046485701058e+01
3.474573433001719991e+01
3.573096821497870224e+01
3.787843335001217326e+01
3.854763370419168211e+01
3.262862189036002292e+01
3.821724346066408629e+01
2.804752027284937554e+01
3.528427719765272741e+01
2.956631788145191209e+01
7.313885882291454976e+00
6.739834694732419251e+00
9.258595920979967531e+00
4.213158401601894809e+00
-4.723427381504151867e+00
-2.939603601390725629e+00
6.050177717148308432e-01
8.477322108045296289e+00
1.029298391792127987e+01
1.132322176836559535e+01
1.033807697239550549e+01
8.481822441658845690e+00
1.178715717142797104e+00
5.566105717318695412e+00
1.506738149796634119e+01
-1.526670248879860026e-01
8.599524710777565417e+00
1.379900498172330181e+01
1.878919169510012921e+00
1.170961404153680974e+01
3.539779451785051378e+00
3.282037374631890714e+00
8.320822024918658855e+00
1.281416716874904438e+00
1.772558144127830104e+01
4.270907654549453980e-01
1.647905980108555113e+01
1.467501819107807037e+01
1.064492961952200467e+01
1.784373084123869546e+01
1.779839694660019234e+00
4.313565418663472428e+00
5.511789099680411752e+00
2.814369258165340781e+00
1.787055059599335038e+01
1.603016669194574106e+01
1.565360312996799408e+01
1.863600863902998839e+01
2.108252789443542241e+01
2.576126758084171797e+01
2.715159708353018431e+01
2.397726510097173502e+01
1.803021633175335836e+01
2.836831138723950829e+01
2.010809000184135442e+01
2.501842241098942665e+01
2.392446767678320185e+01
2.066783217542197093e+01
2.883287816859469643e+01
1.491433561001069208e+01
2.508573919892235438e+01
1.484448507942221340e+01
2.403481590075715957e+01
3.019494086485316942e+01
1.858458883503364234e+01
2.666982087457391515e+01
3.261327932681844999e+01
2.048564385792026954e+01
3.140700861450914871e+01
1.748926639158704432e+01
2.580332840122558835e+01
1.687253441811410681e+01
3.169696993483402636e+01
2.784182879978059688e+01
3.757078886636578829e+01
3.708808745995287381e+01
2.560080011662624955e+01
2.941438631544827942e+01
2.377701738417377797e+01
2.553669228182388196e+01
3.704177875194051239e+01
2.108584767879585442e+01
1.454088417472714490e+01
1.074135047695345513e+01
8.559967242157270562e+00
1.007458335962451201e+01
1.179353893439239798e+01
1.674357056942491084e+01
1.707594286031563513e+01
7.448022652515499331e+00
1.855133340477086179e+01
7.152236732974490252e+00
6.846869443811576694e+00
9.908252579525838044e+00
1.819419886661039953e+01
1.046800168051032287e+01
1.436275822863033014e+01
1.374587779616509309e+01
1.215340228731684924e+01
1.846290402164094502e+01
1.087077243756784384e+01
9.474916985636095745e+00
1.975662403166410286e+01
8.278245367992580483e+00
9.274278835488363626e+00
1.697171545984762986e+01
6.931404212448773805e+00
1.143179094471117629e+01
1.005639084914550985e+01
1.660843255935988338e+01
1.795323787573802221e+01
4.840779340678444953e+00
1.626879492820572182e+01
